id,t,y,d,x
1,0,-.4777921744543999,0,-.3364529953217967
1,1,-.036896215876159,0,-.3364529953217967
2,0,.1214752536405909,.9759328835296283,-.3118225843741566
2,1,.5366655243109102,.9759328835296283,-.3118225843741566
3,0,.4580488249830273,.2517443234990054,-.6299439355145207
3,1,.0256381219892591,.2517443234990054,-.6299439355145207
4,0,.3107595331463003,.7715408925158388,-2.35607236292151
4,1,-.5001914202299048,.7715408925158388,-2.35607236292151
5,0,.697801698990953,.3585615576354896,-.9048204521415699
5,1,.5694469805789968,.3585615576354896,-.9048204521415699
6,0,.6291897740108829,.5932633883580235,-.26059585904257
6,1,.9341083316536092,.5932633883580235,-.26059585904257
7,0,-.9678726071233937,.1192225278738294,.8527449705273881
7,1,-.8189713003254013,.1192225278738294,.8527449705273881
8,0,.7562020510815533,.5640546760849986,-.6264269765572509
8,1,.3932199144697962,.5640546760849986,-.6264269765572509
9,0,-.0239400552680909,.7433948798754902,.2912917122106704
9,1,.7265423735545771,.7433948798754902,.2912917122106704
10,0,-.0080531663653917,0,-.0659622026388373
10,1,-.5317361505656151,0,-.0659622026388373
11,0,.3904847823427167,.637078278969866,1.88402793528164
11,1,1.125061061275909,.637078278969866,1.88402793528164
12,0,-.1061237580170345,0,1.104124611612637
12,1,.2785587084783093,0,1.104124611612637
13,0,-.1668531640185746,0,.0280532383174806
13,1,-.2943915806722824,0,.0280532383174806
14,0,-.144681963332944,0,-.1803587004884085
14,1,-.1315124833667166,0,-.1803587004884085
15,0,1.064110823678843,.8825676740892431,-.0834514225277706
15,1,1.178137953982805,.8825676740892431,-.0834514225277706
16,0,-.7211076821018831,0,.3798855880092405
16,1,.354422622408522,0,.3798855880092405
17,0,-.2033105588869377,0,.6237904461456464
17,1,.7978408251620897,0,.6237904461456464
18,0,.1444997449854755,0,-1.209270860447614
18,1,-.1330369721053164,0,-1.209270860447614
19,0,-.8551645716225365,.3412241598805558,.614005453678176
19,1,-.0349626939160744,.3412241598805558,.614005453678176
20,0,-.7952677489102402,.0876057892459626,.4643957595624179
20,1,-1.19844749388623,.0876057892459626,.4643957595624179
21,0,-.6954290537532848,.616274407145189,-.3759248675462233
21,1,-.5102415602428322,.616274407145189,-.3759248675462233
22,0,-.591412796289489,0,.3753835398028861
22,1,-.8546392071817018,0,.3753835398028861
23,0,-.3067457819990723,0,.5600184008880039
23,1,-.2157522294089853,0,.5600184008880039
24,0,-.2150950082477493,0,1.081406530436829
24,1,1.105147273594356,0,1.081406530436829
25,0,.361514386270112,0,-1.348016082173658
25,1,.4693436016595943,0,-1.348016082173658
26,0,-.4157183127588839,.8365381109272397,.60098727183775
26,1,.5808326349507411,.8365381109272397,.60098727183775
27,0,.5711676621865365,.5264809329359724,-.2062642292628744
27,1,-.0676545442163945,.5264809329359724,-.2062642292628744
28,0,-.6292212274940525,0,-1.160839248493048
28,1,.5162465083429939,0,-1.160839248493048
29,0,-.501458538564253,0,-.1517858679101992
29,1,-.7759475363021261,0,-.1517858679101992
30,0,-.5791106523511682,.7227083333537904,.4508322495166829
30,1,.4204483161430694,.7227083333537904,.4508322495166829
31,0,.4974291828266134,0,.9818250425582564
31,1,.9223471250348214,0,.9818250425582564
32,0,.5110724077697993,.6466231633371317,-.3294498297530496
32,1,1.39002394067262,.6466231633371317,-.3294498297530496
33,0,.0493497266965552,.3179648451871796,-.5349529983729453
33,1,-.5711804163509026,.3179648451871796,-.5349529983729453
34,0,.9405783711465325,0,-.527533925162215
34,1,.2568501692008465,0,-.527533925162215
35,0,.1394442639322369,.1397800130678731,.7387527434539176
35,1,.7344259942835079,.1397800130678731,.7387527434539176
36,0,-.2437916470264158,0,.7312507477897547
36,1,1.242035429676509,0,.7312507477897547
37,0,-.5216968307058382,0,-.1293811161797564
37,1,.4650333896694319,0,-.1293811161797564
38,0,-.7553598017583272,.0622821588799781,-.4481266766001472
38,1,.4672888865507407,.0622821588799781,-.4481266766001472
39,0,-.2200292786987685,0,.0508008158904104
39,1,-.4366431294512566,0,.0508008158904104
40,0,-.0628011221639321,.768703370620876,.3303762175371069
40,1,-.3903395880695307,.768703370620876,.3303762175371069
41,0,-.1434315268354808,0,-1.584481642172445
41,1,-.582571527340674,0,-1.584481642172445
42,0,-.0017082049087564,0,-.6567369402409243
42,1,.1464995510260833,0,-.6567369402409243
43,0,.0569049224524494,.3672570669044769,1.323718815211287
43,1,2.115410417324838,.3672570669044769,1.323718815211287
44,0,-.0416424359244813,0,.3874376267247773
44,1,-.2334343996458193,0,.3874376267247773
45,0,-.6324567713922993,0,-.8390281017695079
45,1,-.8457382768697865,0,-.8390281017695079
46,0,-.5822327415712539,.8446941025314231,.2599883598129477
46,1,1.095268948917389,.8446941025314231,.2599883598129477
47,0,-.3809971499486656,0,.2573158507822963
47,1,-.7345779031827232,0,.2573158507822963
48,0,-.1745759960918758,0,1.05528651513583
48,1,-.0197387402523285,0,1.05528651513583
49,0,.7055590005049137,.9542644851585075,.1197252713905771
49,1,.8061682043875431,.9542644851585075,.1197252713905771
50,0,.3687355129432335,.4345640263103508,-.1133278250441267
50,1,.8460430787301501,.4345640263103508,-.1133278250441267
51,0,-.2518487750911375,.1814838349690316,-.0201529801580812
51,1,-.4365884860050432,.1814838349690316,-.0201529801580812
52,0,-.2763816019360322,0,-1.547879918629165
52,1,-.3386582242949333,0,-1.547879918629165
53,0,.5478938431470718,.2373705697830087,1.010421615799577
53,1,.3801567082367288,.2373705697830087,1.010421615799577
54,0,.4175220645857942,0,.8925858563650534
54,1,.704004146271384,0,.8925858563650534
55,0,-.4269298043984951,.057143250596308,-.089254806378908
55,1,-.510383824932009,.057143250596308,-.089254806378908
56,0,-.6493085720275825,0,1.64534099815805
56,1,-.6152744101274985,0,1.64534099815805
57,0,.9276039190550567,.1538737736855881,-.0791150639212703
57,1,1.405479392487373,.1538737736855881,-.0791150639212703
58,0,.292060277073243,0,-1.731287785542079
58,1,-.0519515923287064,0,-1.731287785542079
59,0,-.5760460268886012,0,-.4466686103330826
59,1,-.668872744335271,0,-.4466686103330826
60,0,1.329845971880952,.17141694690067,-.0434420535613969
60,1,.6966334077870731,.17141694690067,-.0434420535613969
61,0,.2300364841276485,.6419688413350469,-.15313690530279
61,1,.2520195995375977,.6419688413350469,-.15313690530279
62,0,.2308716871785125,.7581921181003052,.0082962945699413
62,1,.936980439289078,.7581921181003052,.0082962945699413
63,0,.2238663358235573,0,.2492412002285679
63,1,-.1197047236278202,0,.2492412002285679
64,0,.9350283630614039,.743195435989319,-.1028051845649306
64,1,.3620228632805603,.743195435989319,-.1028051845649306
65,0,-.4088107060325464,.9033901819480396,1.980462178779689
65,1,1.367743401078119,.9033901819480396,1.980462178779689
66,0,-.4990957050495999,.3812034355231569,-.3251917718766791
66,1,-.6128051452121882,.3812034355231569,-.3251917718766791
67,0,-.5001521213530652,0,.2505617399008275
67,1,-.9556199815161518,0,.2505617399008275
68,0,1.11200164272274,0,-.2073547869991063
68,1,.4661457019508064,0,-.2073547869991063
69,0,.4161043537504023,0,.2951202799063453
69,1,-.1216837485618393,0,.2951202799063453
70,0,.6644100155746794,0,-2.097671335104353
70,1,-.4392175910229926,0,-2.097671335104353
71,0,-.0633626980075003,.2167298007490913,1.728554708428141
71,1,.2078256690155877,.2167298007490913,1.728554708428141
72,0,-.8410143625765389,0,.6212631701716462
72,1,-1.057064829307731,0,.6212631701716462
73,0,-.268505711692796,0,.129037875667804
73,1,-.7616367957592901,0,.129037875667804
74,0,.0636410279356269,0,-2.49398384333069
74,1,.3370065508193902,0,-2.49398384333069
75,0,-.4376921841418399,.9060076886102594,.2174404236758641
75,1,-.0526019507724129,.9060076886102594,.2174404236758641
76,0,.2575817747845816,.9502822774070047,.9700410892242198
76,1,1.795989151674514,.9502822774070047,.9700410892242198
77,0,.0874713674614317,0,.2535373893904996
77,1,.6755652798633907,0,.2535373893904996
78,0,-.0909030082470019,0,-1.824925280518197
78,1,.3231633551354013,0,-1.824925280518197
79,0,.4574045460470344,.406468738062339,-.2661371653826866
79,1,.1015768735633206,.406468738062339,-.2661371653826866
80,0,.3684919000402108,.5101154992530564,-.2097842637533688
80,1,-.0700503951002179,.5101154992530564,-.2097842637533688
81,0,-.013888747510645,.9330985322938953,.2295829874428933
81,1,-.0977776111746764,.9330985322938953,.2295829874428933
82,0,.2150461003404303,.241751548393499,.1494078649652938
82,1,.3733774549011164,.241751548393499,.1494078649652938
83,0,-.0397368913836715,0,-2.144632773351037
83,1,-.1515746675131054,0,-2.144632773351037
84,0,.3621022837498133,0,-1.480509302122963
84,1,.3201791482781847,0,-1.480509302122963
85,0,1.047467098642675,0,.4546652737733081
85,1,-.0247000192983824,0,.4546652737733081
86,0,-.0123356520239237,.5009101776136536,-1.090022878277675
86,1,-.2068793727008531,.5009101776136536,-1.090022878277675
87,0,1.057668671735068,0,-1.164724582822199
87,1,.1707589248767394,0,-1.164724582822199
88,0,-.1107523521126472,0,-2.031132079751043
88,1,-.5330682301411629,0,-2.031132079751043
89,0,.7653550728337737,0,.1935889255235968
89,1,.1097842782179723,0,.1935889255235968
90,0,-.2483878622235246,.1775810446220737,-1.685167224694862
90,1,-1.780275739824933,.1775810446220737,-1.685167224694862
91,0,-.6799748838589392,0,.0878917056951981
91,1,-.1549506048692793,0,.0878917056951981
92,0,-.6002834111051287,0,1.617498608938119
92,1,.8769891960061238,0,1.617498608938119
93,0,.4475001289728358,0,-.7077334085982194
93,1,-.321816734435652,0,-.7077334085982194
94,0,-.5508114574105161,.2084860432949903,2.768505373876351
94,1,1.225512998508885,.2084860432949903,2.768505373876351
95,0,.0448731557108996,0,-.2602538056145941
95,1,.0801141875866805,0,-.2602538056145941
96,0,.1444917930626865,.147196231633458,1.63029770742761
96,1,.2007261517729233,.147196231633458,1.63029770742761
97,0,.7329386422491695,0,-1.106204604767899
97,1,.1776734110305572,0,-1.106204604767899
98,0,-.2195312736183626,0,.35019725553922
98,1,.6499862242596685,0,.35019725553922
99,0,-.11980591011703,.021519488323189,1.118338509434647
99,1,.645117969203308,.021519488323189,1.118338509434647
100,0,.4574929529936204,.34491760126536,-.8655040209335866
100,1,-.2531841324580962,.34491760126536,-.8655040209335866
101,0,-.3229263802269279,.974951191545962,-.1615089044440802
101,1,.0368983863904814,.974951191545962,-.1615089044440802
102,0,.5626999172940506,.9926327026808596,-.255195082438084
102,1,1.858691693627536,.9926327026808596,-.255195082438084
103,0,-.4887684525921581,0,-.8490576958581606
103,1,.3227499971460241,0,-.8490576958581606
104,0,.0247822661048855,.0940260728288517,.9516688905072535
104,1,-.1605983859792513,.0940260728288517,.9516688905072535
105,0,1.171487976471851,0,-.1646845320953799
105,1,.2898161062164021,0,-.1646845320953799
106,0,-.3266447527346604,.225107206449697,.2179797017284879
106,1,.5546706357186154,.225107206449697,.2179797017284879
107,0,-.5992127027337218,.0513237195693198,.1401833753782087
107,1,.2166626185252877,.0513237195693198,.1401833753782087
108,0,.3079723386456621,.3428528930458835,.1120021361077854
108,1,1.591330063205338,.3428528930458835,.1120021361077854
109,0,.1797050828779074,.1221252373788021,.8605110498391971
109,1,-.1516566527159334,.1221252373788021,.8605110498391971
110,0,1.272219906701502,.8884232547228604,.4239208430424563
110,1,1.400362501499273,.8884232547228604,.4239208430424563
111,0,.0145917258476699,0,.2016859194910059
111,1,-.0952971887509578,0,.2016859194910059
112,0,1.291237521573886,.5063490034796286,-.6572788093241967
112,1,.0748948146583149,.5063490034796286,-.6572788093241967
113,0,.6424547101830644,.1937707077362797,1.628597542090911
113,1,.4416290315312775,.1937707077362797,1.628597542090911
114,0,1.22325561032428,0,.77477910283087
114,1,.8643760476615969,0,.77477910283087
115,0,.139717773213832,0,-.6286490260121419
115,1,-.1305864709928636,0,-.6286490260121419
116,0,.2078317542220362,0,-.73681669784274
116,1,.4105076270492584,0,-.73681669784274
117,0,-.6611756106652869,0,1.58977521274214
117,1,-.7474136550911664,0,1.58977521274214
118,0,-.0412000464558164,0,-.5534928799904083
118,1,-.6309008686328093,0,-.5534928799904083
119,0,-.3742490260923644,.4870255980441854,1.370982233281296
119,1,.1508021792346204,.4870255980441854,1.370982233281296
120,0,.0412183899367518,.6784310793734657,.1639228055110639
120,1,.5622014483326814,.6784310793734657,.1639228055110639
121,0,-.2680965063260561,.0050849051351164,2.399735513393829
121,1,.3814764514945045,.0050849051351164,2.399735513393829
122,0,.0066745120869136,.4045223980417559,.5781274494474601
122,1,.7306244801431121,.4045223980417559,.5781274494474601
123,0,.1153792726740618,.3342253597424253,-.1291344347020868
123,1,.5317558523813896,.3342253597424253,-.1291344347020868
124,0,-.2572872358080628,0,-.8604645657120525
124,1,-1.3625664049168,0,-.8604645657120525
125,0,-.3608289553162438,0,-.9046291871818745
125,1,-.7272245861019505,0,-.9046291871818745
126,0,.3415506134719402,0,-.4430501947841579
126,1,.2862744833680145,0,-.4430501947841579
127,0,.3512542725484069,0,-.6372636414307163
127,1,-1.321009306415923,0,-.6372636414307163
128,0,-.1803123716631451,0,.2610656385278053
128,1,.6730670303491295,0,.2610656385278053
129,0,.5264749529219455,.6520269880615018,2.614782093751873
129,1,2.37233051386433,.6520269880615018,2.614782093751873
130,0,.1919422068184314,.5959801101805208,-.1472207279027647
130,1,-.0142078311503261,.5959801101805208,-.1472207279027647
131,0,.1353572178028515,0,.7550982863694774
131,1,.9425747021214848,0,.7550982863694774
132,0,-.2506690435950323,.5417612515333975,.2755085842770448
132,1,-.0016588546577009,.5417612515333975,.2755085842770448
133,0,-.8514718791751084,.286088277591709,1.102277214901851
133,1,-.1405016023062844,.286088277591709,1.102277214901851
134,0,-.4013489611850255,0,1.307636761026438
134,1,-.13568970755779,0,1.307636761026438
135,0,-.7933465261235757,0,-.7089148954250373
135,1,-.88651134039382,0,-.7089148954250373
136,0,.4283121437592156,.5830427614690065,-.3970503203328052
136,1,.8949485280018835,.5830427614690065,-.3970503203328052
137,0,-.3173492762208053,.2945188013137391,1.683732014675043
137,1,.5019363398684886,.2945188013137391,1.683732014675043
138,0,-.1869786612636234,0,.1799317662849209
138,1,.1101684448325091,0,.1799317662849209
139,0,.4465939066623004,0,2.080160305834963
139,1,1.634985708637222,0,2.080160305834963
140,0,-.3326625747353443,.6460369469272461,-.1199919200984214
140,1,.4914358076188261,.6460369469272461,-.1199919200984214
141,0,.9508908524890894,0,-.7328665424184919
141,1,-.2480976121916034,0,-.7328665424184919
142,0,.1522458410153396,.842282961122773,.3079351015615678
142,1,.3743116742106539,.842282961122773,.3079351015615678
143,0,.2150238451439037,.0699623628282445,-.4993209384850213
143,1,-.2250035419446537,.0699623628282445,-.4993209384850213
144,0,.8392369848369247,0,-.5359491938188171
144,1,.4035045481782871,0,-.5359491938188171
145,0,-.517000873079713,.8435395388580201,-1.188135124319432
145,1,.1282790210678527,.8435395388580201,-1.188135124319432
146,0,.1807745057856004,0,.8683084789815194
146,1,.2084481887219861,0,.8683084789815194
147,0,-.0352895449878058,.8447001054964695,2.205807329724518
147,1,1.595250853724295,.8447001054964695,2.205807329724518
148,0,-.9127433550966089,0,-1.944481118192034
148,1,-1.334243858696674,0,-1.944481118192034
149,0,.3444110769481068,.5773904534808135,2.046573334529416
149,1,1.409654215033008,.5773904534808135,2.046573334529416
150,0,.0936058343127177,0,-.3100900713865503
150,1,-.533615238141551,0,-.3100900713865503
151,0,-.4882950666986045,0,-1.601622309126231
151,1,-.4804946146026315,0,-1.601622309126231
152,0,.3099738039101889,0,-.4701219877502583
152,1,1.482023316704176,0,-.4701219877502583
153,0,.7393452189642559,0,-.1292136132525891
153,1,-.2437753892562206,0,-.1292136132525891
154,0,.0520173449876338,0,-1.007021374033326
154,1,.5466019588065422,0,-1.007021374033326
155,0,-.005972095656417,0,-.7472662132083806
155,1,-.1008186717289359,0,-.7472662132083806
156,0,.0774233696674861,0,.5148038524370679
156,1,.9881263099431183,0,.5148038524370679
157,0,.1904021345224146,0,-.0275657014625598
157,1,-.9239224588621193,0,-.0275657014625598
158,0,-.1318668384877166,.7550973513479488,1.207378808247217
158,1,1.032566616019853,.7550973513479488,1.207378808247217
159,0,.5723288998267779,.4310976038577049,-1.266106417483631
159,1,-.242737653074255,.4310976038577049,-1.266106417483631
160,0,-.4721933392334411,0,-.2111613248734616
160,1,-1.157729444178183,0,-.2111613248734616
161,0,-.6264725428132256,0,-1.25651999831888
161,1,-.05171080940291,0,-1.25651999831888
162,0,-.6652389005593897,.1565440556760643,.0072880052020676
162,1,-.662262244355637,.1565440556760643,.0072880052020676
163,0,.2512060288503042,0,1.737344188315619
163,1,-.0575535304757255,0,1.737344188315619
164,0,-1.067855635704136,.5681318552454756,2.472557300865877
164,1,1.314566917157622,.5681318552454756,2.472557300865877
165,0,.2990175741237769,.0940561561727468,.5269789270674929
165,1,.9296401733497202,.0940561561727468,.5269789270674929
166,0,.3745223465959298,.9692729448299168,1.834680213724301
166,1,1.43332924257768,.9692729448299168,1.834680213724301
167,0,1.039293767153534,.4178975287917616,1.326928423992809
167,1,.7127744119331643,.4178975287917616,1.326928423992809
168,0,.0218225358949339,0,-.1533021252093225
168,1,.6637699733388254,0,-.1533021252093225
169,0,.7652823871060199,.0021152785885413,1.125341356373087
169,1,.1456907282706768,.0021152785885413,1.125341356373087
170,0,-.1929960597669185,.339081340931897,.0136153880060895
170,1,.0287439767314026,.339081340931897,.0136153880060895
171,0,1.095416920497125,0,-1.116689780853027
171,1,.7412384681672088,0,-1.116689780853027
172,0,-.1985078968333511,0,.3214913676238904
172,1,.0053032034109904,0,.3214913676238904
173,0,-.0858845071055326,.3524792083140761,-.3668925678061034
173,1,.2402653666223363,.3524792083140761,-.3668925678061034
174,0,-.0298241158807225,0,-.2487109515644178
174,1,.5749860058835474,0,-.2487109515644178
175,0,-.0568685141904203,.06406882666988,.5810957988880501
175,1,-.3568115386517111,.06406882666988,.5810957988880501
176,0,.4032460555356471,.8227090995742584,-.3645474230908238
176,1,-.0311184407089185,.8227090995742584,-.3645474230908238
177,0,.909861591774158,0,.9072234965536338
177,1,.407964289782446,0,.9072234965536338
178,0,-.3220973036749375,0,-1.098135138416702
178,1,-.3375900366017096,0,-1.098135138416702
179,0,-.4922566221983716,.3702442774010609,-.3327575736861087
179,1,.9537600716621579,.3702442774010609,-.3327575736861087
180,0,.2515697137452216,.4301784110188761,.9093095166092499
180,1,1.250364171117783,.4301784110188761,.9093095166092499
181,0,-.9386546429550124,0,-1.126485848560128
181,1,-.6105292945130267,0,-1.126485848560128
182,0,.3682052936566955,0,-.6729371273869353
182,1,.3730264598186244,0,-.6729371273869353
183,0,.3970172268143241,.3367484446294103,.169855434525736
183,1,.6717303122848668,.3367484446294103,.169855434525736
184,0,-.8502598079250183,0,-.8601472512569993
184,1,-.7356922760159976,0,-.8601472512569993
185,0,.3314472524987647,.3747494947325213,.135653475107057
185,1,.6404701002265678,.3747494947325213,.135653475107057
186,0,-.4652966764237589,.7346463667489563,.0061087589529302
186,1,-.49626430178004,.7346463667489563,.0061087589529302
187,0,.7721574136832643,0,.9783687555479224
187,1,.0924855033138955,0,.9783687555479224
188,0,1.263382421004625,0,-1.228286831039156
188,1,.5613029388407313,0,-1.228286831039156
189,0,-.2653148373979712,.4696823873469101,.7430289585089453
189,1,.9344428648597657,.4696823873469101,.7430289585089453
190,0,-.378107561321575,.0817138694377301,.3509608508540464
190,1,-.0643639451548553,.0817138694377301,.3509608508540464
191,0,-.9188649418369386,.5311087157184339,1.457100125332683
191,1,.4444497791368098,.5311087157184339,1.457100125332683
192,0,-.1299518667298734,0,.4137743510432569
192,1,-1.202957048227831,0,.4137743510432569
193,0,-.1248331401077222,.6481017219881876,-.0562837567969355
193,1,1.255379403112802,.6481017219881876,-.0562837567969355
194,0,-.4979223928631403,0,.5041602184927541
194,1,-.3912069709646286,0,.5041602184927541
195,0,-.0640944978089474,.2065727915168728,.0459697240489184
195,1,-.8362857261088924,.2065727915168728,.0459697240489184
196,0,-.8831933751914495,0,-1.43046216008169
196,1,-1.178064015050623,0,-1.43046216008169
197,0,-1.495788711416109,0,-.7244296634421779
197,1,-.0043766291219266,0,-.7244296634421779
198,0,.9829677278044818,.4390037336462421,-1.487914507264539
198,1,.3162005719068055,.4390037336462421,-1.487914507264539
199,0,.5089737329709451,0,-1.311732768237301
199,1,-.0876785118001822,0,-1.311732768237301
200,0,-.2393917572787267,0,-.7222320338512171
200,1,.5637000979809978,0,-.7222320338512171
201,0,.3179347645721011,0,-.7134344338994002
201,1,.4975866119123671,0,-.7134344338994002
202,0,.1494283489106238,.6825591025520753,.5739822720831429
202,1,.8671763818653774,.6825591025520753,.5739822720831429
203,0,.7808794458735191,.9258547460524676,1.106106820859971
203,1,.6650919424555741,.9258547460524676,1.106106820859971
204,0,.0811640154163699,0,.9974980194944667
204,1,-.0438884420694076,0,.9974980194944667
205,0,.855945320328781,0,-.323619534584285
205,1,-.0862640665157948,0,-.323619534584285
206,0,.2242057500719143,.1859894848766942,-.2473664487272703
206,1,.472019845993523,.1859894848766942,-.2473664487272703
207,0,-.4011512395086445,0,.1801598232791007
207,1,-.6990363781482376,0,.1801598232791007
208,0,-.6593261041838329,0,-.0377893378700623
208,1,-1.470335268372657,0,-.0377893378700623
209,0,.5479173145283989,0,-.5795396523608796
209,1,-.5684792476999327,0,-.5795396523608796
210,0,-.4876692019729187,0,-.1520272284116322
210,1,-1.099443373524219,0,-.1520272284116322
211,0,-.8680276688873515,.2015947446793224,-1.75003734376658
211,1,-.3031738350952555,.2015947446793224,-1.75003734376658
212,0,-.1941626665514039,.395072501261711,1.475520366548885
212,1,-.0679570502594852,.395072501261711,1.475520366548885
213,0,1.528568279910478,0,-.6935946219821245
213,1,1.392558057729677,0,-.6935946219821245
214,0,.2100358278792136,0,.04816712557732
214,1,-.2065654741734299,0,.04816712557732
215,0,.1933389777847332,.107418875242382,-.1053931832317688
215,1,.0134059654144852,.107418875242382,-.1053931832317688
216,0,-.5020721354280343,0,-.8984253443771126
216,1,-1.132042313559168,0,-.8984253443771126
217,0,-.7128979926261851,0,.4975090996553096
217,1,.4606927536472695,0,.4975090996553096
218,0,-.4609802104745832,0,-.256519185258834
218,1,-.1561602254039793,0,-.256519185258834
219,0,.1177138895051844,0,1.235277709145321
219,1,.1064220187988039,0,1.235277709145321
220,0,.5146697248268703,.1652611102477662,-.9663903856757652
220,1,.4259585297728792,.1652611102477662,-.9663903856757652
221,0,.7193352303792134,0,-.9023361596081884
221,1,1.106086531010984,0,-.9023361596081884
222,0,1.281001120064309,0,-.6418048956917701
222,1,.8043977786505029,0,-.6418048956917701
223,0,-.3367677378285341,0,-.9376737935542649
223,1,.2479700300955573,0,-.9376737935542649
224,0,1.117777538028555,.3821064655069341,-1.427485705312442
224,1,-.1149107764910747,.3821064655069341,-1.427485705312442
225,0,-.1661118215321312,.4342263695561862,1.740104603607583
225,1,.3292272032472692,.4342263695561862,1.740104603607583
226,0,.4062699625689375,0,-.4716744896628977
226,1,-1.072700003377907,0,-.4716744896628977
227,0,-.3345127547950079,0,.1125160606756207
227,1,.6737743588397941,0,.1125160606756207
228,0,-1.268085192205156,.4433753484390087,-1.09402410777652
228,1,-1.260525289172133,.4433753484390087,-1.09402410777652
229,0,-.1860234611593622,0,.3913863284422729
229,1,1.014296528254411,0,.3913863284422729
230,0,-.7284184166684269,.8868404077113571,.9429190586782514
230,1,.5831544660850443,.8868404077113571,.9429190586782514
231,0,.0203598918652532,.9420791875949154,1.556381246379633
231,1,.6659540259937174,.9420791875949154,1.556381246379633
232,0,-.2637027242048896,0,-.8771434301992277
232,1,-.3348399741460787,0,-.8771434301992277
233,0,.1405209021055439,0,.1030272809426636
233,1,-.0344637420353453,0,.1030272809426636
234,0,.8614707066616697,0,-1.08545765788545
234,1,-.2138107694053419,0,-1.08545765788545
235,0,.6692870532476762,0,.8822498136655265
235,1,.2943905775213593,0,.8822498136655265
236,0,-.0365693049388289,0,-.9959940161826696
236,1,-.0994317638296592,0,-.9959940161826696
237,0,-.608674107119544,0,-.9803002950101085
237,1,-.7148332741771184,0,-.9803002950101085
238,0,.786359036745383,.5732723695496594,-.355236861577779
238,1,.2791109632110514,.5732723695496594,-.355236861577779
239,0,-.0777572121968305,0,.1452468332749227
239,1,1.001385790029069,0,.1452468332749227
240,0,-.5941565944753969,.7369482264062733,.3358525881825363
240,1,.7191642217491776,.7369482264062733,.3358525881825363
241,0,.1290894656240162,0,-.5305194270221103
241,1,.0886251814094544,0,-.5305194270221103
242,0,-.3124712308921646,.4803927763403727,.4089734113862505
242,1,1.337453503409721,.4803927763403727,.4089734113862505
243,0,-.0908399135745732,.5798428061834008,-.7269584856154429
243,1,1.086123889347907,.5798428061834008,-.7269584856154429
244,0,-.6762056817054164,.0432988512999798,.7927394693572618
244,1,.9750122991852036,.0432988512999798,.7927394693572618
245,0,1.27267978873239,0,-1.548621095111078
245,1,.7782866764624876,0,-1.548621095111078
246,0,-.1435067474748181,0,-1.929357935686415
246,1,-.4122321688853373,0,-1.929357935686415
247,0,.606796714003133,0,-1.703702410410616
247,1,-.4245060840179314,0,-1.703702410410616
248,0,.5968804358148483,0,-1.113511829618038
248,1,.2011255877256869,0,-1.113511829618038
249,0,-.3025434635475897,.3150237986227046,1.184409988033485
249,1,-.0016813336055196,.3150237986227046,1.184409988033485
250,0,.7504252097462066,0,-1.688914935875531
250,1,-.9427017932025853,0,-1.688914935875531
251,0,.2343859707212425,0,.1649354742205089
251,1,-.3555820514288128,0,.1649354742205089
252,0,-.793020311891018,.5009436963097856,2.013258436521783
252,1,1.096171606730718,.5009436963097856,2.013258436521783
253,0,.1006775340518432,.9166759554636174,1.269247364580923
253,1,1.353663640634382,.9166759554636174,1.269247364580923
254,0,-1.138276624986241,.706849144663629,1.171719321448651
254,1,.7612437460374898,.706849144663629,1.171719321448651
255,0,.3063133638260009,0,-.7540582271778951
255,1,-.1733234308571419,0,-.7540582271778951
256,0,.8050635305515721,0,-.2871465339557077
256,1,-.1340120723616672,0,-.2871465339557077
257,0,.6845077798026336,0,-.6336300962767721
257,1,.6399269704251045,0,-.6336300962767721
258,0,-.318806256715732,.2394801445005751,1.151350698148696
258,1,-.7647026596331978,.2394801445005751,1.151350698148696
259,0,.3334213401829396,.1909036923069697,-.6815410285990497
259,1,-.9138039142601349,.1909036923069697,-.6815410285990497
260,0,-.1484846298432981,0,.2375438400738358
260,1,.4784782040626359,0,.2375438400738358
261,0,-.8266788473458689,.2866126976397109,1.041165319293415
261,1,-.1689597718408942,.2866126976397109,1.041165319293415
262,0,.7081711480911953,0,-.5642088093505563
262,1,.9747160100799377,0,-.5642088093505563
263,0,-.3048455836347399,0,-.4137518129484974
263,1,-.8419524214101529,0,-.4137518129484974
264,0,.0474624168635502,.6564147472161074,.7400467592567472
264,1,-.2072790334182228,.6564147472161074,.7400467592567472
265,0,-.5449997724643332,0,-.3671145693872344
265,1,-.2959224994439168,0,-.3671145693872344
266,0,-.6483818670658256,.8150137041756943,-.4735815384080868
266,1,.2327721088094608,.8150137041756943,-.4735815384080868
267,0,-.3360519478872887,.6404915396130525,-.7162265829326372
267,1,-.6941028378364487,.6404915396130525,-.7162265829326372
268,0,-.4932971583470206,.7893874967888027,1.746443801061939
268,1,1.180555449841281,.7893874967888027,1.746443801061939
269,0,-.1541793082084,.1891989596132356,2.143932969454116
269,1,1.204465868570979,.1891989596132356,2.143932969454116
270,0,-.2867927853852155,.4705360741275607,.3260690672910854
270,1,1.240684117028088,.4705360741275607,.3260690672910854
271,0,-.4616034252648136,0,-1.51041563267028
271,1,-.7941570824599663,0,-1.51041563267028
272,0,-.1040028030944565,0,1.234870504204359
272,1,.2338651079322415,0,1.234870504204359
273,0,.5506353282839808,0,-1.377937479339275
273,1,.3720419189028604,0,-1.377937479339275
274,0,-.7124444006637662,.8680582195846823,.730592836382565
274,1,.7644707200519971,.8680582195846823,.730592836382565
275,0,.2932674919868817,.3810201743671949,1.898880773932887
275,1,1.932668505960335,.3810201743671949,1.898880773932887
276,0,.2424135930381242,.7306096587772882,-.5455275840292833
276,1,.0359602581993382,.7306096587772882,-.5455275840292833
277,0,.7456851478805516,.6066285494156823,.8615237162208508
277,1,1.737805798556048,.6066285494156823,.8615237162208508
278,0,-.70740076457792,.1867349327927857,-.8935768508783277
278,1,.2763652664080963,.1867349327927857,-.8935768508783277
279,0,-.6839797153546439,0,.5225079681519067
279,1,.1792173605153695,0,.5225079681519067
280,0,-.9420368118657007,.4910502459299991,.3030451218795027
280,1,-1.684320508811679,.4910502459299991,.3030451218795027
281,0,.3814873189311344,.9525094948053486,.7131050860930415
281,1,.4567030899489588,.9525094948053486,.7131050860930415
282,0,.1669681196453085,0,1.311038462870162
282,1,.2289136434578648,0,1.311038462870162
283,0,-.0961764316943314,0,-.8499555430166481
283,1,.3403397103354778,0,-.8499555430166481
284,0,-1.409400726447796,0,-.9047564449448671
284,1,-.7292030112063124,0,-.9047564449448671
285,0,.2301470166577443,0,.0622592318139032
285,1,.4708578310645536,0,.0622592318139032
286,0,.524116012521862,.0251037422736279,-.0272385319586745
286,1,.6296314874434449,.0251037422736279,-.0272385319586745
287,0,-.1106268313405322,0,-.1949928728435559
287,1,.3325226085949106,0,-.1949928728435559
288,0,.3631821610980516,.102353764897512,.597228885236186
288,1,-.1765445768360883,.102353764897512,.597228885236186
289,0,.0308436719286895,.663921600521533,-.9656442894387657
289,1,.6568122765791957,.663921600521533,-.9656442894387657
290,0,.1789987157713971,.1312237448926729,.2212927382805602
290,1,.2924001680396198,.1312237448926729,.2212927382805602
291,0,-.6721944992639035,.1102453271174698,-.5712491270838701
291,1,.1164109758133091,.1102453271174698,-.5712491270838701
292,0,-.3957915319418393,0,.652674224213794
292,1,.4272017375160002,0,.652674224213794
293,0,-.1501920218800288,.6388095756162228,.5503173227427504
293,1,.9788319005073312,.6388095756162228,.5503173227427504
294,0,-.0162605676412432,0,.2254231184555445
294,1,-.469264544036728,0,.2254231184555445
295,0,1.108333994133743,0,-.6408584713830237
295,1,.5365304642020017,0,-.6408584713830237
296,0,.3087906053709538,0,-.8823370935506605
296,1,-.5688145548508399,0,-.8823370935506605
297,0,-.6328339980645081,.027753896013203,1.417942381631445
297,1,-.43446142581965,.027753896013203,1.417942381631445
298,0,.5657895866003471,0,-.2192286726796351
298,1,.1355325219946544,0,-.2192286726796351
299,0,1.217412828300317,0,1.044983795528889
299,1,1.062702842780917,0,1.044983795528889
300,0,-.439951887388311,.4776189629830946,.3357669821199895
300,1,.1623601249833895,.4776189629830946,.3357669821199895
301,0,.7252339196810775,0,-1.435071700114776
301,1,-.4897062985865753,0,-1.435071700114776
302,0,.682883190336959,0,-1.334115174525473
302,1,.4479218900272935,0,-1.334115174525473
303,0,.3317574966042764,0,-.1855388335366777
303,1,.6795462236813977,0,-.1855388335366777
304,0,-.3238980479424677,0,.1586356551571523
304,1,-.6362131157069492,0,.1586356551571523
305,0,-.5423544453676263,.1903503105394976,-.5812509340795964
305,1,-1.483972951477866,.1903503105394976,-.5812509340795964
306,0,1.209959496504574,.9995188222331831,-1.541001520367474
306,1,1.267416076512636,.9995188222331831,-1.541001520367474
307,0,.6253838802537437,.3886798641645671,.2120735082126756
307,1,.2046224698318535,.3886798641645671,.2120735082126756
308,0,.3727804087861847,.7364966602341402,.2165183706520598
308,1,-.7817595412526055,.7364966602341402,.2165183706520598
309,0,.4839571100488279,.4053414140222814,1.14489032206633
309,1,.7912549362768443,.4053414140222814,1.14489032206633
310,0,-.6417301314414152,0,-.4517891174286678
310,1,-.2121127688190961,0,-.4517891174286678
311,0,.7818743978739761,.8642352495582072,-.4706659519344685
311,1,.2990453172424984,.8642352495582072,-.4706659519344685
312,0,.4862823667480815,.0551745315138553,-.0984844918092646
312,1,-.3430084888589462,.0551745315138553,-.0984844918092646
313,0,-.0878529987577102,.6357408039954354,1.413065880768035
313,1,1.225181110145703,.6357408039954354,1.413065880768035
314,0,-1.426154069002099,.924618485857892,-.2570528217889366
314,1,-.3463821412707611,.924618485857892,-.2570528217889366
315,0,.0845971699764513,0,-.2906696019149286
315,1,-.422040919163518,0,-.2906696019149286
316,0,1.044769726572362,.1146763044465694,.2836190427878115
316,1,.1867172979006671,.1146763044465694,.2836190427878115
317,0,-.5713642656444582,0,.3086721546651212
317,1,-1.141996212007235,0,.3086721546651212
318,0,-.1402894854499113,.327993276472733,1.679463499954393
318,1,1.086711186962305,.327993276472733,1.679463499954393
319,0,-.5238803632973215,.9314833311403442,1.053868653750692
319,1,-.1004206266278299,.9314833311403442,1.053868653750692
320,0,.2072626895679979,.0349279338669811,.7181020733631123
320,1,-.2017676657156607,.0349279338669811,.7181020733631123
321,0,-.817193174480662,.4120558326719407,-.567462556078381
321,1,-1.624976505493084,.4120558326719407,-.567462556078381
322,0,.0932202452266084,0,-.6725530802714581
322,1,-.2796041067808143,0,-.6725530802714581
323,0,-.3728836801541622,.400560296304313,1.414537383863213
323,1,.8024291024562891,.400560296304313,1.414537383863213
324,0,.0168758605675981,0,-1.888276302580094
324,1,-1.849250509005796,0,-1.888276302580094
325,0,.6843150475562016,.5323032251578755,.07823021990563
325,1,-.5101753016793731,.5323032251578755,.07823021990563
326,0,-.8428861924459726,.5363263099327008,2.707435595192459
326,1,.283101287152102,.5363263099327008,2.707435595192459
327,0,-1.204383715188496,0,.9258025487473058
327,1,-.3852275138022166,0,.9258025487473058
328,0,-.6184615216230194,0,.9913207214531609
328,1,-.8993560351016017,0,.9913207214531609
329,0,.026790542702742,.0459235705430204,-.2995567730829632
329,1,.4630511333878313,.0459235705430204,-.2995567730829632
330,0,1.158455023799401,.9786411646803127,.8257712861447017
330,1,1.626156695916414,.9786411646803127,.8257712861447017
331,0,.5568470227046921,0,-1.382424435065446
331,1,.1207865938233503,0,-1.382424435065446
332,0,-.7367800156874694,0,1.937034364122247
332,1,.1935533867136243,0,1.937034364122247
333,0,.5113183434668049,.0932283036380747,.0057404340458588
333,1,1.473801833988569,.0932283036380747,.0057404340458588
334,0,.0133328569918138,0,-1.174478582409623
334,1,-.248848429617538,0,-1.174478582409623
335,0,-.280816462268918,.6019626559805217,.4589715748816848
335,1,-.8868630284067582,.6019626559805217,.4589715748816848
336,0,-.8939329955571009,0,.2912694766132902
336,1,.1060081901135539,0,.2912694766132902
337,0,-.8134947572118918,.9282507701207349,.9104520617511563
337,1,.8214620526706778,.9282507701207349,.9104520617511563
338,0,-.550090532043448,0,-.918348100747463
338,1,-1.226078652053797,0,-.918348100747463
339,0,.0315185906027092,0,-1.185729199992522
339,1,-.4181649855781784,0,-1.185729199992522
340,0,-.9660552292785751,0,.9160711100412241
340,1,.2045113428059563,0,.9160711100412241
341,0,.2659288164100856,.9659168962981796,.6299119775928068
341,1,.9393042513143541,.9659168962981796,.6299119775928068
342,0,-.5322969637726945,0,-1.871732872470872
342,1,.5653215792023689,0,-1.871732872470872
343,0,.3192549869705016,0,-.7540970600136235
343,1,-.0331477968222295,0,-.7540970600136235
344,0,-.320865686662319,0,-1.80698967820473
344,1,-.1706914220380128,0,-1.80698967820473
345,0,.9192624785743995,0,.0690265863203977
345,1,.2398430575888696,0,.0690265863203977
346,0,-.8483858566428628,.6758781542620659,1.196366232427213
346,1,.217014664458408,.6758781542620659,1.196366232427213
347,0,-.3256391668392418,0,-.7613045642227784
347,1,-1.196288156505008,0,-.7613045642227784
348,0,.4301162415104385,0,-1.816623890573191
348,1,-.7042248182094556,0,-1.816623890573191
349,0,-.7457895891576675,0,-.977789059808434
349,1,-.5048822324114211,0,-.977789059808434
350,0,.1635418450474127,0,-1.506137536066162
350,1,-.0800148424788791,0,-1.506137536066162
351,0,-.7231109385593014,.3236799034664558,.8301868424553742
351,1,.1862839692191162,.3236799034664558,.8301868424553742
352,0,-.2891895015098634,0,1.072574669713625
352,1,-.0902098787219079,0,1.072574669713625
353,0,.9016884615840042,.5633377136661736,1.037181773477433
353,1,.7791440482598173,.5633377136661736,1.037181773477433
354,0,.1025269353771407,0,-.3739668654152442
354,1,-.9593704825243181,0,-.3739668654152442
355,0,.0868523050459779,.070026854533601,1.254445384826741
355,1,.6073305491904124,.070026854533601,1.254445384826741
356,0,-1.208725187834611,0,-.8867113149215036
356,1,-.0164904222346309,0,-.8867113149215036
357,0,-.2473759396406523,.1311978760274309,-.9483915620349793
357,1,-.6212053335803867,.1311978760274309,-.9483915620349793
358,0,.5565675368031096,.3902259057815133,2.129323834393543
358,1,1.644554691601351,.3902259057815133,2.129323834393543
359,0,.4314437685884826,0,-.7462449039634279
359,1,.4458485685973388,0,-.7462449039634279
360,0,-.7114143678221606,.685026140640065,1.018195779581829
360,1,1.648940189953516,.685026140640065,1.018195779581829
361,0,.2490960660715527,.8144286822919576,-.1629358257419714
361,1,-.0301956809254266,.8144286822919576,-.1629358257419714
362,0,-.0179514702010446,.30702561634568,1.467006498959764
362,1,-.8984499303468496,.30702561634568,1.467006498959764
363,0,-.3096534077346509,0,-.8203013618955297
363,1,-.5080501126358735,0,-.8203013618955297
364,0,.7086661217214056,0,-.4485996580591169
364,1,.4299759657760437,0,-.4485996580591169
365,0,.6258918634628003,.636939935216753,3.138398642095557
365,1,3.320474986218859,.636939935216753,3.138398642095557
366,0,-.1890906252925071,.623910139027935,-.1086278479788089
366,1,1.411637820746543,.623910139027935,-.1086278479788089
367,0,-.7266048858616757,.1258263516038934,-.3889316240452428
367,1,-.8546533838134881,.1258263516038934,-.3889316240452428
368,0,.9764340939146202,0,-.9252350673953564
368,1,.4128701517776412,0,-.9252350673953564
369,0,-.3066556682714661,0,.0132087093724257
369,1,.1290184285488382,0,.0132087093724257
370,0,-.3727483555276345,0,.8232447284480183
370,1,-.2207261556138437,0,.8232447284480183
371,0,.3381434107275725,0,-1.161704608714902
371,1,.2473084076327084,0,-1.161704608714902
372,0,.6692483382870839,0,.9691050498873651
372,1,1.169611471855592,0,.9691050498873651
373,0,-.0565133012904609,.2834653983264682,.1507972727887187
373,1,.5792017231988182,.2834653983264682,.1507972727887187
374,0,-.4186590779793439,0,-.8414193815341454
374,1,.908888798296229,0,-.8414193815341454
375,0,.2896303753675262,0,1.643596548296761
375,1,.776979617110656,0,1.643596548296761
376,0,-.3612246106020431,.0895200448288046,1.380637038690167
376,1,-.1381616147619463,.0895200448288046,1.380637038690167
377,0,.7544560417754044,.2099678852132821,-.9867990976411757
377,1,.1875686496594701,.2099678852132821,-.9867990976411757
378,0,-.1046145821335845,0,1.439177592397042
378,1,.9347629548057027,0,1.439177592397042
379,0,-.8206354283176898,0,-2.069541061451918
379,1,-1.437678640094624,0,-2.069541061451918
380,0,-.6866258915293735,.0115401365828703,-.4371163229137718
380,1,.2496882929858013,.0115401365828703,-.4371163229137718
381,0,-.1174670426335963,0,.5644673749989305
381,1,.0312739836759463,0,.5644673749989305
382,0,-.1279290103480333,.566283860087999,.0378129560607236
382,1,.4902372096406239,.566283860087999,.0378129560607236
383,0,-.5809152249702321,.3309354281780067,-.7898540835021924
383,1,-1.014535695300387,.3309354281780067,-.7898540835021924
384,0,.9749764192453496,.5117482261426302,-.4998372638656761
384,1,2.338641863746655,.5117482261426302,-.4998372638656761
385,0,-.1361832449138739,0,-.0107522339281736
385,1,.6299369266669245,0,-.0107522339281736
386,0,-1.139682264341086,.1489333434368173,.6904461792689979
386,1,-1.148020310436629,.1489333434368173,.6904461792689979
387,0,.5107621588694032,.9972063056952988,-1.372169613018106
387,1,.4322129252225403,.9972063056952988,-1.372169613018106
388,0,.6216286171207307,.9960040461084662,.9418881890041463
388,1,.8160161010595048,.9960040461084662,.9418881890041463
389,0,-.4711390994431337,.8329910712287613,-.0051261867579708
389,1,-.0202908029268736,.8329910712287613,-.0051261867579708
390,0,-.4344648534436256,.5820996076428236,-.6605741645787016
390,1,.535834921130392,.5820996076428236,-.6605741645787016
391,0,-.0602135738066197,.21712272859064,.3854730512340092
391,1,1.240999161964256,.21712272859064,.3854730512340092
392,0,.5368604983058921,0,-1.459371574234001
392,1,.1922511012073842,0,-1.459371574234001
393,0,-.162695775721348,0,.0754126501688887
393,1,-.4923634340732844,0,.0754126501688887
394,0,-.1620187703230971,0,-.8625063808176265
394,1,-.7040932895735414,0,-.8625063808176265
395,0,-.2685340180823133,.3892614344379904,.3553694504660397
395,1,-1.099480899823452,.3892614344379904,.3553694504660397
396,0,.8543156855546886,0,-1.66436890232306
396,1,-.2102289985027112,0,-1.66436890232306
397,0,.3493390888432298,0,.0374419477897515
397,1,.8652176232066749,0,.0374419477897515
398,0,.6894429853435091,.6791127117121439,-.5617889662036495
398,1,.9980291694131556,.6791127117121439,-.5617889662036495
399,0,.0548547676551952,0,1.662931292165758
399,1,1.286289000827702,0,1.662931292165758
400,0,-.1062368327993757,.1368810370587362,1.006233067077888
400,1,-.358991384773047,.1368810370587362,1.006233067077888
401,0,-.2589866815840174,0,-.3596774952200215
401,1,1.120988993128929,0,-.3596774952200215
402,0,-.0049061868621812,.4021290393631475,.9665177632634633
402,1,.2756915984682985,.4021290393631475,.9665177632634633
403,0,.2776413754885854,.0833891443696916,1.185040869594097
403,1,.0461779976706818,.0833891443696916,1.185040869594097
404,0,.4455918750361218,.8393530402342618,-.106736033598134
404,1,-.6994090171347609,.8393530402342618,-.106736033598134
405,0,-.1587009908830471,.752522433518601,1.076126618583813
405,1,1.647955145503799,.752522433518601,1.076126618583813
406,0,.6543244070613717,0,.5149340868942832
406,1,-.1006983075803049,0,.5149340868942832
407,0,-.239838331808436,0,-.4649737185659293
407,1,-.5601474651797346,0,-.4649737185659293
408,0,-.3095380282974944,0,.2528331134839887
408,1,.5443173978466519,0,.2528331134839887
409,0,.152753667333282,.88146904139779,1.787270724222245
409,1,1.605991859170051,.88146904139779,1.787270724222245
410,0,.0388397323884481,0,-.4952607152037265
410,1,-.1470811598481335,0,-.4952607152037265
411,0,.403698067904426,0,-.3594880591025599
411,1,.0276459818026787,0,-.3594880591025599
412,0,-.3868446377586537,0,-1.032567158490465
412,1,-.1048032916259586,0,-1.032567158490465
413,0,.2723371014796467,0,-.5008277174026522
413,1,-.3430665862409944,0,-.5008277174026522
414,0,.9534641635521229,.6221783062894352,1.720392574040161
414,1,2.201953022614522,.6221783062894352,1.720392574040161
415,0,-.9023714332532822,.0633371921359839,.6533618416484107
415,1,-.454970678856127,.0633371921359839,.6533618416484107
416,0,.4084550706502746,0,.0826624993803236
416,1,.6365003807191885,0,.0826624993803236
417,0,.8578805509438773,0,.2589785652726938
417,1,.8350122343560327,0,.2589785652726938
418,0,.3151505552508929,.3030821901520878,1.039260923754519
418,1,-.5685347317732361,.3030821901520878,1.039260923754519
419,0,-.4945783461540525,.669239140546494,.8822861662012925
419,1,.6560929448985868,.669239140546494,.8822861662012925
420,0,.1870420863776096,0,-.139610027889172
420,1,-.906140439905865,0,-.139610027889172
421,0,.6958342151214557,.4634014124496705,.7995491160166208
421,1,.1951562930236932,.4634014124496705,.7995491160166208
422,0,-.4541507021955845,0,-.278212756591141
422,1,-.5314773271805291,0,-.278212756591141
423,0,1.048517473786752,.5024106346995628,.5183767194537714
423,1,1.045837034339417,.5024106346995628,.5183767194537714
424,0,-.7842650709640382,0,-1.252018519253787
424,1,.0995786999919834,0,-1.252018519253787
425,0,.0543202776340184,0,-.6384225449232879
425,1,.1449960599904561,0,-.6384225449232879
426,0,.3222498512891761,.3993437219350594,.353336081106206
426,1,.7872068561865926,.3993437219350594,.353336081106206
427,0,-.9388938061408039,.3002522521530834,.2601858591434503
427,1,-.4141032549576881,.3002522521530834,.2601858591434503
428,0,.2110806868935603,.1561309936757477,.6508336139762704
428,1,-.2663076136502067,.1561309936757477,.6508336139762704
429,0,-.1892879604950839,.9205027275134722,-.7162623129711232
429,1,.3965640968418565,.9205027275134722,-.7162623129711232
430,0,-.4453733146311587,.6134121045299351,.6990575834428072
430,1,.9544788320338076,.6134121045299351,.6990575834428072
431,0,-.9146299945383154,0,.1110568978782926
431,1,.5358472977206454,0,.1110568978782926
432,0,-.4523160711658052,0,1.196287227873796
432,1,-.1271188098624755,0,1.196287227873796
433,0,-.0317980163763964,.6501527468800198,-.0879386435985779
433,1,.2636292885748387,.6501527468800198,-.0879386435985779
434,0,-.5658132556455076,0,-1.3917489574576
434,1,-1.581237286122489,0,-1.3917489574576
435,0,.2869278173789831,0,-1.282212435884553
435,1,.0618873754860692,0,-1.282212435884553
436,0,-.6087582316774981,0,.1238116951396016
436,1,.8208873121653339,0,.1238116951396016
437,0,-.4752810805066128,.5595232083041816,-.2113753135837347
437,1,-.3180438428902118,.5595232083041816,-.2113753135837347
438,0,-.1204974787238978,0,-.8614856186736274
438,1,.2832062813367386,0,-.8614856186736274
439,0,.2049904216371011,.6926338068628225,.0090582801863333
439,1,1.083044593149183,.6926338068628225,.0090582801863333
440,0,-.212614598722051,.7683506847503571,-.4223876147972428
440,1,.3242384424820949,.7683506847503571,-.4223876147972428
441,0,-1.416152842756162,0,-.0262442669998032
441,1,-.2661644925443993,0,-.0262442669998032
442,0,-.1796358504979342,.5097294497263088,.0513073462054785
442,1,-.2653794615286045,.5097294497263088,.0513073462054785
443,0,-.0067470957619731,.328092469408016,.8520616703200756
443,1,-.0716758358633219,.328092469408016,.8520616703200756
444,0,-.0405170555588551,.6411829938955215,.935535966288584
444,1,1.284713016715391,.6411829938955215,.935535966288584
445,0,-.2770397469507999,.675210524606373,-.1008516505428358
445,1,.204254275798636,.675210524606373,-.1008516505428358
446,0,-.7154118564396632,0,-1.399560478515925
446,1,.0975942056609652,0,-1.399560478515925
447,0,.3462147616348393,0,-.8294828587623444
447,1,-.3507469772994627,0,-.8294828587623444
448,0,-.1155357597746446,0,-.6800214315819526
448,1,-.8791204277048823,0,-.6800214315819526
449,0,-.1638952482849477,0,-1.394653801835783
449,1,.0651430096515236,0,-1.394653801835783
450,0,.4980284283493401,.6464280822810028,.8658868847680519
450,1,.9167160789144462,.6464280822810028,.8658868847680519
451,0,-.9848962078964091,0,-1.117908043953992
451,1,-1.336291238414831,0,-1.117908043953992
452,0,-.333111383777121,0,.6214350525878078
452,1,.3077103778507268,0,.6214350525878078
453,0,.0291552144193776,0,-.8482877287049018
453,1,-.663780218233181,0,-.8482877287049018
454,0,.6771106162556637,.8694237513747544,.1804108487322242
454,1,1.126845127694263,.8694237513747544,.1804108487322242
455,0,.1222935334063047,0,-.2766859853020828
455,1,.1624909548057615,0,-.2766859853020828
456,0,.9193711246114696,.3550655866093827,1.662409921639436
456,1,.3791895353634007,.3550655866093827,1.662409921639436
457,0,-.3636496818492683,.9643402898173278,1.561590430360121
457,1,1.988749040967529,.9643402898173278,1.561590430360121
458,0,-.3021749738385877,.3588436092467914,.551218434819911
458,1,1.291879045378375,.3588436092467914,.551218434819911
459,0,-.0905945687945488,.1989023491493319,-.4801627476841025
459,1,-.1758416014950561,.1989023491493319,-.4801627476841025
460,0,.6941383378600163,.8796603548676826,-.9409427306662359
460,1,-.0577884389424668,.8796603548676826,-.9409427306662359
461,0,-.0340546889544624,0,1.317901452504288
461,1,-.2333694721706786,0,1.317901452504288
462,0,.4732771510616304,.96101004764688,-.1059451894417007
462,1,.6486384186581304,.96101004764688,-.1059451894417007
463,0,-.4622274060055407,0,-.3316286625623013
463,1,-1.48844280552113,0,-.3316286625623013
464,0,-.157153941490892,.5303357235412506,-.5273229614523713
464,1,.2643945283039745,.5303357235412506,-.5273229614523713
465,0,-.8516440854622922,0,.4714651036707026
465,1,.1965563013286652,0,.4714651036707026
466,0,-.0641806205195339,.9526865427359409,1.26147212453146
466,1,1.976610947254416,.9526865427359409,1.26147212453146
467,0,.7906035851445422,0,-1.525536293048166
467,1,-.6979618590698791,0,-1.525536293048166
468,0,-.05506742463677,0,.0404445711749446
468,1,-.1405222616761798,0,.0404445711749446
469,0,-.3334742782768961,.4761307881953011,-1.373323463769492
469,1,-.1357728299330059,.4761307881953011,-1.373323463769492
470,0,.363558719264953,.3793961326105865,.5996810593586523
470,1,-.104209052760905,.3793961326105865,.5996810593586523
471,0,.5845392624661899,0,-2.256498384678422
471,1,.0540224374708607,0,-2.256498384678422
472,0,.2544100579626632,.3178394956603278,-1.217770516346636
472,1,-.2573316102766162,.3178394956603278,-1.217770516346636
473,0,.0620042698444458,.7105018178812327,.29900421832463
473,1,-.7462054557457098,.7105018178812327,.29900421832463
474,0,.9223045699334202,0,-.5976995269921741
474,1,-.5192137953654037,0,-.5976995269921741
475,0,.3171010608936382,0,-1.008450610317565
475,1,-.1821177843402729,0,-1.008450610317565
476,0,1.17588810235284,0,.3114402784103866
476,1,.4700547190080802,0,.3114402784103866
477,0,.7387626335602576,0,-.3369273434497813
477,1,.2723995283271237,0,-.3369273434497813
478,0,.4443470566965995,.6660110457377569,-.5366717772350545
478,1,1.265493312438779,.6660110457377569,-.5366717772350545
479,0,-.6681508057347477,0,-1.926302006455682
479,1,-2.497894236253604,0,-1.926302006455682
480,0,-.3210212166278685,.8348904785134444,.8385668160125433
480,1,.0828305028676436,.8348904785134444,.8385668160125433
481,0,-.7174024561200539,.310809085631773,1.415456568985982
481,1,.0138734790126206,.310809085631773,1.415456568985982
482,0,.3692643347227088,0,-.8288018297066841
482,1,.2196720286695646,0,-.8288018297066841
483,0,-1.115745073799125,.2912286437635901,-.8841530022416965
483,1,-1.145487442096841,.2912286437635901,-.8841530022416965
484,0,.7912484426913922,.1281554819257315,1.444014902068553
484,1,.5887310740287097,.1281554819257315,1.444014902068553
485,0,.027655778635247,0,.008667766658555
485,1,.0784575868802063,0,.008667766658555
486,0,-.5974372494546645,.4788191695724499,-.603729600048921
486,1,-.0248480509909859,.4788191695724499,-.603729600048921
487,0,.2558258606333545,0,-.7514716904586052
487,1,.6321315885536702,0,-.7514716904586052
488,0,.6318373480428676,.3059149225638732,.6684467525451169
488,1,1.110892878004714,.3059149225638732,.6684467525451169
489,0,-.2744682623731464,0,-.3365256268885603
489,1,.0220480807030299,0,-.3365256268885603
490,0,.6901126998659439,0,1.558976142951762
490,1,1.077314983738465,0,1.558976142951762
491,0,.8126004408497443,.8751754874248162,.4054067243066954
491,1,1.055905556777202,.8751754874248162,.4054067243066954
492,0,.1105523250571167,.9909876374046108,-1.525439660615252
492,1,.7402744185260101,.9909876374046108,-1.525439660615252
493,0,-1.209614512184348,.3083410796172802,.2093095154465824
493,1,.1226660331428291,.3083410796172802,.2093095154465824
494,0,.3872137878595258,.6156187639435656,-.4125881821163501
494,1,1.093266851831247,.6156187639435656,-.4125881821163501
495,0,.1560122082758601,.8094928891374761,.2805017794060057
495,1,.5903883284620582,.8094928891374761,.2805017794060057
496,0,-.0731830568965845,0,-.8376142753301715
496,1,-.6407058477594925,0,-.8376142753301715
497,0,-.2549093348392094,0,.5857816393031089
497,1,.4043712757251513,0,.5857816393031089
498,0,-.5193295955430447,.3402451577376396,.4053566483792819
498,1,1.172085480746663,.3402451577376396,.4053566483792819
499,0,-.1249787580421708,.9956552762602801,.555508376617793
499,1,.5380772347279387,.9956552762602801,.555508376617793
500,0,-.0822376561756483,.4495773912011186,.6396025418999981
500,1,.6281694158691524,.4495773912011186,.6396025418999981
501,0,.3584670403855993,0,-1.104136553550612
501,1,-.1290515143197215,0,-1.104136553550612
502,0,1.028003412298485,0,-.650382159399176
502,1,.3191200248206411,0,-.650382159399176
503,0,-.454902375837696,.7472253210077348,.5287738400973374
503,1,.8488346430941198,.7472253210077348,.5287738400973374
504,0,-.7032549461787474,0,.45107974407375
504,1,.0782045620342529,0,.45107974407375
505,0,-.5367919265941271,0,-1.985354903917264
505,1,-1.016685678781355,0,-1.985354903917264
506,0,-.4106257790367299,.0361296817722868,1.088509849133261
506,1,.7010502670056968,.0361296817722868,1.088509849133261
507,0,.2749615436783023,0,.7118972956063055
507,1,.68192076885852,0,.7118972956063055
508,0,-.0307254944766269,0,-.3811516112840572
508,1,.0726364863168864,0,-.3811516112840572
509,0,.7764709015334844,0,-2.489076128399064
509,1,-.4576991095568188,0,-2.489076128399064
510,0,-.0118635767327167,0,.8865750609153313
510,1,.4085483937708498,0,.8865750609153313
511,0,.255319345356618,0,-1.42255907083659
511,1,-1.106982193371241,0,-1.42255907083659
512,0,-.5841069496203369,.5957629455992711,-.264980538586427
512,1,-.6155024823398593,.5957629455992711,-.264980538586427
513,0,.6048500521634691,.2317869835270029,1.022796276167631
513,1,1.451307613836334,.2317869835270029,1.022796276167631
514,0,-.0134406085388739,.9719088762876077,.4543396964881643
514,1,.5980479705443719,.9719088762876077,.4543396964881643
515,0,.0675063691776689,.3723148934976345,.2618146273923193
515,1,-.2122589323429381,.3723148934976345,.2618146273923193
516,0,.2804787940991504,0,1.166035901141865
516,1,.4014883809262297,0,1.166035901141865
517,0,-.9461539221556988,.6338973577229837,.2787703630196738
517,1,-.4119958606030072,.6338973577229837,.2787703630196738
518,0,-.5035527334529674,0,-1.33629433796559
518,1,-.3506514916818611,0,-1.33629433796559
519,0,-1.539784330447685,0,.7322739696971217
519,1,-.8246939935693731,0,.7322739696971217
520,0,-.5086087759568508,.5828948768559609,.788504360621372
520,1,1.175593205361118,.5828948768559609,.788504360621372
521,0,.8334957533838367,0,-.1719941820468195
521,1,.6406196321475175,0,-.1719941820468195
522,0,-.5707832398300596,0,-.960476996900672
522,1,-1.485898532345308,0,-.960476996900672
523,0,-.3684736974118548,0,-.8898141263226713
523,1,-1.436800606349212,0,-.8898141263226713
524,0,-1.011544731136402,.4881109032969565,.8608882694968414
524,1,-.2763525139092553,.4881109032969565,.8608882694968414
525,0,-.1043825872446367,0,-1.874570736267883
525,1,-.8657220399399134,0,-1.874570736267883
526,0,.6297301773090362,.8776823918802802,-.6413676501287935
526,1,.6951933568945641,.8776823918802802,-.6413676501287935
527,0,.1812033322010973,0,1.085173403934027
527,1,.7659331312729595,0,1.085173403934027
528,0,-.0666954836750847,.0734050615503629,-.9317034615952328
528,1,-1.039445322178974,.0734050615503629,-.9317034615952328
529,0,-1.036172125289857,.2594364683619587,-1.196029089323398
529,1,-1.630973151821974,.2594364683619587,-1.196029089323398
530,0,.6058716305200108,.5585251765873925,.4798039717169395
530,1,.5913294197045074,.5585251765873925,.4798039717169395
531,0,.7772967635352943,.7502790619328578,-.4637610883816132
531,1,-.3842658280929555,.7502790619328578,-.4637610883816132
532,0,-.08497278283517,.8811702412450796,-.2309478424008209
532,1,.6389439027829771,.8811702412450796,-.2309478424008209
533,0,-.8562256840291986,0,-.4730441865794978
533,1,-.3987481830794783,0,-.4730441865794978
534,0,.5006331202756091,.1955642775573362,.1356840320969495
534,1,.3316787111701218,.1955642775573362,.1356840320969495
535,0,-.7431610164140751,0,.1823453146791479
535,1,.435249170428915,0,.1823453146791479
536,0,.277140984687872,0,-.1532837481950369
536,1,-.1468370802004,0,-.1532837481950369
537,0,.6187478718575623,0,-.3841494203554829
537,1,-.3745514320702766,0,-.3841494203554829
538,0,-1.503775977267782,0,1.174886834618186
538,1,-1.210176725195175,0,1.174886834618186
539,0,.3081846804536786,.8073896341981698,.5384065924369426
539,1,1.005230906371854,.8073896341981698,.5384065924369426
540,0,-.2450124784155064,0,.3886188480491369
540,1,-.1164436238265722,0,.3886188480491369
541,0,1.177732715127976,0,-2.388787090405269
541,1,.6301691696646413,0,-2.388787090405269
542,0,-.3033247020959519,0,-.2784567494495604
542,1,-.9922226533392474,0,-.2784567494495604
543,0,-.5519684450816975,0,.2502036336749711
543,1,-1.030287662546345,0,.2502036336749711
544,0,-.4851054292011249,.7865751462410079,.6747212739575235
544,1,.8717523996029978,.7865751462410079,.6747212739575235
545,0,.2268561714220076,0,-.4467400919005168
545,1,.1491248375422039,0,-.4467400919005168
546,0,.5837578318591018,0,-.1695651527289376
546,1,.0655358891877998,0,-.1695651527289376
547,0,-.2267824762124535,.7304775229024766,.2708696466543702
547,1,.6819749182654188,.7304775229024766,.2708696466543702
548,0,.2157771423245744,.5714871363723527,.6923933670904089
548,1,.5233078002708726,.5714871363723527,.6923933670904089
549,0,.2038993198676745,.8179605299000813,.1820129311407762
549,1,-.0395306643580484,.8179605299000813,.1820129311407762
550,0,-.5485300891207006,0,-.0136721078658858
550,1,-.3145673622769668,0,-.0136721078658858
551,0,.7160389029032315,0,.6021639046432176
551,1,.4422804944840183,0,.6021639046432176
552,0,-.2992982007825837,.1666246517400617,1.692259537545395
552,1,.1538197326082693,.1666246517400617,1.692259537545395
553,0,.7401936345957285,.5165694203048864,-.1947899064398957
553,1,-.6993841989055629,.5165694203048864,-.1947899064398957
554,0,.3571297239331123,.0989532955336364,1.086052621030354
554,1,-1.056394914191829,.0989532955336364,1.086052621030354
555,0,-.3133283725379578,0,.6082059997767928
555,1,-.34810708833861,0,.6082059997767928
556,0,.2510042418954604,.6732401360129597,1.152948141219503
556,1,-.6848570507283295,.6732401360129597,1.152948141219503
557,0,.6003030512154359,.0154523090253657,-.856433075976837
557,1,-.8582978285469967,.0154523090253657,-.856433075976837
558,0,-.2550242092584729,0,-.4003913710315349
558,1,.0802257328129919,0,-.4003913710315349
559,0,.7325565592815996,.7593416626782344,.3274899282923503
559,1,.3523844147475934,.7593416626782344,.3274899282923503
560,0,-.6113723275965262,.7267683659472223,.2050853462037794
560,1,.4934748333869323,.7267683659472223,.2050853462037794
561,0,.5758039609895614,0,-.106571433460361
561,1,1.052026850951357,0,-.106571433460361
562,0,1.38945985394398,0,-.09282661920254
562,1,2.301436826176877,0,-.09282661920254
563,0,.3208613107036491,.9860048356296863,-.0639380397989579
563,1,1.470204956615787,.9860048356296863,-.0639380397989579
564,0,.0894832561768748,.9838474627222827,-.7198537024773843
564,1,.0849664253856086,.9838474627222827,-.7198537024773843
565,0,.1280808386793831,.9435034741143168,1.284437641986613
565,1,1.231914221220207,.9435034741143168,1.284437641986613
566,0,.2445271099703335,0,-.5099747244717748
566,1,-.0183590458475963,0,-.5099747244717748
567,0,1.159788216112876,0,-.6778284158812017
567,1,-.9015868435685621,0,-.6778284158812017
568,0,-.480193961655125,0,-.0701331159983571
568,1,.0516821013998833,0,-.0701331159983571
569,0,.8693345229893304,0,1.117604966016267
569,1,.6350099968359528,0,1.117604966016267
570,0,-.4671252699034579,.116300490409616,.3977412452706378
570,1,-.3298061079126303,.116300490409616,.3977412452706378
571,0,.3325473749596781,0,.0029016724797444
571,1,.4458684906027716,0,.0029016724797444
572,0,.896057710872648,.49558977005021,1.338596805518401
572,1,1.873657797559339,.49558977005021,1.338596805518401
573,0,-.6307171769929847,.8415581149767309,-.791356017704524
573,1,.3509762943719028,.8415581149767309,-.791356017704524
574,0,-.5366425691337544,0,-.409147795461021
574,1,-1.549236286807675,0,-.409147795461021
575,0,-.9158081198798386,0,-.8109055119721319
575,1,-.8164458289384229,0,-.8109055119721319
576,0,.487273266890235,0,-1.07498508903709
576,1,-.1842494783592333,0,-1.07498508903709
577,0,.1564722316261397,0,1.087978829763111
577,1,-.4386338622083807,0,1.087978829763111
578,0,-.6389526208631335,0,.800738712228921
578,1,-.2912925712703643,0,.800738712228921
579,0,-.7182788487526017,.6347958724818644,-.0349867308021154
579,1,.0568788225016498,.6347958724818644,-.0349867308021154
580,0,-.0410520121778244,.1243103695256284,1.183661870438545
580,1,.1985102383665335,.1243103695256284,1.183661870438545
581,0,.048823069982752,.1577415589381351,.1179750318470793
581,1,.9077432974219652,.1577415589381351,.1179750318470793
582,0,.4338006234622127,0,.6982955958220068
582,1,.0985260463708489,0,.6982955958220068
583,0,-.3002390407118758,0,-.5841191325185505
583,1,-1.237887162616497,0,-.5841191325185505
584,0,-.4573309285669638,.88309490554944,.9112258782134288
584,1,1.905070238103208,.88309490554944,.9112258782134288
585,0,1.658823003141416,.4267359209860674,-.2939396053404469
585,1,.5180693752468229,.4267359209860674,-.2939396053404469
586,0,-1.477129931073175,0,-.4861814507755793
586,1,-.6213840979100053,0,-.4861814507755793
587,0,.7901973044703559,0,-.3783215681021062
587,1,1.203524941725001,0,-.3783215681021062
588,0,.2329177521942414,0,.284879619314989
588,1,-.1009235406998614,0,.284879619314989
589,0,-.3266805800264128,0,-1.073794660819339
589,1,-.0971458926069549,0,-1.073794660819339
590,0,.9728928316917893,.3299822558266648,1.354123601661798
590,1,.7527468040159031,.3299822558266648,1.354123601661798
591,0,.1056816444319495,.9552101058423065,.0918630902937973
591,1,1.002322348604285,.9552101058423065,.0918630902937973
592,0,-.3264224262900396,.3731608582193754,-.9014997347364062
592,1,-.745031812506763,.3731608582193754,-.9014997347364062
593,0,.3828578487012271,.3754378712453322,1.338478696106641
593,1,1.734473087346653,.3754378712453322,1.338478696106641
594,0,-.1034626313982921,.5564142979345331,-.3986609576202573
594,1,.1519596944411462,.5564142979345331,-.3986609576202573
595,0,-.6690900554407377,.4542999093179577,-.562094791505623
595,1,-.1901484709848878,.4542999093179577,-.562094791505623
596,0,.060526401896728,.6566314517285997,-.5463513599221979
596,1,-.3860480155235188,.6566314517285997,-.5463513599221979
597,0,-.6393148962274016,.2977399299470086,.17668096188933
597,1,-.527953127813502,.2977399299470086,.17668096188933
598,0,-.6421998274063284,.3216928834637,-.11670615963424
598,1,.2941898388114019,.3216928834637,-.11670615963424
599,0,-.8441990353397288,0,-1.440734726503459
599,1,-1.499983793592999,0,-1.440734726503459
600,0,.4732467435697661,0,-.324832467152767
600,1,.3571027669598205,0,-.324832467152767
601,0,-.079823657571096,.2986034878999125,-.6535868645577869
601,1,-.1448960077750943,.2986034878999125,-.6535868645577869
602,0,.9184255479324234,.93199833837775,.6491522049546748
602,1,1.421635465581173,.93199833837775,.6491522049546748
603,0,.2722638779235366,0,.1714859044031118
603,1,.4099780130005398,0,.1714859044031118
604,0,-1.026556798713826,0,-1.172563929843591
604,1,-.2268552009342285,0,-1.172563929843591
605,0,.2624123713529318,.3430772809055368,-1.109479465154301
605,1,-.2468786408542671,.3430772809055368,-1.109479465154301
606,0,-.2074223933943796,.7655663995501437,-.2673441460212958
606,1,-.2213929031019279,.7655663995501437,-.2673441460212958
607,0,.5909058235002724,.2602805927382982,1.969110850213751
607,1,1.119048536304087,.2602805927382982,1.969110850213751
608,0,.4046005043139595,.9091927765465185,-.8540426439160852
608,1,.9705436998413888,.9091927765465185,-.8540426439160852
609,0,-.3667216747409807,0,.8601353938078754
609,1,-.3300378952905939,0,.8601353938078754
610,0,.6263592126976346,.0226879652865927,-.1405234401538227
610,1,.5260295973696248,.0226879652865927,-.1405234401538227
611,0,.9348114719472721,0,-.6255920781550788
611,1,.04778521892173,0,-.6255920781550788
612,0,.2859470098753886,.4202273221914329,-.5402255068934078
612,1,.3683859117084434,.4202273221914329,-.5402255068934078
613,0,-.2007300269921105,.6335887814474316,-.2726399986148145
613,1,.243237833591788,.6335887814474316,-.2726399986148145
614,0,-.7403745341439411,.6656199312466243,-.0568123332301709
614,1,.5696432090885079,.6656199312466243,-.0568123332301709
615,0,-1.162080547802179,0,1.667312038771376
615,1,.7508565212538518,0,1.667312038771376
616,0,.2482914047997514,0,-.7025351484742779
616,1,-.6508833250302297,0,-.7025351484742779
617,0,.067908756707971,0,.2163107144331346
617,1,.6054459905656484,0,.2163107144331346
618,0,-.1080484020625871,0,.4265584002255112
618,1,.165008991935084,0,.4265584002255112
619,0,.464909989442146,.5742114093904808,1.794984750672399
619,1,2.107555841084117,.5742114093904808,1.794984750672399
620,0,.8717122757335538,0,.7327454406241951
620,1,1.057583492357212,0,.7327454406241951
621,0,-1.162006024671666,0,-1.044310456498614
621,1,-.3872911371766214,0,-1.044310456498614
622,0,.4813984827489012,.1227752370138718,.2538338638886434
622,1,.4199346477295493,.1227752370138718,.2538338638886434
623,0,.0037130799724852,0,.688491030796988
623,1,-.0988242394444767,0,.688491030796988
624,0,.1350093547515224,0,-.4651834145679929
624,1,-.0077224565961175,0,-.4651834145679929
625,0,-.0667583635849503,0,1.356084398871472
625,1,.5935170182672043,0,1.356084398871472
626,0,-.7212640666281351,0,-.0320045665718326
626,1,-.5594408661599621,0,-.0320045665718326
627,0,.4992006777718668,.6070730677226271,.574488402807225
627,1,.0990434740979127,.6070730677226271,.574488402807225
628,0,.1350699706612746,.4463719299752228,-.9850896958259532
628,1,-.5456997581124629,.4463719299752228,-.9850896958259532
629,0,.2374207613190737,.0938286252501034,-.6830853898577258
629,1,-.2724586808291113,.0938286252501034,-.6830853898577258
630,0,-.0837380301651135,.9373961592267589,1.231790768622901
630,1,.2860750624239963,.9373961592267589,1.231790768622901
631,0,1.25382078321605,.3063673424366508,.378869351663779
631,1,1.034692094771107,.3063673424366508,.378869351663779
632,0,.2539040166588059,.4113124237655573,.3238911112161195
632,1,.9496612814456278,.4113124237655573,.3238911112161195
633,0,.1735847687170323,0,.5755072538939532
633,1,1.23330298752673,0,.5755072538939532
634,0,.3712363779696085,.7086893983494803,1.368648880197822
634,1,1.591979053469491,.7086893983494803,1.368648880197822
635,0,.3011182506719896,0,-1.388967254958888
635,1,-1.081502995731004,0,-1.388967254958888
636,0,.3159848031996606,0,-.0479884495489988
636,1,-.998249648843937,0,-.0479884495489988
637,0,.0732314933729618,0,-1.979730598656605
637,1,-.1151031807649963,0,-1.979730598656605
638,0,.3573132805325743,0,1.414655972781341
638,1,.6275819812090107,0,1.414655972781341
639,0,-.9133959998569263,.2598688621621862,.0627522281203347
639,1,-.1250197133956669,.2598688621621862,.0627522281203347
640,0,-.1396691560685828,.6501490787486132,-.1825441095102873
640,1,-.4009403187537292,.6501490787486132,-.1825441095102873
641,0,.1356521404130716,0,-.2224213087493374
641,1,.297757299781113,0,-.2224213087493374
642,0,.0731544100908426,0,-.5655950759897448
642,1,-.2595783976858573,0,-.5655950759897448
643,0,1.294949731465663,.1589901026962693,-1.167711365826781
643,1,.8724977700124377,.1589901026962693,-1.167711365826781
644,0,.666170811491306,.5959387331434022,1.018336940701066
644,1,1.398294185641311,.5959387331434022,1.018336940701066
645,0,.1222055832291181,.0281954220719948,-.2128682140185824
645,1,-.1144632301605783,.0281954220719948,-.2128682140185824
646,0,.2899371315525513,.4732492630101947,1.222306999365745
646,1,.6821456659528757,.4732492630101947,1.222306999365745
647,0,.5124741016333244,.9676080661261571,.0141260232257778
647,1,.4934818045515793,.9676080661261571,.0141260232257778
648,0,.1177803154212418,.8495403436141814,-1.10191216393776
648,1,.3875029704402773,.8495403436141814,-1.10191216393776
649,0,.6236130242135656,.3376484993518422,-.1566243806719746
649,1,-.4340864222621886,.3376484993518422,-.1566243806719746
650,0,-.5086997179566564,.3268929991443209,1.805336014131988
650,1,1.100286716809381,.3268929991443209,1.805336014131988
651,0,-.2849063690891694,0,-2.079484752434732
651,1,-.8543549773555799,0,-2.079484752434732
652,0,.2479988797717893,0,-.8291085006711001
652,1,.6735214409444216,0,-.8291085006711001
653,0,-1.041819010045861,0,-.4521461756497955
653,1,-1.334877627895027,0,-.4521461756497955
654,0,.5497037877849953,0,-1.799006322212349
654,1,-.0156970934389995,0,-1.799006322212349
655,0,-.8894412524123767,.0664714980456728,-1.748215215011268
655,1,-.7643770787553305,.0664714980456728,-1.748215215011268
656,0,.4287831149539879,.8241160098999324,-.7040477746205606
656,1,.8047138074497271,.8241160098999324,-.7040477746205606
657,0,-.1244906574411641,0,-.208299519686399
657,1,-.255511638357779,0,-.208299519686399
658,0,-.6238267554342769,0,.2434701871565418
658,1,.2615262095066291,0,.2434701871565418
659,0,.649341408820984,0,.2930766063782979
659,1,1.083406775759406,0,.2930766063782979
660,0,-.2024313684863735,0,.6193531435399107
660,1,.0052090593966399,0,.6193531435399107
661,0,.6306246147238797,0,-.4818356365076501
661,1,.4802178227151301,0,-.4818356365076501
662,0,-.6972686797530365,0,-.0144289675493089
662,1,-.5677740108259401,0,-.0144289675493089
663,0,.7090990013193584,.8368210107680029,-.1831157677743321
663,1,.9278014941275268,.8368210107680029,-.1831157677743321
664,0,-.7909589718391828,.4965721913684752,.4983913125350016
664,1,-.195970911974684,.4965721913684752,.4983913125350016
665,0,.7177912893552441,.614964029811146,-.0313570033040125
665,1,.6717130011218604,.614964029811146,-.0313570033040125
666,0,.6617758904658141,0,-.5070822834148516
666,1,-.4258574377256147,0,-.5070822834148516
667,0,.0952007031604591,.55641680400113,.7527386274285941
667,1,1.090702232744012,.55641680400113,.7527386274285941
668,0,.2213658220240648,0,.191301846426243
668,1,-.2979289311357565,0,.191301846426243
669,0,.1242309375919838,.8735509160488694,.1794585090242312
669,1,.3667509822835416,.8735509160488694,.1794585090242312
670,0,.5530584982381104,.3402978307318344,-.7501900609664836
670,1,.1143303176000335,.3402978307318344,-.7501900609664836
671,0,.6212851199233356,0,-.0451361192554294
671,1,.3395464410734618,0,-.0451361192554294
672,0,-.0869996825771309,0,.2630895299276494
672,1,-1.647442253694693,0,.2630895299276494
673,0,1.274422113157129,0,-.21964194528021
673,1,-.1937796190891012,0,-.21964194528021
674,0,.0694680400806613,.1216635438147539,.8168367049916174
674,1,1.10819743101499,.1216635438147539,.8168367049916174
675,0,-.4206233819358587,.1726278084107561,.5956160486121931
675,1,.1555677524722711,.1726278084107561,.5956160486121931
676,0,.522215333810727,0,-.7566620922322991
676,1,.3968965646286471,0,-.7566620922322991
677,0,.4303323878955028,0,-1.962053836103825
677,1,-.1853385066618756,0,-1.962053836103825
678,0,.1072880203279286,0,.6456298466900149
678,1,.136156314597921,0,.6456298466900149
679,0,.271450896396228,.7453469666763578,-.1038387552225777
679,1,.0685359805049367,.7453469666763578,-.1038387552225777
680,0,-1.441408771345019,.9533993531686306,1.145067501167782
680,1,1.337767119745835,.9533993531686306,1.145067501167782
681,0,-.6363624031204796,.7040097326597247,.3271508443332304
681,1,.19837069107877,.7040097326597247,.3271508443332304
682,0,-.4142185509657348,.841162128361543,1.137213385968346
682,1,.0555983561806229,.841162128361543,1.137213385968346
683,0,.362447006660773,0,-1.289969042108343
683,1,.3314222471150772,0,-1.289969042108343
684,0,.4255629468364759,.0786403517142379,.8270936632167212
684,1,-.3788060623299958,.0786403517142379,.8270936632167212
685,0,1.097603386462072,0,-1.975234449779639
685,1,-.2179796596315356,0,-1.975234449779639
686,0,-.3946450974533721,0,-2.216588348924211
686,1,-.3474553280974523,0,-2.216588348924211
687,0,.8307106324171475,.7680232358879843,-1.355829397073679
687,1,.8566058427404768,.7680232358879843,-1.355829397073679
688,0,-.7837868861586357,0,-.2362995448960322
688,1,-.8787020850921051,0,-.2362995448960322
689,0,.1982260423356229,0,.1537407112317243
689,1,.5791963720955445,0,.1537407112317243
690,0,-.3499589474800008,0,-1.322734575878786
690,1,-.8309843668256351,0,-1.322734575878786
691,0,.8396337895003003,0,-.2038816373782654
691,1,-.7326741275619253,0,-.2038816373782654
692,0,.8230860683052463,0,-2.076751810560148
692,1,-.5764263807759913,0,-2.076751810560148
693,0,.7618451932702639,.0063370871626341,.1697537237184435
693,1,1.320246151645564,.0063370871626341,.1697537237184435
694,0,-.5501419325933983,0,-.7394369902996935
694,1,-1.171484718300161,0,-.7394369902996935
695,0,.1208639735840833,.0381649654373853,-.4186402446666823
695,1,.5118687868134637,.0381649654373853,-.4186402446666823
696,0,.3020672537118407,.6696637374271496,-.276838633497022
696,1,.3795739258140705,.6696637374271496,-.276838633497022
697,0,-.0977416294263517,.2128296334739893,.9028021590326702
697,1,1.490071173092878,.2128296334739893,.9028021590326702
698,0,-.9944250333575533,0,.4893911276673377
698,1,-.6142461265015896,0,.4893911276673377
699,0,-.2763317872107743,0,.4826430421259048
699,1,-.2038349993966151,0,.4826430421259048
700,0,-1.4481993470543,0,-.7360477826563638
700,1,-.4234679989564848,0,-.7360477826563638
701,0,-.081449764279811,0,.9443716839364724
701,1,-.2828935418422395,0,.9443716839364724
702,0,-.2387803548536214,.8420638164271691,.7063221055369764
702,1,.3071512077120793,.8420638164271691,.7063221055369764
703,0,.2908974644953635,.9339290270009318,.8968950726767222
703,1,.9279704885667068,.9339290270009318,.8968950726767222
704,0,.2796468376176741,0,1.688341463090588
704,1,.4685645489629361,0,1.688341463090588
705,0,.3356935856279833,.8112475933030797,-.5515340156905676
705,1,.5483768225010419,.8112475933030797,-.5515340156905676
706,0,-.4485399721895295,.3030753048271962,-.3771186820744097
706,1,.4700923617052484,.3030753048271962,-.3771186820744097
707,0,-.1100641987186305,.8561958265812838,.7622389040490076
707,1,-.1102539173617723,.8561958265812838,.7622389040490076
708,0,-.9530785341479719,.5995939978976562,-1.992069216829691
708,1,-1.414516648321761,.5995939978976562,-1.992069216829691
709,0,.0982884164655951,0,.516471989941173
709,1,-.6452651483325005,0,.516471989941173
710,0,.8958233187754598,0,-1.068612749777466
710,1,-.2100479772007857,0,-1.068612749777466
711,0,-.0583074750721383,.204784456260661,.7296872152221221
711,1,.3182599901384291,.204784456260661,.7296872152221221
712,0,-.81944453526936,0,-1.775497099523856
712,1,-1.436987353049284,0,-1.775497099523856
713,0,-.4744981766459558,0,1.007786281886115
713,1,-.0319809582294148,0,1.007786281886115
714,0,-.104747683149224,0,.3083565432560736
714,1,.2689568977287172,0,.3083565432560736
715,0,-.7395810870264767,0,-1.481855837101529
715,1,-.0710578803450741,0,-1.481855837101529
716,0,-.5823274230082153,.2546577016260879,1.76741417941146
716,1,.7344265656286189,.2546577016260879,1.76741417941146
717,0,-.5608495293371021,0,.9265257384843545
717,1,.5046805075320255,0,.9265257384843545
718,0,-.096910232494885,.2372045400495887,-.6231343145865066
718,1,-.5573388972901395,.2372045400495887,-.6231343145865066
719,0,-.8892940205384448,.5070847341500416,-.1396963662767873
719,1,.3952173223852748,.5070847341500416,-.1396963662767873
720,0,-.3174319664658711,.0885876650840315,.1810106579786654
720,1,-.6807349197549096,.0885876650840315,.1810106579786654
721,0,-.0851918031455131,0,-1.124031261377922
721,1,-.0936098280526505,0,-1.124031261377922
722,0,.0625684193855733,.4451886987669978,2.76427547574714
722,1,1.988201488584316,.4451886987669978,2.76427547574714
723,0,-.1950007440898749,0,.0140124807493532
723,1,.4480715854465701,0,.0140124807493532
724,0,-.3963318758281606,0,-1.088939422541944
724,1,.1038205648026289,0,-1.088939422541944
725,0,.4437572001938382,0,-.1433286843589755
725,1,.1890267641100304,0,-.1433286843589755
726,0,.0467325623980769,0,1.166540437661099
726,1,.5219476225484814,0,1.166540437661099
727,0,.4227070738979718,0,-1.212123391093574
727,1,.6621858889122896,0,-1.212123391093574
728,0,.0175603964488357,0,.2931908688222369
728,1,.8953624271394331,0,.2931908688222369
729,0,.1931724224112581,.6971805097546443,-.1419508128564039
729,1,.0107813200528221,.6971805097546443,-.1419508128564039
730,0,.3343227500339695,0,.7649045163349413
730,1,-.1897857554061019,0,.7649045163349413
731,0,.1960004484669092,.4398235710493267,1.293940878862887
731,1,1.473662369876817,.4398235710493267,1.293940878862887
732,0,-.9614179619450665,.2750131936631771,-1.240946038861325
732,1,-1.505986616461528,.2750131936631771,-1.240946038861325
733,0,.1066416718258026,0,-.6043828422417274
733,1,.5846796316934776,0,-.6043828422417274
734,0,-.7238382152618144,0,-1.936289961243757
734,1,-.5667228480081945,0,-1.936289961243757
735,0,.7116432034677689,.462033287175221,-.118909029314734
735,1,.6332103921385382,.462033287175221,-.118909029314734
736,0,-1.292166463178319,0,.2429152547141096
736,1,-1.366567862380271,0,.2429152547141096
737,0,-.6017725692542031,0,-.0878064664300532
737,1,-.9355311129414596,0,-.0878064664300532
738,0,.0545823336504776,.8379039728536198,-.0832205647012428
738,1,.1507964863769788,.8379039728536198,-.0832205647012428
739,0,-1.533441780909669,0,-.3053259554290689
739,1,-.5662464442162048,0,-.3053259554290689
740,0,.7758114615303123,.8543067914114192,-1.542363838005654
740,1,1.389208892960784,.8543067914114192,-1.542363838005654
741,0,.0308780330814793,0,-.5439873178243086
741,1,-.8124684899365846,0,-.5439873178243086
742,0,-.8899097843603568,.3580290269786134,-.7627116860703964
742,1,-.079354201620614,.3580290269786134,-.7627116860703964
743,0,-.049355511654749,0,-1.588859280198908
743,1,-.3146461879268936,0,-1.588859280198908
744,0,-.504429352167689,.6911146862161822,-.4795789780364276
744,1,.4151437302186514,.6911146862161822,-.4795789780364276
745,0,-.2221082764165179,0,.2319998419727214
745,1,.4635214855622587,0,.2319998419727214
746,0,.6410261433723352,.9807528418604666,.8495043830555806
746,1,1.145809807005389,.9807528418604666,.8495043830555806
747,0,-1.183658814120538,.7890038383371981,1.439378179387283
747,1,-.178653103484352,.7890038383371981,1.439378179387283
748,0,.3981232060549309,.9070209565910682,.8381703885397277
748,1,1.250909441871771,.9070209565910682,.8381703885397277
749,0,-.4368908695888331,0,-2.029330232158804
749,1,-.7421796199045896,0,-2.029330232158804
750,0,-.497011822753975,0,-.9559102494960854
750,1,-.762778958708319,0,-.9559102494960854
751,0,.0357996673234957,0,-.9473447477633704
751,1,-.0113067059549085,0,-.9473447477633704
752,0,-.6397355983977759,0,.2739713595090102
752,1,-.2671627860779044,0,.2739713595090102
753,0,.2284740134540069,.5400305450832753,.412793110423829
753,1,-.4175736168674493,.5400305450832753,.412793110423829
754,0,-.1874340701883611,0,-.3037161234564128
754,1,-.2230338921999749,0,-.3037161234564128
755,0,.4784446425207193,0,-.3754486321807333
755,1,.6207767181608334,0,-.3754486321807333
756,0,.0775371501284748,0,-1.856560311943932
756,1,-.5668615467537677,0,-1.856560311943932
757,0,.5683269640185933,0,-.4637173511893956
757,1,.5251035852577205,0,-.4637173511893956
758,0,-.3640799997010401,0,-.9718789853655593
758,1,-.5132911445510695,0,-.9718789853655593
759,0,.2242384746949976,.5205316154767389,-.9867935634877523
759,1,.1359383704144811,.5205316154767389,-.9867935634877523
760,0,.6619189726331705,0,-1.906290362934936
760,1,.1448058113862901,0,-1.906290362934936
761,0,-.2643462479034388,.1371039790823142,-.0951074810939971
761,1,.3307359036048501,.1371039790823142,-.0951074810939971
762,0,.5575174969555647,.9034983169280598,1.03887049706154
762,1,.8791287874856784,.9034983169280598,1.03887049706154
763,0,-.1351661696388657,.1798843120644483,-.7212832068639848
763,1,-.4882281537736736,.1798843120644483,-.7212832068639848
764,0,-.0982495372095012,0,2.351688175086273
764,1,1.196494256666009,0,2.351688175086273
765,0,.1169133131620933,0,.1493140939798762
765,1,-.6522322945320579,0,.1493140939798762
766,0,.1408150575998306,0,-.3489933297225136
766,1,.061091593370922,0,-.3489933297225136
767,0,-.5201602405705581,0,.3856049648205462
767,1,-.5112556222968011,0,.3856049648205462
768,0,-.9107029189812097,0,-1.311753371731606
768,1,.0489034282894769,0,-1.311753371731606
769,0,.3940318297349771,0,.6486138318092746
769,1,.1088475587867939,0,.6486138318092746
770,0,.1552806168751097,0,-.3157097465799292
770,1,-1.111735792715845,0,-.3157097465799292
771,0,-.4230567192007202,0,.2806648950370179
771,1,-.7889556877962093,0,.2806648950370179
772,0,.5075169455185922,0,1.488870928900142
772,1,.1772549586764352,0,1.488870928900142
773,0,-.3030774294395903,0,.1858202652673037
773,1,.0601620311093643,0,.1858202652673037
774,0,-.2130334747836372,0,.0242766339578194
774,1,-.090570553784274,0,.0242766339578194
775,0,.0085087058125727,0,-.6880460573967933
775,1,-1.093758793705385,0,-.6880460573967933
776,0,-.8490378578195045,.8433087654273937,-.2028819253303257
776,1,-.3891552556096727,.8433087654273937,-.2028819253303257
777,0,-.5229922258576444,.1855202879838761,-.5842917588816453
777,1,-.2653677903267885,.1855202879838761,-.5842917588816453
778,0,-.1814105994182237,.7658874676295796,1.179385684406303
778,1,.8039359308182983,.7658874676295796,1.179385684406303
779,0,-.6476798738208347,.5993728239482937,1.093605416272871
779,1,.1420802642303526,.5993728239482937,1.093605416272871
780,0,-.3287516951938848,0,-.2067174166687192
780,1,-.297838441349767,0,-.2067174166687192
781,0,.2888507914233991,.917414549248711,.6674063047141658
781,1,.8686540199209629,.917414549248711,.6674063047141658
782,0,-1.550465269396962,.1019359391283653,-.233635404448051
782,1,-1.178978884158944,.1019359391283653,-.233635404448051
783,0,-.1246571524216015,0,-2.74990888023686
783,1,-.1350165227001185,0,-2.74990888023686
784,0,-.1780583213257613,0,-.8063081739696932
784,1,-.1592500682378945,0,-.8063081739696932
785,0,-1.187681274918386,.5124557876243431,-.0630076545246987
785,1,-.8309154009505606,.5124557876243431,-.0630076545246987
786,0,-.810961391010061,0,-.4777477855125288
786,1,-.9957602933853138,0,-.4777477855125288
787,0,.4885334147410743,0,-.4363690399552612
787,1,.1318374012091952,0,-.4363690399552612
788,0,-.2490456406654732,.2903227805389853,.5102249892933279
788,1,.8382956447545439,.2903227805389853,.5102249892933279
789,0,-.1229318124600621,.5315118003493934,-.4492635798816461
789,1,.4316990508261743,.5315118003493934,-.4492635798816461
790,0,.8350891265449712,0,-.4492002356333419
790,1,-.9560562401075127,0,-.4492002356333419
791,0,-1.071601909677761,.6327355804550784,2.079909231758795
791,1,1.445426165848436,.6327355804550784,2.079909231758795
792,0,-.5081893086770387,.5520721976823718,2.777476095830113
792,1,1.12282202111424,.5520721976823718,2.777476095830113
793,0,-.0161460582039492,.204691983742931,-.2820816328215587
793,1,-.5480267703252653,.204691983742931,-.2820816328215587
794,0,.166342748902425,.281729154561532,.4204273267831538
794,1,.9762385709818862,.281729154561532,.4204273267831538
795,0,.6016990407832912,0,-.927662059316585
795,1,-1.376726936375454,0,-.927662059316585
796,0,.6748650178385547,0,-.8290122298639097
796,1,.7545670858758673,0,-.8290122298639097
797,0,-.0556187944591829,0,-1.120189882724327
797,1,-.5825645411024848,0,-1.120189882724327
798,0,-.4464111250048706,.0145253883510758,1.465965735526726
798,1,-.2050367296238571,.0145253883510758,1.465965735526726
799,0,.1935126466668752,0,-.8464302336435593
799,1,-1.067559897083082,0,-.8464302336435593
800,0,.4532356668947215,.7432478783577597,.7157835499334377
800,1,1.085418014737299,.7432478783577597,.7157835499334377
801,0,-.1081062899126791,.184519575378873,1.20506106028819
801,1,.8798860084852087,.184519575378873,1.20506106028819
802,0,.3470612443291799,0,-2.594245382596575
802,1,.6330982499563544,0,-2.594245382596575
803,0,.5341834655935559,.6839467908264806,-1.365007847948232
803,1,.2050862742522792,.6839467908264806,-1.365007847948232
804,0,-.0136222579329779,0,-2.376538075050981
804,1,-.5073404127431334,0,-2.376538075050981
805,0,-.9818232218998926,.8250696065279733,1.378832557544902
805,1,.5997136191471111,.8250696065279733,1.378832557544902
806,0,.902363069777969,0,1.305896454316527
806,1,1.277792381477775,0,1.305896454316527
807,0,-.0925098357451046,.2154748553195299,-.7686905131187238
807,1,-.9298369314986157,.2154748553195299,-.7686905131187238
808,0,.1888915462144702,.6997405589314362,.6776148098244652
808,1,.6663120177318933,.6997405589314362,.6776148098244652
809,0,-.461698494348623,.3898091131340981,.2345705527788474
809,1,.290908241427458,.3898091131340981,.2345705527788474
810,0,-.3795121911258735,0,.2208984685850424
810,1,.2875468374338985,0,.2208984685850424
811,0,-.3311201923644467,0,-1.513534474471352
811,1,.0226108444161947,0,-1.513534474471352
812,0,.4412334164642321,.079178307516475,.8412564640799811
812,1,.6022758172840956,.079178307516475,.8412564640799811
813,0,.7051314931759622,.7802655831505482,.2220450926065678
813,1,-.3946244513451592,.7802655831505482,.2220450926065678
814,0,.2293181936654489,0,.8859036293361505
814,1,1.344447673519123,0,.8859036293361505
815,0,-.4751623466313278,.0661191054055353,-1.014361430971366
815,1,.2956979950573163,.0661191054055353,-1.014361430971366
816,0,.4472811812412303,0,-.5601239728205389
816,1,.2078027559491454,0,-.5601239728205389
817,0,.1709123376149305,0,-.612547581222613
817,1,.4148893189912257,0,-.612547581222613
818,0,.0592472654378323,0,-.9016480659791039
818,1,.125610326769212,0,-.9016480659791039
819,0,-.3342214307158848,0,.306185591062715
819,1,.3325206860049696,0,.306185591062715
820,0,.3072744045876418,0,.7084536393171622
820,1,.526761849172653,0,.7084536393171622
821,0,-1.019439587774126,.6248472705409452,.250315742941613
821,1,.8011359357433213,.6248472705409452,.250315742941613
822,0,-.3979798354960618,0,-1.333880626270229
822,1,-1.118958030790903,0,-1.333880626270229
823,0,.2713754491684608,.2608797038798346,1.285364636640294
823,1,1.179837541588218,.2608797038798346,1.285364636640294
824,0,.4430535649260038,0,-1.806022040615397
824,1,.2977759499061248,0,-1.806022040615397
825,0,-.2709582615005274,0,.8391752698805618
825,1,.3248418223141467,0,.8391752698805618
826,0,.3498542214823254,0,-.8431208571662321
826,1,.0002070048099109,0,-.8431208571662321
827,0,-.7095795804276509,.8883182685213745,1.049015699230559
827,1,-.2395860208138123,.8883182685213745,1.049015699230559
828,0,1.090336833455812,.791326921857037,-1.566904167223853
828,1,.5888153370983753,.791326921857037,-1.566904167223853
829,0,-.5589746142010992,0,-.8599500239341663
829,1,-.5757698945489323,0,-.8599500239341663
830,0,-.3130459239519075,.8464413336297515,1.520767597211865
830,1,.6808217879026199,.8464413336297515,1.520767597211865
831,0,-.1842414053278034,0,.4019569385162213
831,1,-.5812283405060692,0,.4019569385162213
832,0,.4185365838536574,0,.9390810413447304
832,1,-.1770590489639524,0,.9390810413447304
833,0,.1520606094780728,.3030025009952994,1.429410675700207
833,1,.7324517423329422,.3030025009952994,1.429410675700207
834,0,.2180888256228136,.0572368243672631,.2885184350110138
834,1,.164778512558548,.0572368243672631,.2885184350110138
835,0,.1369914898754229,.867580884668293,.3289108199871395
835,1,-.2061821388696756,.867580884668293,.3289108199871395
836,0,.7476224472295744,0,.7340477039909201
836,1,.3962503788348128,0,.7340477039909201
837,0,-.3946668722243029,.1693942420408933,-.1400792839678074
837,1,.3967041091025637,.1693942420408933,-.1400792839678074
838,0,.0356918268847739,0,1.84289239928463
838,1,.4801056390093895,0,1.84289239928463
839,0,-.7954689458926343,0,-1.129287279518685
839,1,-1.230364161227257,0,-1.129287279518685
840,0,-.451521706277945,.1859315227205879,-.7920698418082115
840,1,1.268611489303371,.1859315227205879,-.7920698418082115
841,0,-.4747393358091731,0,2.718727386377888
841,1,-.0568463452773983,0,2.718727386377888
842,0,-.5483246925611773,0,-.5075663567652389
842,1,-.0486098656885676,0,-.5075663567652389
843,0,.2388178527041906,0,-.688344274393223
843,1,-.1730613138793132,0,-.688344274393223
844,0,-.5400939605798684,.403544969057635,-.45523406258777
844,1,-.5070063012750683,.403544969057635,-.45523406258777
845,0,.9934591328556542,.2864603231923747,-.4187296500349878
845,1,-.0444348934189902,.2864603231923747,-.4187296500349878
846,0,1.230225189765143,0,1.479669613397046
846,1,1.540846550204266,0,1.479669613397046
847,0,-.6291610786210665,0,-.9340545376122593
847,1,-.4423816281754313,0,-.9340545376122593
848,0,-.0295775357433453,0,-.6370989321029399
848,1,-.3525315859305963,0,-.6370989321029399
849,0,-.3557341044964424,0,-.4114365983573616
849,1,-.3640957479053193,0,-.4114365983573616
850,0,-.7537452858237892,.5315592298875113,.5517778483797229
850,1,.8268251589371364,.5315592298875113,.5517778483797229
851,0,-.7639727450196714,.0447938747928155,-.2600340773429162
851,1,-.184341129574077,.0447938747928155,-.2600340773429162
852,0,-.3607916320916748,.6030056891200616,-1.11022934857225
852,1,-.6298448107497827,.6030056891200616,-1.11022934857225
853,0,.2088124443659961,.7993465666463017,-.4293418657350866
853,1,-.2523449486986136,.7993465666463017,-.4293418657350866
854,0,.4960407836990504,0,1.551082326013037
854,1,1.212456783168665,0,1.551082326013037
855,0,-.5227518995235929,0,-1.987902620327022
855,1,-1.049443911998162,0,-1.987902620327022
856,0,.1897625910835169,0,-.3213603904688781
856,1,-.2506297806241556,0,-.3213603904688781
857,0,-.4944775069989285,0,.7518635212161043
857,1,-.3576300763232065,0,.7518635212161043
858,0,.0219127151138985,0,-.2922164806489286
858,1,-.4881114664263964,0,-.2922164806489286
859,0,-1.075489053099594,.4365747220024013,.7750498423537162
859,1,-.4209329557066422,.4365747220024013,.7750498423537162
860,0,.243063710160366,0,.9425635267028371
860,1,.8535181367319822,0,.9425635267028371
861,0,.3886186250139438,0,-.2169119880419251
861,1,.6621481637668046,0,-.2169119880419251
862,0,-.4224409442583006,0,-.5335909516919352
862,1,-1.236805074436086,0,-.5335909516919352
863,0,.2433242666620327,0,-.4385962796520058
863,1,-.9758543904479973,0,-.4385962796520058
864,0,.1603694084021245,0,-.492489397289374
864,1,.0719064111014345,0,-.492489397289374
865,0,1.305494227697497,0,-.5573429567941602
865,1,-.3003446618049174,0,-.5573429567941602
866,0,-.4514396093449244,0,-.2464309731013659
866,1,1.549414473003284,0,-.2464309731013659
867,0,.0748980465046735,.0226763516939014,.2067643831981286
867,1,.2251500635453546,.0226763516939014,.2067643831981286
868,0,-.2288537437914858,0,-.2439293256770911
868,1,-.1476301037433917,0,-.2439293256770911
869,0,1.024224881328243,.6675140937424874,.0802018069017163
869,1,1.308130583614789,.6675140937424874,.0802018069017163
870,0,.5839808270999798,.6329935870333762,.2766303289879856
870,1,-.3912257891024108,.6329935870333762,.2766303289879856
871,0,.6651043571682314,0,.0398168204707388
871,1,1.281127790570495,0,.0398168204707388
872,0,.7548540946538427,0,.0856734497031887
872,1,-.2938883079785714,0,.0856734497031887
873,0,-.6359565395267044,0,-.4055386694795937
873,1,-1.562782357344631,0,-.4055386694795937
874,0,-.0420516520031635,.8032753159911151,.4477595239627863
874,1,.3541694591911465,.8032753159911151,.4477595239627863
875,0,-.7332570545767647,0,-1.371275457080462
875,1,-1.261581033746416,0,-1.371275457080462
876,0,.0914507527352522,0,-.5169653449779461
876,1,-.027627029257691,0,-.5169653449779461
877,0,-.6311120506327811,0,-.857941065178534
877,1,-.0259377206825934,0,-.857941065178534
878,0,-1.005410003740943,.4605445398017219,1.200409287125744
878,1,.5668044594865906,.4605445398017219,1.200409287125744
879,0,-.4159777718269129,.7186614308473772,-.5324965892640364
879,1,.4577303723092405,.7186614308473772,-.5324965892640364
880,0,-.603960264981748,.6900237004295736,-.2450210390218602
880,1,.0855150402419634,.6900237004295736,-.2450210390218602
881,0,-.9989528270284028,.583616279954097,.6159905586604801
881,1,-.3403475758883047,.583616279954097,.6159905586604801
882,0,.3531575536883839,.7418942655675961,.5326624820578868
882,1,-.3664488417336885,.7418942655675961,.5326624820578868
883,0,-.0766104712630028,0,.9504956118503401
883,1,.709551141685828,0,.9504956118503401
884,0,.1878845369361292,0,-.4442333011172749
884,1,-.205815856276453,0,-.4442333011172749
885,0,-.656492751312563,.3847272006373471,-.4273163459463247
885,1,-.811339685138215,.3847272006373471,-.4273163459463247
886,0,.2643395722070312,.7983877310468127,1.707450467951781
886,1,1.362919247174354,.7983877310468127,1.707450467951781
887,0,1.360060375548595,.949387361080439,.9005172499190363
887,1,1.438070141262506,.949387361080439,.9005172499190363
888,0,-.0468127045171461,.9122435521676083,1.076192348660162
888,1,.9856161990411328,.9122435521676083,1.076192348660162
889,0,.5475744393167306,.8600461428034786,2.377234382899472
889,1,1.906706395717269,.8600461428034786,2.377234382899472
890,0,-.3891826553583231,.3373676265980016,1.210680778457645
890,1,-.5676186868815943,.3373676265980016,1.210680778457645
891,0,-.632974510318698,0,.0190841259962732
891,1,-.3407895110671315,0,.0190841259962732
892,0,.8801101731530729,.8787645827894638,1.248690481879723
892,1,1.131046057260892,.8787645827894638,1.248690481879723
893,0,.7211943060693861,0,.9056008895956301
893,1,.8373066588051077,0,.9056008895956301
894,0,1.111018940813518,.0678694500311926,-1.078226895568536
894,1,-1.236943997171385,.0678694500311926,-1.078226895568536
895,0,-.3204262628666527,0,-1.772687447018407
895,1,-.2430902440975949,0,-1.772687447018407
896,0,-.5628729795893118,.9624025953749767,.3399193263549464
896,1,.4584998110382487,.9624025953749767,.3399193263549464
897,0,-.0933020771281984,0,-.9021663417732837
897,1,-.2310097824163547,0,-.9021663417732837
898,0,-.5881451544515715,.0999262184008979,-.6436556291461266
898,1,-1.766803801636735,.0999262184008979,-.6436556291461266
899,0,-1.051956523471216,0,2.220547624158546
899,1,1.259240603816609,0,2.220547624158546
900,0,1.467845693333334,0,-.2839102355980794
900,1,1.235792148242625,0,-.2839102355980794
901,0,-.2710015476917138,.5106194696372827,.7770690968236358
901,1,.6478602467752762,.5106194696372827,.7770690968236358
902,0,-.7289912242704282,.6785940952801074,.9082552525347535
902,1,1.633025345805164,.6785940952801074,.9082552525347535
903,0,-.4120029371995893,0,-1.959284329851047
903,1,-.0782287843944052,0,-1.959284329851047
904,0,.6884974445928744,.1113944828631966,.3056477938748085
904,1,.637207886949855,.1113944828631966,.3056477938748085
905,0,.6703821000181956,0,-.8257706774131401
905,1,.0089788276389889,0,-.8257706774131401
906,0,.0856824702788395,0,.4629578819330125
906,1,.115033563207082,0,.4629578819330125
907,0,.9392332395818936,.8704875325645948,-.4871144251650406
907,1,.8701210327153248,.8704875325645948,-.4871144251650406
908,0,-.4900043785807422,0,1.685310350815631
908,1,-.0878192598447999,0,1.685310350815631
909,0,.1364993420229814,0,1.583687272182094
909,1,.7969100555051351,0,1.583687272182094
910,0,.0974286565978575,0,-.4436840997011015
910,1,-1.380439692301488,0,-.4436840997011015
911,0,-.4936244981991132,0,-2.335721866830281
911,1,-.5251538410472387,0,-2.335721866830281
912,0,-.7316118651573023,.8801307084659263,.2851509522121243
912,1,.9678058926902954,.8801307084659263,.2851509522121243
913,0,.6654766756640484,.0284195061453586,-.6638472438167718
913,1,-.2541684917358237,.0284195061453586,-.6638472438167718
914,0,.0458967335404165,.3650670289580339,1.649116126458715
914,1,-.3126826821411944,.3650670289580339,1.649116126458715
915,0,1.147088006705677,0,.1790132390405684
915,1,.065518428047175,0,.1790132390405684
916,0,-.7708270244925448,0,-1.427609376346715
916,1,-.3891875753246,0,-1.427609376346715
917,0,-.2342989710052486,.7917591707917756,-.5461964878822734
917,1,.0220320659850569,.7917591707917756,-.5461964878822734
918,0,-.0045347500008086,.6955984100087488,2.082172360191384
918,1,1.046399897278216,.6955984100087488,2.082172360191384
919,0,-.0062430636067015,.9978117876054199,1.152836710840937
919,1,.7265952779548404,.9978117876054199,1.152836710840937
920,0,.2868739226559403,0,-.1611163975956988
920,1,-.2636738992740202,0,-.1611163975956988
921,0,-.4622475470804631,.4382291763525209,.8248640013715963
921,1,.4474615192607961,.4382291763525209,.8248640013715963
922,0,-.3458748687465769,.3544446155550288,1.948885969064261
922,1,1.090799974026213,.3544446155550288,1.948885969064261
923,0,-.0951244131910368,.3747301241250655,1.807846075566081
923,1,1.393980382331324,.3747301241250655,1.807846075566081
924,0,.3032554970170932,0,-1.152265846882919
924,1,-.625270047386566,0,-1.152265846882919
925,0,.1462215362543469,.64309522526145,.9715435662480455
925,1,.773345455892436,.64309522526145,.9715435662480455
926,0,.0307110646031665,0,-.5446029876912674
926,1,1.283872391399827,0,-.5446029876912674
927,0,-.0380111014304139,.7319907232450756,.5091203076678081
927,1,1.323616923818361,.7319907232450756,.5091203076678081
928,0,.1494721391840127,.6717626097225439,.8589373855234111
928,1,1.575767766098198,.6717626097225439,.8589373855234111
929,0,-.5368723247591216,0,-.1994144831072015
929,1,-.067053450364667,0,-.1994144831072015
930,0,.4248754159721844,0,-1.383674383100725
930,1,.1997537867830785,0,-1.383674383100725
931,0,-.3416764096868692,0,-.1948607363377011
931,1,-.6232662322936151,0,-.1948607363377011
932,0,-.4235879582111856,.679267763813067,-.0787888335431482
932,1,.8190399393644692,.679267763813067,-.0787888335431482
933,0,-.2855377465420623,.1786756240531976,1.465176047452577
933,1,.0552966558836772,.1786756240531976,1.465176047452577
934,0,.2889060701492481,0,.7549331677396296
934,1,.0022134220918953,0,.7549331677396296
935,0,.3229196290303475,.9184787786068219,.21257651236549
935,1,.7937539547399108,.9184787786068219,.21257651236549
936,0,.6000742324811126,0,.6085584788580993
936,1,-.5405064774486315,0,.6085584788580993
937,0,-.2652178150754088,.5689348082697635,-1.338584324461047
937,1,.3152820205491954,.5689348082697635,-1.338584324461047
938,0,-.490175095780671,.6456286377530961,.1184880386254225
938,1,.4630784917602311,.6456286377530961,.1184880386254225
939,0,-.4699679387722456,0,1.791862144045437
939,1,-.0795601402733073,0,1.791862144045437
940,0,-.4421935372752717,0,.4903378894153784
940,1,.7392310660255086,0,.4903378894153784
941,0,-.0060247412129755,0,-.4335025336807321
941,1,-1.108180532298185,0,-.4335025336807321
942,0,.4208478685220293,0,-.4188077061588498
942,1,.3286630353882219,0,-.4188077061588498
943,0,-.4956594972067918,0,-.0371769969325557
943,1,.1620888085511092,0,-.0371769969325557
944,0,-.814966610153568,0,-.2133475015319614
944,1,.4385613990653657,0,-.2133475015319614
945,0,-.0340676973141684,.534612830507965,.1525363835128374
945,1,.8314279682900885,.534612830507965,.1525363835128374
946,0,.0058766693992909,.9916504198987356,-1.000822796251592
946,1,.0359148311249239,.9916504198987356,-1.000822796251592
947,0,.1343960103102438,0,.9722283537744179
947,1,-.1279689519778161,0,.9722283537744179
948,0,-.321497336924419,0,-.7627910611180817
948,1,-.7741793983762719,0,-.7627910611180817
949,0,-.4882279491547836,.8977400569764563,.5187175013531515
949,1,.0981499334151057,.8977400569764563,.5187175013531515
950,0,.3138813684260604,0,-.2531544984399114
950,1,-.818534492194616,0,-.2531544984399114
951,0,-.0655576102937687,.2877914707963364,-.1050641981462168
951,1,-.2884952009945055,.2877914707963364,-.1050641981462168
952,0,-.1051269219925046,0,-.1049908704346208
952,1,-.3077781968382192,0,-.1049908704346208
953,0,.0351890897370654,.6967500464788204,-.499541024931219
953,1,-1.519841826987431,.6967500464788204,-.499541024931219
954,0,-.3131641714150983,.6449323056383992,1.372056422770081
954,1,1.103337000670324,.6449323056383992,1.372056422770081
955,0,.1046073894076407,.3641832711936638,.3342425983401196
955,1,.5749272812186451,.3641832711936638,.3342425983401196
956,0,-.1393388459445478,0,.9374643274778044
956,1,.9017367570741066,0,.9374643274778044
957,0,.4551660653738842,.957709772563586,.637933455451217
957,1,.6608629188349811,.957709772563586,.637933455451217
958,0,-.5865305234698703,.0207956348957817,.7463229794532047
958,1,.6983070302830034,.0207956348957817,.7463229794532047
959,0,-.1683119768546067,0,-.8339023760655623
959,1,-.846847852899867,0,-.8339023760655623
960,0,.8269365659977728,0,-.5973220337571552
960,1,.6000301010022573,0,-.5973220337571552
961,0,-.347597146541102,0,-.0771770018922062
961,1,-.5084230247114025,0,-.0771770018922062
962,0,1.023806059721891,0,-1.607291035466453
962,1,-.2698491939514428,0,-1.607291035466453
963,0,.6206412926163051,0,-.0855492536627354
963,1,.6725795399270529,0,-.0855492536627354
964,0,.2431081199913056,.3331252058816142,-.1392576919367058
964,1,.039900742997205,.3331252058816142,-.1392576919367058
965,0,-.1326755010306818,0,1.164272143411374
965,1,-.3305809486604632,0,1.164272143411374
966,0,-1.236351320217939,.0151455144917655,1.714697220169137
966,1,-.5097610938136392,.0151455144917655,1.714697220169137
967,0,-.276466682724156,.6057228146896024,2.072267979511492
967,1,1.164956509745507,.6057228146896024,2.072267979511492
968,0,-.836006287739146,.2400676803708809,2.812529743845201
968,1,.9107404410996223,.2400676803708809,2.812529743845201
969,0,-.5459395446643778,0,.9802237162686719
969,1,-.0622251780079971,0,.9802237162686719
970,0,-1.35889995800765,.5920005695499896,1.895191573509983
970,1,1.103202155637084,.5920005695499896,1.895191573509983
971,0,.5377070159856019,.4457671028334925,-.2769276519527423
971,1,.1393370336933813,.4457671028334925,-.2769276519527423
972,0,.627148745214005,.8199052392523846,-.3365451438107765
972,1,-.1330038620215268,.8199052392523846,-.3365451438107765
973,0,.5220125145360994,.2625947901092013,.5248742986304785
973,1,-.0354654449247948,.2625947901092013,.5248742986304785
974,0,-.1128109166544041,.040232101746925,1.187246096693874
974,1,.9620217160071685,.040232101746925,1.187246096693874
975,0,.6594497123018842,0,.5332151569734629
975,1,.2908512338672213,0,.5332151569734629
976,0,.537263392134802,.7659341122817968,-.0092853314108188
976,1,1.160925979655651,.7659341122817968,-.0092853314108188
977,0,.471571319361019,.6194906492071129,.2246632714735754
977,1,-.1351852299154901,.6194906492071129,.2246632714735754
978,0,-.1895811624608049,.5224385806406365,-.6807893635450712
978,1,-.6066669885911401,.5224385806406365,-.6807893635450712
979,0,-.4616142439420015,0,.9788173429057719
979,1,-.5194048247529208,0,.9788173429057719
980,0,.3232868500534944,0,-.3269089650821448
980,1,-.6947445976924649,0,-.3269089650821448
981,0,-.2441603871126996,0,-1.03484737056372
981,1,-1.027994576591496,0,-1.03484737056372
982,0,.5952326411722169,.7943862258694524,.0123814639081617
982,1,.8951979128213755,.7943862258694524,.0123814639081617
983,0,-.4436525084561146,.3702299673875104,.824682070567564
983,1,.2985314379353158,.3702299673875104,.824682070567564
984,0,.5416127543332815,.3088885988891484,-.7635745362893105
984,1,.444859014736933,.3088885988891484,-.7635745362893105
985,0,.4583979491416466,.2310691138316031,-1.900803094357073
985,1,-.3264860336222751,.2310691138316031,-1.900803094357073
986,0,.895886285498692,.5805265357482544,1.48807518950391
986,1,.9034435647844834,.5805265357482544,1.48807518950391
987,0,-.1074667023191028,.6312367316468269,.0976588251277897
987,1,1.073852619834484,.6312367316468269,.0976588251277897
988,0,-1.140017586760951,.4449814678852043,1.654130026947035
988,1,-.6071928832420356,.4449814678852043,1.654130026947035
989,0,.6713588831832044,0,.0467868736965246
989,1,.8988709003329833,0,.0467868736965246
990,0,-.1027222364751469,.9177752439769397,-1.675602794689152
990,1,-.1964828131290732,.9177752439769397,-1.675602794689152
991,0,.3767841246832414,0,-1.124546547971461
991,1,.6970798188226379,0,-1.124546547971461
992,0,.1993233781314423,.7602157035029035,1.175243540008054
992,1,2.072241600520553,.7602157035029035,1.175243540008054
993,0,-.4243603765001177,.2820931988214824,1.125732059068476
993,1,1.419835360650272,.2820931988214824,1.125732059068476
994,0,-.4028578392878621,0,-.7862250400522272
994,1,-1.090290525426159,0,-.7862250400522272
995,0,.8054087684602289,.2515015557513199,.0975178423587452
995,1,1.158918788751002,.2515015557513199,.0975178423587452
996,0,.7550359821757762,.5780442592500233,-.3881190905737399
996,1,.5617292798987243,.5780442592500233,-.3881190905737399
997,0,-.2974053598542242,.3859493355788869,.1689908839923667
997,1,-.482276575843412,.3859493355788869,.1689908839923667
998,0,-.87671937651487,.2890860864191825,1.378233975451965
998,1,.0969290709292113,.2890860864191825,1.378233975451965
999,0,.4560918454862698,.6611286742904475,-1.133943582442704
999,1,1.008626194241975,.6611286742904475,-1.133943582442704
1000,0,.0406619803050111,0,-.0051878722369892
1000,1,-1.018632772135902,0,-.0051878722369892
1001,0,-.7991910481200635,0,.1706786640320256
1001,1,-1.015499076153396,0,.1706786640320256
1002,0,-.2029331601800779,.9783787226551285,.6194867286169861
1002,1,.5543432801669832,.9783787226551285,.6194867286169861
1003,0,-.1873282159746556,.2420732599916827,.6640563704967671
1003,1,.0883524350562031,.2420732599916827,.6640563704967671
1004,0,-.0182922789441891,0,-.8756032666121812
1004,1,.0006227066942026,0,-.8756032666121812
1005,0,-.056447007281679,0,-.8385900935538518
1005,1,-.2028399292144669,0,-.8385900935538518
1006,0,-.248060138598239,0,1.052495223148605
1006,1,.5155086522208167,0,1.052495223148605
1007,0,.0930863854633308,0,.5353011800918135
1007,1,.6933454238473133,0,.5353011800918135
1008,0,-.5370470558666914,.4594122000201043,-1.595636593722433
1008,1,-2.019127434346213,.4594122000201043,-1.595636593722433
1009,0,-.384467729768985,.4443051980888254,1.252756591489508
1009,1,.7298190548151824,.4443051980888254,1.252756591489508
1010,0,.4473969190693631,0,-.7928865920158988
1010,1,.3050783159882965,0,-.7928865920158988
1011,0,.5867964688230685,.8522473126051041,.1473595109668246
1011,1,.7392501272622355,.8522473126051041,.1473595109668246
1012,0,.7692839766041044,.5759913246469289,-.2314106757839147
1012,1,1.209693288050282,.5759913246469289,-.2314106757839147
1013,0,-.6332471645365707,0,-.2252470710774787
1013,1,.4951732957273995,0,-.2252470710774787
1014,0,.0063175856515928,.4703115655011526,.813185756992657
1014,1,.2675253001554374,.4703115655011526,.813185756992657
1015,0,.7972112551878719,0,.3197160337389925
1015,1,.0082710248555229,0,.3197160337389925
1016,0,-.6003555814085756,.5313356206354162,-.8528633781668145
1016,1,-.0485677113875289,.5313356206354162,-.8528633781668145
1017,0,-.5294991843367858,.3180871503038835,-.9333189411349667
1017,1,.160638505371861,.3180871503038835,-.9333189411349667
1018,0,-.0105789920000404,0,-.8137314840279698
1018,1,-.5264319037144848,0,-.8137314840279698
1019,0,-.2259659652755266,.8259705041443054,1.451516153670731
1019,1,1.314152273272412,.8259705041443054,1.451516153670731
1020,0,.2398864437156265,0,-.6232018686537378
1020,1,-.1569213757392869,0,-.6232018686537378
1021,0,.4467331489918958,0,-.4405528307069952
1021,1,.0294175761047493,0,-.4405528307069952
1022,0,-.7726715641503803,.9276633005564275,.7864407700970816
1022,1,1.327651753464755,.9276633005564275,.7864407700970816
1023,0,.15813335383891,0,.4186669967711462
1023,1,.3363281126126458,0,.4186669967711462
1024,0,1.274634334327726,0,1.461118141336464
1024,1,1.288359283417552,0,1.461118141336464
1025,0,.7713183942559161,.2508891185611052,-.3547803115676376
1025,1,.2890911311097905,.2508891185611052,-.3547803115676376
1026,0,.8609506570139959,.9377557915088169,.0876182172788262
1026,1,1.461643266001929,.9377557915088169,.0876182172788262
1027,0,.303741571024071,0,-.4278375902297746
1027,1,-.1831326871040404,0,-.4278375902297746
1028,0,.434731872985652,0,.4611888991647843
1028,1,1.178931636974827,0,.4611888991647843
1029,0,.4860757757971561,.800176570706799,.4014227264792262
1029,1,2.079318347375069,.800176570706799,.4014227264792262
1030,0,-.8437026236226578,.8260430359321317,-.0155316123399394
1030,1,1.172828620041003,.8260430359321317,-.0155316123399394
1031,0,.0134089543281385,0,.3190371198533011
1031,1,.0294859180924506,0,.3190371198533011
1032,0,-.3128724567335039,0,-.7913507954532477
1032,1,.4360756058379845,0,-.7913507954532477
1033,0,1.060168994235737,.3047619849537099,-.7059936225146255
1033,1,.8188728310738227,.3047619849537099,-.7059936225146255
1034,0,1.317844284808568,.9839053348258296,.2639724423774363
1034,1,.7141600334488628,.9839053348258296,.2639724423774363
1035,0,-.6821353289946767,.0575180917416983,.8151552704886287
1035,1,.4532402858646117,.0575180917416983,.8151552704886287
1036,0,.3792952313391239,.1899122711942175,.0607528055831552
1036,1,-.0809582025515468,.1899122711942175,.0607528055831552
1037,0,-.1434892632543321,0,-1.120285147964412
1037,1,-1.254095501267656,0,-1.120285147964412
1038,0,-.7699621651825211,.2514783648515925,.1113156030310928
1038,1,.072033011936754,.2514783648515925,.1113156030310928
1039,0,.4521035864362298,.8869634152116902,.3411371252044416
1039,1,-.0013062184095195,.8869634152116902,.3411371252044416
1040,0,-.2004654324770883,0,.1490328159090265
1040,1,-.6133635289591695,0,.1490328159090265
1041,0,-.2325553241716787,.8572549694528476,-.4458593247213375
1041,1,.7430532529224654,.8572549694528476,-.4458593247213375
1042,0,.3425993948827841,0,1.180939062190431
1042,1,.1542769357530173,0,1.180939062190431
1043,0,-1.332105943019783,.6604163333376952,.7599462320090721
1043,1,.0687553747672536,.6604163333376952,.7599462320090721
1044,0,-.0492771343441735,0,-2.164818227982693
1044,1,-.9312402146198139,0,-2.164818227982693
1045,0,-.1221420829135842,0,-.3066257204118413
1045,1,.1474869266657438,0,-.3066257204118413
1046,0,.3694801853724615,0,.3003917284988002
1046,1,-.3811901060800781,0,.3003917284988002
1047,0,-.6837101204264188,0,-.9950217677002331
1047,1,-.0834124564961325,0,-.9950217677002331
1048,0,-.0592236506421699,.8215994429677779,.188887755876767
1048,1,.9278175506413547,.8215994429677779,.188887755876767
1049,0,-.2400053330134695,.8598486458474707,-.2121627522412582
1049,1,.3136445876848131,.8598486458474707,-.2121627522412582
1050,0,.3829274574413132,.7427969707983838,1.088309969703463
1050,1,1.064322914103047,.7427969707983838,1.088309969703463
1051,0,.2586216194499869,0,-.6910322745845811
1051,1,.0045414307337033,0,-.6910322745845811
1052,0,.5781692189489052,.2563178887999201,-1.811056918340389
1052,1,-1.296380391585088,.2563178887999201,-1.811056918340389
1053,0,.7565198165234176,0,.49886618332808
1053,1,.6954368630104907,0,.49886618332808
1054,0,.8111010587515508,.8602995188105579,.4130459604633446
1054,1,.3089333926412736,.8602995188105579,.4130459604633446
1055,0,-1.201713934913928,.6216629082667565,-.5764773109291779
1055,1,.7030619289365536,.6216629082667565,-.5764773109291779
1056,0,-.0529751972826829,0,-.1236320581327944
1056,1,-.1262507412587771,0,-.1236320581327944
1057,0,.0563249114977445,.1699744070690138,-.4336326180385823
1057,1,-.987178422994999,.1699744070690138,-.4336326180385823
1058,0,-.324718971943857,0,.1080498913154246
1058,1,-.5937492166254443,0,.1080498913154246
1059,0,.3585459555952348,0,-.9513868323751442
1059,1,.0684992995016222,0,-.9513868323751442
1060,0,.6456308506807842,0,.6240912422031951
1060,1,-.2928775815462215,0,.6240912422031951
1061,0,-.759244054874287,0,.2621501309435682
1061,1,-.7333015726842776,0,.2621501309435682
1062,0,.4259023251444745,0,-.3701553190863998
1062,1,.6355283813240802,0,-.3701553190863998
1063,0,.6010226387912802,.8132214240036612,-1.236248360076094
1063,1,.0187257241349587,.8132214240036612,-1.236248360076094
1064,0,.2344147398444456,.3289723969247192,1.597542983703252
1064,1,1.304357568253107,.3289723969247192,1.597542983703252
1065,0,-.2699539291646136,0,-.7880631965467092
1065,1,-.7365752029904342,0,-.7880631965467092
1066,0,-.9669831375697788,0,-.5151625786548408
1066,1,-.4565268141909111,0,-.5151625786548408
1067,0,-.2858190438552693,0,-.0171913158750394
1067,1,-.9121857204217072,0,-.0171913158750394
1068,0,-.3129432867227005,0,1.168290988325522
1068,1,-.5317252412731013,0,1.168290988325522
1069,0,-.2594242597263767,.6455671837075531,-.3838285879843888
1069,1,-.3956916552333432,.6455671837075531,-.3838285879843888
1070,0,.3232018903867164,.7520469974292164,-.4422222444102376
1070,1,.0216689177413287,.7520469974292164,-.4422222444102376
1071,0,.212896402649042,.9822683323386668,1.13222228424581
1071,1,1.503505327687098,.9822683323386668,1.13222228424581
1072,0,.4076228101270288,.7053885028869292,.4564619213973853
1072,1,.7153006116043951,.7053885028869292,.4564619213973853
1073,0,-.3388104702253446,0,1.774387696246627
1073,1,1.096530522113186,0,1.774387696246627
1074,0,.8170071685053031,.1505319636673722,-1.348224063375247
1074,1,-.3086976380282327,.1505319636673722,-1.348224063375247
1075,0,.1515652988421543,0,-1.599206319592519
1075,1,-1.080359401796665,0,-1.599206319592519
1076,0,-.1140756833535868,.3926889882822325,.4460629777333823
1076,1,-.4046369608367975,.3926889882822325,.4460629777333823
1077,0,-.0160092727150599,0,-.5976658770700948
1077,1,.1162165359956638,0,-.5976658770700948
1078,0,-.7945492599577145,.9540936445020668,-.0684274111101086
1078,1,-.7868942078998753,.9540936445020668,-.0684274111101086
1079,0,.5889454162089879,0,-.9066449535608697
1079,1,.0629573036868412,0,-.9066449535608697
1080,0,.0685428838861814,0,-1.145125040229295
1080,1,-.4792888900232685,0,-1.145125040229295
1081,0,.1143051424243987,0,.5356750527698657
1081,1,-.2905792722030683,0,.5356750527698657
1082,0,-.4186239543893168,.5139528585058487,.7600204962607622
1082,1,.1154556548210312,.5139528585058487,.7600204962607622
1083,0,.080314778483914,.854197470921828,-.8124935153388421
1083,1,.309695445554119,.854197470921828,-.8124935153388421
1084,0,-.8320271103886464,.0054452275473905,-.9583610244043579
1084,1,-1.324588054992298,.0054452275473905,-.9583610244043579
1085,0,-.7543447787757346,.1284291236233915,.2881726003077137
1085,1,-.2791015231168935,.1284291236233915,.2881726003077137
1086,0,.3597157552042389,0,-1.30536062740767
1086,1,1.066294942363725,0,-1.30536062740767
1087,0,.7795229895920532,.3896192267353856,-.8993123002967299
1087,1,.849790324026019,.3896192267353856,-.8993123002967299
1088,0,-1.403596068816831,0,.5739076520826921
1088,1,-1.163444224864502,0,.5739076520826921
1089,0,-.7933838067558466,.7288714674137268,1.387709358973213
1089,1,.3043619170805072,.7288714674137268,1.387709358973213
1090,0,-.4576230694676586,.0650916274680847,.2027448712274962
1090,1,-.0685367555578225,.0650916274680847,.2027448712274962
1091,0,-.2154182769417632,.3351561019739914,2.777012037274637
1091,1,1.430878263188451,.3351561019739914,2.777012037274637
1092,0,-.0855535728710884,0,.3225334301147427
1092,1,.1554530523529518,0,.3225334301147427
1093,0,-.3774304345391001,0,-1.449890132967661
1093,1,-.8118838275462024,0,-1.449890132967661
1094,0,.3347813398321943,.6840999256036656,-1.039598885701988
1094,1,.3869320186900281,.6840999256036656,-1.039598885701988
1095,0,-.5608721891632709,0,-.9504106029541866
1095,1,-.3929407435440885,0,-.9504106029541866
1096,0,.200927389207248,0,-.1394614859336678
1096,1,.1180719661560201,0,-.1394614859336678
1097,0,-.3931816033812384,0,.6869267497585769
1097,1,-.7658476775418083,0,.6869267497585769
1098,0,-.3170162584829112,0,-.5898059414373071
1098,1,-.7796930048342507,0,-.5898059414373071
1099,0,.4201333348281335,.5402107884816222,1.356687591893513
1099,1,1.235504571697737,.5402107884816222,1.356687591893513
1100,0,-.682170805504707,0,.8644830299161925
1100,1,-.8162383693259665,0,.8644830299161925
1101,0,-.0155650124502135,.8060577329233093,-.4582486031851495
1101,1,.8599303531211507,.8060577329233093,-.4582486031851495
1102,0,.473388281439945,0,.4464183254240145
1102,1,-.0066105148132891,0,.4464183254240145
1103,0,.1933530289908194,.8907517680138822,-1.008842135983972
1103,1,.0566015154812257,.8907517680138822,-1.008842135983972
1104,0,.9624641042415157,0,-1.32804876410785
1104,1,-.2615293893174216,0,-1.32804876410785
1105,0,.3665875343760491,0,.0751057013783597
1105,1,-.1155028560459248,0,.0751057013783597
1106,0,.8106110820011873,0,.6310951348951863
1106,1,.9042293927214059,0,.6310951348951863
1107,0,.6607522927150291,.5849077516373312,1.271143225930442
1107,1,.9117962607676438,.5849077516373312,1.271143225930442
1108,0,.7437394253351053,.2885125589956595,.9783288583012383
1108,1,1.046106917061848,.2885125589956595,.9783288583012383
1109,0,-.4898708680537516,.1877826148466221,.4654574957073179
1109,1,1.375627730449265,.1877826148466221,.4654574957073179
1110,0,.5358517991746596,.6932513029916804,-.9457718547804582
1110,1,.0690001508647024,.6932513029916804,-.9457718547804582
1111,0,.9546298494142758,.973192882873427,-.034791077488284
1111,1,1.276963272375172,.973192882873427,-.034791077488284
1112,0,.2563232849266133,.9504392227698947,1.16764898849396
1112,1,1.614287730816945,.9504392227698947,1.16764898849396
1113,0,.4190148220152723,.3264166807451417,.6731988927097845
1113,1,.0549832279624914,.3264166807451417,.6731988927097845
1114,0,-.1621935897436031,.2766738530906777,-.1120656194426663
1114,1,.9134956229228985,.2766738530906777,-.1120656194426663
1115,0,.5734029557061703,0,-.6823119175626691
1115,1,-.0325079196215939,0,-.6823119175626691
1116,0,-.1265682290717609,.4816047610025499,.4382301367366567
1116,1,-.2188374295840634,.4816047610025499,.4382301367366567
1117,0,.672129693695393,.1186266652806279,-.5138035369405064
1117,1,.5181186481266922,.1186266652806279,-.5138035369405064
1118,0,-.2689103944014645,0,.1060792508066853
1118,1,-1.495202127357895,0,.1060792508066853
1119,0,-.414187142948566,0,-1.479305806901815
1119,1,-1.021650614317003,0,-1.479305806901815
1120,0,.7672438463121879,0,-.7140116627245923
1120,1,.5794335349059048,0,-.7140116627245923
1121,0,-1.377498295962862,.097653479651249,1.087752062930885
1121,1,-.3803188645234531,.097653479651249,1.087752062930885
1122,0,-.2150087153890211,.74776767379027,.2814844295764193
1122,1,1.036207173811641,.74776767379027,.2814844295764193
1123,0,.2189321500547884,0,-.1856698777932393
1123,1,.3250581890444434,0,-.1856698777932393
1124,0,-.5279252059930727,.966574822884685,.8187383075876845
1124,1,.8108142543242833,.966574822884685,.8187383075876845
1125,0,-.0445126782270138,0,-.3652308077015505
1125,1,-.7697628367026674,0,-.3652308077015505
1126,0,-.033283981746407,0,-.9238257123629755
1126,1,-.1463947858209792,0,-.9238257123629755
1127,0,.2244040427251892,.8067949674810412,.221455381847716
1127,1,.8059733992278988,.8067949674810412,.221455381847716
1128,0,.6655201834188271,.7115077683485224,.9851656375845096
1128,1,-.1842004433987858,.7115077683485224,.9851656375845096
1129,0,-.0770388511495987,.326205654361379,1.085569936925754
1129,1,.8773961144510243,.326205654361379,1.085569936925754
1130,0,-.0161889124692938,.4427979901119298,.6354889595591255
1130,1,1.268183402631807,.4427979901119298,.6354889595591255
1131,0,-.5465258217623959,.1586067067719642,2.512778719072608
1131,1,1.056418687557254,.1586067067719642,2.512778719072608
1132,0,-.6741868927171153,.6127956612631748,-1.84945701343523
1132,1,-.0209800150594821,.6127956612631748,-1.84945701343523
1133,0,.2886440203273982,0,-1.723061043460813
1133,1,-1.276261899398984,0,-1.723061043460813
1134,0,.1001364673188065,.4583568840890561,.0357978973901725
1134,1,.4187980933371666,.4583568840890561,.0357978973901725
1135,0,-.2390814180131379,.2276924900358678,.0882879399925605
1135,1,-.5322012060154057,.2276924900358678,.0882879399925605
1136,0,.6987404539008406,.3106137815333233,-.1554896036904768
1136,1,1.690336118679259,.3106137815333233,-.1554896036904768
1137,0,.2227818818612358,0,.9479844570586295
1137,1,.8440313028260077,0,.9479844570586295
1138,0,.5458130279203367,0,-1.467821546082741
1138,1,.9343086449587537,0,-1.467821546082741
1139,0,-.2506995184465783,.3605691583640761,-.3108690465607187
1139,1,.5258450415041559,.3605691583640761,-.3108690465607187
1140,0,1.407318297076688,.7266925027817411,1.683637716366731
1140,1,.9008715828782803,.7266925027817411,1.683637716366731
1141,0,-.4122765800537381,0,-1.904387670063017
1141,1,.149238571512266,0,-1.904387670063017
1142,0,-.272260426186106,0,.2787538524519668
1142,1,-.2342459728459207,0,.2787538524519668
1143,0,-.806645061865946,0,-.2210135886991542
1143,1,.2883430033771007,0,-.2210135886991542
1144,0,-1.389601593416254,0,-.1392830555355545
1144,1,-.4391533825430175,0,-.1392830555355545
1145,0,1.245638327574367,.4036394479777871,.1342765429650305
1145,1,1.320194911593017,.4036394479777871,.1342765429650305
1146,0,.0111877921714807,0,-2.285513739493954
1146,1,.4693786509403021,0,-2.285513739493954
1147,0,1.082470577433534,0,-1.216232940997212
1147,1,-.013728670425406,0,-1.216232940997212
1148,0,.3483616330290978,.7566713803675252,-.7801218192334782
1148,1,-.4248536229472215,.7566713803675252,-.7801218192334782
1149,0,-.0819023790590445,0,-1.658926409395925
1149,1,-.3719089325197726,0,-1.658926409395925
1150,0,-.3035647849525719,.1590915787493069,.0470859743373675
1150,1,.3616514599791472,.1590915787493069,.0470859743373675
1151,0,.2426605670842624,.2758123691977209,-.6699263722111032
1151,1,.2252267479670792,.2758123691977209,-.6699263722111032
1152,0,.9401272536348527,0,-.1851498667280972
1152,1,-.8482362379091593,0,-.1851498667280972
1153,0,.6422514786597829,.0488062601684104,1.504732113988394
1153,1,.1850376289970851,.0488062601684104,1.504732113988394
1154,0,-.5444452792221621,0,-2.386562090981007
1154,1,-1.639510320966091,0,-2.386562090981007
1155,0,.2425525215857227,0,-.2612644564565378
1155,1,-.8061752185972777,0,-.2612644564565378
1156,0,.3074514332874136,0,.6791047384892637
1156,1,.7432920821127214,0,.6791047384892637
1157,0,.7001938929856109,.5676245229507967,.3039368057484527
1157,1,.8391275675816136,.5676245229507967,.3039368057484527
1158,0,-.6360408509804405,0,-1.062563429224346
1158,1,.2123639988989264,0,-1.062563429224346
1159,0,.0180796824419191,0,.16388248419443
1159,1,-.0767770819821007,0,.16388248419443
1160,0,.5147119424795007,.4480615036240286,.3863270385963121
1160,1,.7368240194845929,.4480615036240286,.3863270385963121
1161,0,-1.002937753102803,.0811416971907654,-.0816449182697662
1161,1,.5123608934520413,.0811416971907654,-.0816449182697662
1162,0,.803091617113405,.6430897287627285,.1685511148434841
1162,1,.3193530444772669,.6430897287627285,.1685511148434841
1163,0,-.8775173523979589,.4844825347349956,-.7219949821302648
1163,1,.2679495055697619,.4844825347349956,-.7219949821302648
1164,0,.3029009470273609,.3562074657638267,1.740818615304503
1164,1,.8497710051972283,.3562074657638267,1.740818615304503
1165,0,.7629597878660215,0,-1.597639975545039
1165,1,-.6718364081613162,0,-1.597639975545039
1166,0,-.0152631880455731,.5244109549280834,.5250778459369996
1166,1,1.216014753828353,.5244109549280834,.5250778459369996
1167,0,.3697094960085897,.0995706766783236,-1.014757517559482
1167,1,.2657420908863171,.0995706766783236,-1.014757517559482
1168,0,1.292890054577227,.7486181463519755,.5413520691345443
1168,1,.6696392036514738,.7486181463519755,.5413520691345443
1169,0,-.4135640471885831,0,-1.690577874872222
1169,1,-.8015810521554378,0,-1.690577874872222
1170,0,-.8170228522848281,.9045002792097913,-1.326800822401208
1170,1,-.4570859505526774,.9045002792097913,-1.326800822401208
1171,0,-.7081023232462301,.2193322933298999,.5747707607150717
1171,1,.5297019491825929,.2193322933298999,.5747707607150717
1172,0,.6480119469992836,.0637269255869505,1.049175606868363
1172,1,1.082769541193785,.0637269255869505,1.049175606868363
1173,0,.0255827213464838,0,-.2322133637879438
1173,1,.5057323724743144,0,-.2322133637879438
1174,0,-.5920030844202011,.6594294170308251,-1.43546652834496
1174,1,-.4552986604826678,.6594294170308251,-1.43546652834496
1175,0,-1.096475471266673,.1852253980789743,.5162575960736342
1175,1,-.8473715571779117,.1852253980789743,.5162575960736342
1176,0,.1799527513354766,0,.053530305814253
1176,1,-.5513968982399154,0,.053530305814253
1177,0,-.3864011537210472,0,-1.293605570198756
1177,1,-1.05035401130423,0,-1.293605570198756
1178,0,-.8469619594708403,.1290624529304035,.349207287366547
1178,1,-1.459786692766572,.1290624529304035,.349207287366547
1179,0,-.5206027217811892,0,-.7099339668493312
1179,1,-.2525285645773717,0,-.7099339668493312
1180,0,-.1790345529962144,0,.241105648430244
1180,1,-.0923459437202003,0,.241105648430244
1181,0,-.2532742565938788,.0436693263892985,.3811315812823588
1181,1,-.5506167352624534,.0436693263892985,.3811315812823588
1182,0,.2255455306411197,0,-.0119078187450027
1182,1,.0553446642618443,0,-.0119078187450027
1183,0,-.3025394662112584,0,-1.033125341902678
1183,1,-.5100164702135478,0,-1.033125341902678
1184,0,-.5338487098100156,.5650586289053076,.8701854369196044
1184,1,-.1873629207432923,.5650586289053076,.8701854369196044
1185,0,.1268294609343127,.4368230755358812,1.324852672670513
1185,1,1.042812737220485,.4368230755358812,1.324852672670513
1186,0,-.8028834642656346,0,-.2791706530720754
1186,1,-.0527960166382604,0,-.2791706530720754
1187,0,-.6544863101540227,.4065915518222832,1.033759601314185
1187,1,-.1565173881307838,.4065915518222832,1.033759601314185
1188,0,-.2557863689941358,0,-.9184029651419245
1188,1,-.5442846602762534,0,-.9184029651419245
1189,0,-.30469365326695,0,.0314495356632171
1189,1,-.3278061146881211,0,.0314495356632171
1190,0,-.5302750861560739,.3104184021614155,2.376416927115937
1190,1,.1826355906429694,.3104184021614155,2.376416927115937
1191,0,.195493507306872,0,.4719609831693641
1191,1,-.2469497972860689,0,.4719609831693641
1192,0,.5874406309300104,.5768724209896886,.3900892362506033
1192,1,.3346439522101262,.5768724209896886,.3900892362506033
1193,0,.2313777758428171,0,-1.324508241926381
1193,1,-.339762061939017,0,-1.324508241926381
1194,0,.2129758522364374,0,.5591460437543343
1194,1,.3181720325464075,0,.5591460437543343
1195,0,.1982021247379008,0,-.627512863132512
1195,1,.4419355761187236,0,-.627512863132512
1196,0,.0719345133665145,.1296387621999283,.7592988007200724
1196,1,.4493446327906988,.1296387621999283,.7592988007200724
1197,0,.0599606201235477,0,-.043621711869317
1197,1,1.021661488785401,0,-.043621711869317
1198,0,-.7730783694942627,0,.3020345118953566
1198,1,-.0157353912303596,0,.3020345118953566
1199,0,.029031272230978,0,-.1753847047962797
1199,1,-.2578395050010309,0,-.1753847047962797
1200,0,-.6427107979822071,0,-.3026465458344926
1200,1,-.1508989712409468,0,-.3026465458344926
1201,0,.0238923735501355,.1106674567397007,1.164921618404115
1201,1,1.759620501615829,.1106674567397007,1.164921618404115
1202,0,-.2298464575636681,0,1.034429907101483
1202,1,.0202416102408372,0,1.034429907101483
1203,0,-.0202816275617215,.4863774859430477,.8530812281550779
1203,1,1.346046009447919,.4863774859430477,.8530812281550779
1204,0,-.2038321587288626,0,.2040213277009503
1204,1,.1749146889886127,0,.2040213277009503
1205,0,-1.027197430234898,0,-.4120951143044168
1205,1,.9730653166727561,0,-.4120951143044168
1206,0,.3333357093020325,.0371236239688252,.3081946220116051
1206,1,.7519692754686751,.0371236239688252,.3081946220116051
1207,0,-.0180560959988133,0,1.200748147693626
1207,1,.9493476612437661,0,1.200748147693626
1208,0,-1.14123202194411,.460539905122029,.2877467245160319
1208,1,-.0134251626942282,.460539905122029,.2877467245160319
1209,0,.0525069952288649,0,1.073797823336222
1209,1,.0309652827619585,0,1.073797823336222
1210,0,1.062980110830804,0,.8375199486072581
1210,1,1.484277398813852,0,.8375199486072581
1211,0,.5034806197929872,.5349722298196501,.2492558165359808
1211,1,.9863316426480909,.5349722298196501,.2492558165359808
1212,0,.6656416319816685,0,.4409272522514028
1212,1,.2844579549830486,0,.4409272522514028
1213,0,-.7019241947918753,.0164276096016353,.5807289119547193
1213,1,.3925823109258846,.0164276096016353,.5807289119547193
1214,0,1.153035387659669,.5792058470654374,-.3164072162718916
1214,1,1.348203628477712,.5792058470654374,-.3164072162718916
1215,0,.7984483266222616,0,-.1145562643594649
1215,1,-.4096875535837531,0,-.1145562643594649
1216,0,.5511250425667988,.0705306152321766,.517004761464668
1216,1,.1987195234592481,.0705306152321766,.517004761464668
1217,0,-.7325194257855083,.8930998368442972,-.7210920906435193
1217,1,.2713133844120149,.8930998368442972,-.7210920906435193
1218,0,.4659297931566064,0,-1.312763244477012
1218,1,-.3877057252654794,0,-1.312763244477012
1219,0,-.464386838226193,.8376491234382629,.8356032087465031
1219,1,.4462907971052023,.8376491234382629,.8356032087465031
1220,0,.1220768043286939,0,-1.285788425254958
1220,1,-.2346754786895739,0,-1.285788425254958
1221,0,.6184223103702251,0,.2092885036714612
1221,1,.6869797897997203,0,.2092885036714612
1222,0,-.3836519287968539,0,-.8428086656223067
1222,1,-.7448332255515958,0,-.8428086656223067
1223,0,1.100591481256406,.2551247122486001,.1971257861576304
1223,1,1.660992307249137,.2551247122486001,.1971257861576304
1224,0,-.0303749765658427,0,1.503790648105305
1224,1,.5902379404327097,0,1.503790648105305
1225,0,.5114617040686429,.0393798190963003,-.7542724507738916
1225,1,.5373427104435196,.0393798190963003,-.7542724507738916
1226,0,.0347646874756231,.1183461437886154,-.2482641736863199
1226,1,-.6692964772008383,.1183461437886154,-.2482641736863199
1227,0,-.3922684837295434,0,-.8353517633377245
1227,1,.5827881640789527,0,-.8353517633377245
1228,0,.0547856955874521,0,-1.164617745065023
1228,1,-1.784314176346617,0,-1.164617745065023
1229,0,.238049791255788,.5610991337158592,-.7216398035353567
1229,1,-.192279605366201,.5610991337158592,-.7216398035353567
1230,0,.2949302310369645,.502659024257979,.2019898263021858
1230,1,.0826579387125614,.502659024257979,.2019898263021858
1231,0,-.4398199793574243,0,.4012291868906754
1231,1,.2556140156640093,0,.4012291868906754
1232,0,-.196172065526668,.4964806073283993,-.092795729316911
1232,1,-.710911504046855,.4964806073283993,-.092795729316911
1233,0,.0710447527553025,0,-1.128456907223733
1233,1,.1908129748329456,0,-1.128456907223733
1234,0,-.2521868445857258,0,.5563821336257156
1234,1,.198508999307551,0,.5563821336257156
1235,0,-.0471398088963712,0,-.0824979855114542
1235,1,.2210623451657189,0,-.0824979855114542
1236,0,-.1207348396568274,0,.0713933242921941
1236,1,-.1578397912560409,0,.0713933242921941
1237,0,.1698149266340482,0,-.3358902713446497
1237,1,-.1072412758622632,0,-.3358902713446497
1238,0,-1.184307552840481,0,-1.177226165079091
1238,1,-.8618617738525968,0,-1.177226165079091
1239,0,.6254054537599142,.9058239914727709,1.737327041031676
1239,1,2.702891384558574,.9058239914727709,1.737327041031676
1240,0,-.1522590925006454,.3407730164031865,1.083699847941662
1240,1,.7096257077448458,.3407730164031865,1.083699847941662
1241,0,-.2527464868910551,.0618897580302195,.0185063209342393
1241,1,.565386855631445,.0618897580302195,.0185063209342393
1242,0,.8525417612638265,.6768929788594512,-1.973642883923229
1242,1,-.7626270196912703,.6768929788594512,-1.973642883923229
1243,0,.7223509097029042,.6262904292632131,-.4922212608254922
1243,1,.4241324171023396,.6262904292632131,-.4922212608254922
1244,0,.258181699788147,.9567455183014678,-.4757404887181177
1244,1,.76522669543477,.9567455183014678,-.4757404887181177
1245,0,.1955352151770807,.5198991310870292,1.222005420614185
1245,1,.2157040953843078,.5198991310870292,1.222005420614185
1246,0,.0340986855028808,.9150756722141681,1.079545534915578
1246,1,1.36002975758586,.9150756722141681,1.079545534915578
1247,0,-.0974660861269767,0,-.3192211419676451
1247,1,.2832575383239526,0,-.3192211419676451
1248,0,-.600481577593041,0,1.214453467958367
1248,1,1.220751755944414,0,1.214453467958367
1249,0,.0276950125598857,0,-.2286726430909046
1249,1,-.350787332150054,0,-.2286726430909046
1250,0,.7483954076179178,.2331945879436758,1.51649528569675
1250,1,1.125484114211435,.2331945879436758,1.51649528569675
1251,0,.1782256336172837,.1998424746501856,.7414149505135739
1251,1,1.279617172903903,.1998424746501856,.7414149505135739
1252,0,-1.4205547460687,.8240850007262904,2.074874121072784
1252,1,2.324524545252265,.8240850007262904,2.074874121072784
1253,0,-.8251319295888095,.2631172396623022,2.090140376820492
1253,1,1.426857596881266,.2631172396623022,2.090140376820492
1254,0,.259426891627644,.5237731208585256,.5434401836857048
1254,1,.830140663415688,.5237731208585256,.5434401836857048
1255,0,.6205043778143251,0,-.2617440217065476
1255,1,1.756583845537169,0,-.2617440217065476
1256,0,.6326788841310848,0,.2159373063818371
1256,1,-.3901252598016839,0,.2159373063818371
1257,0,1.532510500026854,.0887529531909886,.227134172757516
1257,1,.8111072895262725,.0887529531909886,.227134172757516
1258,0,.0000648045116765,.6954207362674713,.9617622028442465
1258,1,.5954182596231449,.6954207362674713,.9617622028442465
1259,0,-.3120693653317024,.7701254305124093,.4730141118792402
1259,1,.2924208080427957,.7701254305124093,.4730141118792402
1260,0,-.1221945314116792,0,-1.472641831026883
1260,1,-.9707174951601978,0,-1.472641831026883
1261,0,-.644129342903666,0,-.7143864352606127
1261,1,-.7899154414221331,0,-.7143864352606127
1262,0,-1.361767298772029,.5734667799123704,1.406051458809279
1262,1,.5654176089053268,.5734667799123704,1.406051458809279
1263,0,.4800463493829497,0,.1226518566908546
1263,1,-.0540593564618773,0,.1226518566908546
1264,0,-.580421602127247,0,.5154825665940932
1264,1,-.0747646857514542,0,.5154825665940932
1265,0,.3419239608686282,.634403743785113,-.0377244421758017
1265,1,.3942099247443663,.634403743785113,-.0377244421758017
1266,0,.3729487021915042,0,.4760341336429088
1266,1,.8589348729278783,0,.4760341336429088
1267,0,.71300044244391,0,-.8580230000492126
1267,1,-.1370187069984772,0,-.8580230000492126
1268,0,-.1190501566090969,0,.3277496841899007
1268,1,.2945422906767753,0,.3277496841899007
1269,0,.5024905928814964,.6431428950795902,-.8251947868338805
1269,1,.0546911009338189,.6431428950795902,-.8251947868338805
1270,0,1.522328363235742,0,.35162246613697
1270,1,.277699283330228,0,.35162246613697
1271,0,.458143623692246,.6309261948306869,-.8982948816842709
1271,1,-.2966085118306481,.6309261948306869,-.8982948816842709
1272,0,.6344548189550329,.7922775085484278,.1707210009579856
1272,1,1.82855109163517,.7922775085484278,.1707210009579856
1273,0,.036904409418888,.0566644518714229,.9713470144709944
1273,1,.092573390450061,.0566644518714229,.9713470144709944
1274,0,-.0496748188522513,0,-.1452996342840401
1274,1,.6108281206486477,0,-.1452996342840401
1275,0,-.9921144442085471,.2640956895908401,1.162673916665964
1275,1,-.5736296700269787,.2640956895908401,1.162673916665964
1276,0,-.300001720832596,.481986232236603,.1027893583372413
1276,1,.4911514218808986,.481986232236603,.1027893583372413
1277,0,.1997869863520507,0,-.8275211508566268
1277,1,-.627023405324353,0,-.8275211508566268
1278,0,-.2937938311311345,.912343830187185,.3682072865271704
1278,1,1.316195430781306,.912343830187185,.3682072865271704
1279,0,-.576434313778677,.2697660331507491,1.084787929527157
1279,1,.856158184778183,.2697660331507491,1.084787929527157
1280,0,-1.088511998977655,.3863647396411399,.4747297921274359
1280,1,.2033462323266142,.3863647396411399,.4747297921274359
1281,0,-.4226197687664618,0,1.691626954168498
1281,1,.424171126224086,0,1.691626954168498
1282,0,.1410342868696068,.5212498848532733,2.506029463332386
1282,1,2.539900358426993,.5212498848532733,2.506029463332386
1283,0,1.302630541652427,.2384086877376203,.9455562900929437
1283,1,2.258537726898139,.2384086877376203,.9455562900929437
1284,0,.1019382773554538,0,.3360873183667138
1284,1,1.091691793272805,0,.3360873183667138
1285,0,-.2261157273351569,0,-1.741799952140126
1285,1,-.1255940454434177,0,-1.741799952140126
1286,0,.29518432483965,0,.4631181120170939
1286,1,.6057444639058902,0,.4631181120170939
1287,0,-.2466177820500748,0,.5417244301201706
1287,1,-.0415550259070178,0,.5417244301201706
1288,0,.8672599711090061,.0056901305215534,.6286954025446344
1288,1,.4916465803842234,.0056901305215534,.6286954025446344
1289,0,-.1747792830843335,0,-1.583812842450223
1289,1,-.3113652837426599,0,-1.583812842450223
1290,0,-.1510577277260191,.3083827338745545,2.016189839485068
1290,1,.1036696611226587,.3083827338745545,2.016189839485068
1291,0,.6187318559351289,.9712338310345218,1.299020558162468
1291,1,1.475248748252162,.9712338310345218,1.299020558162468
1292,0,.2485431670703475,0,-.9609102388225346
1292,1,-.6461084172665382,0,-.9609102388225346
1293,0,.3985860484593703,.387131212939453,.5922617257627085
1293,1,.2901355084643922,.387131212939453,.5922617257627085
1294,0,.0218019884727611,.2822375287775508,.9315809227331792
1294,1,.4045212008628562,.2822375287775508,.9315809227331792
1295,0,-1.050585028288012,.7288945950207141,1.369352841467398
1295,1,-.7616386996198111,.7288945950207141,1.369352841467398
1296,0,-.6446155153061335,.6179540640484292,-.6357783869923485
1296,1,-.719590041233096,.6179540640484292,-.6357783869923485
1297,0,1.181947911822548,0,-.6279617429887864
1297,1,-.4732092347530438,0,-.6279617429887864
1298,0,1.151388728807648,0,-1.829518222305675
1298,1,1.169906628648082,0,-1.829518222305675
1299,0,.9323517510433883,0,.3428726968167151
1299,1,-.278139030603522,0,.3428726968167151
1300,0,.4856316175296682,.0403005774180437,-1.354525655915487
1300,1,.4129226735641773,.0403005774180437,-1.354525655915487
1301,0,.8198610903974567,0,-.1627042692011694
1301,1,.6168792336522377,0,-.1627042692011694
1302,0,-.1139369830171182,.5355530565066416,.6286125582465685
1302,1,-.0987320330803972,.5355530565066416,.6286125582465685
1303,0,.4785477708136687,0,-.1257807236257292
1303,1,.822379172301704,0,-.1257807236257292
1304,0,.8541427553977938,.8860997385146706,-.0957933160677794
1304,1,.7403801248531108,.8860997385146706,-.0957933160677794
1305,0,.5706657869188588,0,2.047858147646031
1305,1,1.49306527840213,0,2.047858147646031
1306,0,-.1735245051648387,.3968875317551251,-.4864285011741758
1306,1,.2487520895000572,.3968875317551251,-.4864285011741758
1307,0,-.2900738802241665,0,-.8764345566282967
1307,1,-.8891861419997233,0,-.8764345566282967
1308,0,-1.32131847837356,.9098812605459551,.64368541905548
1308,1,.3575522240572316,.9098812605459551,.64368541905548
1309,0,-.5439698152216492,.3043582628568083,-.5377850574584433
1309,1,.9292377710192963,.3043582628568083,-.5377850574584433
1310,0,-1.796240769135836,0,-1.712206114339851
1310,1,-1.37304552966013,0,-1.712206114339851
1311,0,.773350220890912,.1812101315049691,-.3075511630860061
1311,1,.1984997809122142,.1812101315049691,-.3075511630860061
1312,0,-.3833121521442364,0,-.8524268167140401
1312,1,-.8199304947965342,0,-.8524268167140401
1313,0,-.4533587833313575,.4121422299163399,.9224791288665076
1313,1,.0864210915827855,.4121422299163399,.9224791288665076
1314,0,.6959569540386341,0,-1.246739036451081
1314,1,-.080835421440162,0,-1.246739036451081
1315,0,.1797286867739327,0,-1.980471753870064
1315,1,-2.142013369296828,0,-1.980471753870064
1316,0,-1.129110130787168,.4144987342702692,-.6768804256541822
1316,1,-1.433949148525011,.4144987342702692,-.6768804256541822
1317,0,.1419202402075189,.9309062880254627,1.485345506517082
1317,1,2.021190604845818,.9309062880254627,1.485345506517082
1318,0,-.2540301521174931,0,.4569870254159211
1318,1,-.7249010735684871,0,.4569870254159211
1319,0,-.1003140192645665,0,.0580800435019902
1319,1,-.5178398330735235,0,.0580800435019902
1320,0,.1449804988826621,0,-1.083893903651975
1320,1,-.057560303583362,0,-1.083893903651975
1321,0,.4241474775900538,.2677792150548545,1.538992394567323
1321,1,1.360728657064858,.2677792150548545,1.538992394567323
1322,0,-.9832943144676773,0,-1.79038059510339
1322,1,-.1703652167537485,0,-1.79038059510339
1323,0,-.2435113470500436,0,-.4982287283918634
1323,1,-1.470318143148554,0,-.4982287283918634
1324,0,1.028837010305741,0,.3238837387483369
1324,1,-.1471366369845276,0,.3238837387483369
1325,0,-.7629246787896289,.7006964777843173,-.5313314407566567
1325,1,-.3158222007405336,.7006964777843173,-.5313314407566567
1326,0,-.2387794052507332,0,.7054151445515924
1326,1,.119338184274292,0,.7054151445515924
1327,0,-.4058162198101971,.732420122500275,.3860989624248599
1327,1,.1264776736594581,.732420122500275,.3860989624248599
1328,0,.1616135019164192,0,.2866904417363418
1328,1,.201656270533453,0,.2866904417363418
1329,0,.0986254405647406,0,-1.093281905591211
1329,1,.1121280743475103,0,-1.093281905591211
1330,0,.0712171677015866,.1225823081895453,1.774786770041697
1330,1,1.173434379044331,.1225823081895453,1.774786770041697
1331,0,1.456145978117606,.710192415029386,.0588624102436205
1331,1,1.231680579268268,.710192415029386,.0588624102436205
1332,0,.4297557496178145,0,-1.126564950039418
1332,1,-.5206629159935043,0,-1.126564950039418
1333,0,-.3043126741064298,.4493680608327101,-.2244850069240497
1333,1,-.4578965029381683,.4493680608327101,-.2244850069240497
1334,0,.7571966904955107,.4228967027098208,2.217494457335724
1334,1,1.708360972381535,.4228967027098208,2.217494457335724
1335,0,.6179395315114806,.071406545932894,1.274427242544105
1335,1,.9428706255064058,.071406545932894,1.274427242544105
1336,0,.5051264606090274,0,-1.812913485602024
1336,1,-.6158590782165568,0,-1.812913485602024
1337,0,-.3999035927386509,0,-.4944179764385143
1337,1,.2261295459850332,0,-.4944179764385143
1338,0,-.3145914271519048,0,-.3912469058577355
1338,1,.0434227212298615,0,-.3912469058577355
1339,0,-.1078403456062874,0,.7349029803591114
1339,1,.0762651325735158,0,.7349029803591114
1340,0,.3563728015939767,.5732454386510816,-.2762845647317502
1340,1,1.599887281190235,.5732454386510816,-.2762845647317502
1341,0,.5195516989083838,0,.2060556564188485
1341,1,.7423702667447607,0,.2060556564188485
1342,0,.312117739897438,0,-1.606274548962952
1342,1,-1.14571563203055,0,-1.606274548962952
1343,0,-.3105625899253006,.5376028389290092,.1423162770615967
1343,1,.7044035451800853,.5376028389290092,.1423162770615967
1344,0,-.1190612867101831,0,-1.302777567072018
1344,1,-.792904935571096,0,-1.302777567072018
1345,0,.8118206323153556,0,.5455321183566302
1345,1,-.1521002055833561,0,.5455321183566302
1346,0,.3497869298550194,0,-1.301197489575567
1346,1,-.2278617788346327,0,-1.301197489575567
1347,0,.237205198217708,.7426829441932671,.9317992934034353
1347,1,.3584395218103606,.7426829441932671,.9317992934034353
1348,0,-.0259880152474034,.2048104205786093,.6702205074956857
1348,1,.8637179915751567,.2048104205786093,.6702205074956857
1349,0,.3147214030962443,0,-.3851920403827579
1349,1,-.9129720567103061,0,-.3851920403827579
1350,0,.4813486364251277,0,-.8897013942164452
1350,1,1.23681591000277,0,-.8897013942164452
1351,0,.9596846940288143,.4017834763132287,2.463970525723596
1351,1,.3198181760902177,.4017834763132287,2.463970525723596
1352,0,-.8628300050579618,.9938884795744979,.8713009994772533
1352,1,1.363410667849622,.9938884795744979,.8713009994772533
1353,0,-.0932593468507831,.3396141676756611,-.6184682672447808
1353,1,-.9305459525111165,.3396141676756611,-.6184682672447808
1354,0,.6212047206903786,0,-.2215110828432835
1354,1,-.8001122435663992,0,-.2215110828432835
1355,0,-.4388685478901514,0,.2087731153991825
1355,1,-.5408434388371947,0,.2087731153991825
1356,0,.0904902564706629,0,-.3499559548021417
1356,1,-.7945072266543173,0,-.3499559548021417
1357,0,1.279752986579694,0,-.680846976271743
1357,1,.974988297489866,0,-.680846976271743
1358,0,.5582047801327569,.4279080984372122,-.3136567083623453
1358,1,-.7221884649625169,.4279080984372122,-.3136567083623453
1359,0,.3749222177417341,0,-.2031875622396428
1359,1,-.0649029981232184,0,-.2031875622396428
1360,0,-.5003004956271508,0,-.0227628341988328
1360,1,.3859845925936001,0,-.0227628341988328
1361,0,-.19019782876657,.8456532451928483,.6971970792443873
1361,1,.0852462418898063,.8456532451928483,.6971970792443873
1362,0,.6982396150746477,0,-.6504466646570319
1362,1,.4700682511088839,0,-.6504466646570319
1363,0,.7043573057276798,.6316768626287769,1.830083152690032
1363,1,1.814046134053206,.6316768626287769,1.830083152690032
1364,0,.1227587576182821,.3646916660653879,.4575226040559675
1364,1,.8243233818737655,.3646916660653879,.4575226040559675
1365,0,.0951215505419927,.3496663480367798,2.764016925708893
1365,1,.649994441565594,.3496663480367798,2.764016925708893
1366,0,-.1530690694244163,.1330149640921446,.3026792232465952
1366,1,.3131465206953366,.1330149640921446,.3026792232465952
1367,0,.2929592181432841,.0333236446911575,1.760071241663123
1367,1,.5343667820750551,.0333236446911575,1.760071241663123
1368,0,-.8121311758666996,.7576535534191561,.0445702647202022
1368,1,.4841418606124283,.7576535534191561,.0445702647202022
1369,0,-.6823626010097905,0,-1.934283261981415
1369,1,-.6168631628029883,0,-1.934283261981415
1370,0,-.7918389086391442,.8997256251402815,1.171228766104042
1370,1,.0281533597158746,.8997256251402815,1.171228766104042
1371,0,-.6854371701197286,0,2.604350593682252
1371,1,-.8363762603001126,0,2.604350593682252
1372,0,.1737066110417641,0,.0418439166367175
1372,1,.2089611435182748,0,.0418439166367175
1373,0,.0487431258769689,.5251903083203896,.3306690783713233
1373,1,.0805139403637433,.5251903083203896,.3306690783713233
1374,0,.7761815424555965,0,.1277815697595433
1374,1,.2681915068674427,0,.1277815697595433
1375,0,1.095612071108302,0,-.3255355573312358
1375,1,.0712340200727327,0,-.3255355573312358
1376,0,-.1081467274188243,0,-1.197349001409094
1376,1,.0394590244883245,0,-1.197349001409094
1377,0,.1133781878536654,.9134480059845139,.8332941163654073
1377,1,1.891062233204415,.9134480059845139,.8332941163654073
1378,0,-.6101897149531514,0,1.225871962232853
1378,1,-.0104543260195177,0,1.225871962232853
1379,0,-.7422550806513546,.7109554624713618,.3129357222338144
1379,1,.3154910520771399,.7109554624713618,.3129357222338144
1380,0,.6389028694854321,.0575926480521839,.0020079515684331
1380,1,.5292930169557442,.0575926480521839,.0020079515684331
1381,0,.5377980143861876,0,-.2708707460833134
1381,1,.2600441181152053,0,-.2708707460833134
1382,0,-.6835205263486437,.0216567347246513,.9417025661832279
1382,1,.5887437088475842,.0216567347246513,.9417025661832279
1383,0,.1717610250256408,0,.6462170538798753
1383,1,.1530079230044567,0,.6462170538798753
1384,0,-.3193992466057382,0,-.111919025767496
1384,1,-.2351943101442244,0,-.111919025767496
1385,0,.2176508446488195,0,-.2481169830549435
1385,1,.3521245143321198,0,-.2481169830549435
1386,0,.6071015584696768,.052888963203637,1.736655600549283
1386,1,.9694382094696066,.052888963203637,1.736655600549283
1387,0,-.361375082015925,0,-.7116393069337632
1387,1,-.3938863585651538,0,-.7116393069337632
1388,0,-.957328958054831,0,-.181785705726878
1388,1,.8842764468612342,0,-.181785705726878
1389,0,.3871391336255191,.8503727809475167,1.461691130592276
1389,1,1.501953631895781,.8503727809475167,1.461691130592276
1390,0,-.6667775056659276,.7837340560352458,.4212983287479878
1390,1,.5294235529335933,.7837340560352458,.4212983287479878
1391,0,-.8456691086344144,.582319026897416,1.074626995752558
1391,1,.2593221540899686,.582319026897416,1.074626995752558
1392,0,.3635229979718298,.1503856131040516,.353593842447074
1392,1,1.023416938169904,.1503856131040516,.353593842447074
1393,0,-.5770616817703742,0,.3236727733907117
1393,1,.8524122778654093,0,.3236727733907117
1394,0,-.5066535449613929,0,-1.889501338477519
1394,1,.2724013788138341,0,-1.889501338477519
1395,0,-1.202601650181495,.6488490277498792,1.382053327816724
1395,1,-.1844227116301308,.6488490277498792,1.382053327816724
1396,0,-.6841602227649632,.795414047467366,-.4249600606501856
1396,1,.2139941893414483,.795414047467366,-.4249600606501856
1397,0,.1771726912500501,.4415622184990963,.4815768544016086
1397,1,-.7489734807467102,.4415622184990963,.4815768544016086
1398,0,.0196043660366674,.5390135669465109,1.936948479316288
1398,1,.3068797854214678,.5390135669465109,1.936948479316288
1399,0,.399424196742944,0,.1584847047732807
1399,1,.5555588784050716,0,.1584847047732807
1400,0,-.609577144386211,.102953742815885,.2956383306858577
1400,1,-.0630630182891952,.102953742815885,.2956383306858577
1401,0,-.9837507432065167,.6417362728788821,1.675631648803964
1401,1,1.280570214850191,.6417362728788821,1.675631648803964
1402,0,-.257959986760173,0,.1375919570263557
1402,1,-1.998918779171331,0,.1375919570263557
1403,0,.355770480078173,.806785379455165,-.3050594547076068
1403,1,.1484659077383403,.806785379455165,-.3050594547076068
1404,0,-.3339874900171909,.6924585104406892,.5101402566483966
1404,1,-.7726478344020872,.6924585104406892,.5101402566483966
1405,0,-.2957787569884579,.9670098603352034,-.5278028205614251
1405,1,-.2095386455404371,.9670098603352034,-.5278028205614251
1406,0,-.2802880313248455,0,.0431705632147307
1406,1,.4147620730555665,0,.0431705632147307
1407,0,.4272842474765045,.915870940556044,-.0504692393563232
1407,1,.0140609148788724,.915870940556044,-.0504692393563232
1408,0,-.3999271582717504,0,-1.2183981767825
1408,1,-.4800201127418887,0,-1.2183981767825
1409,0,-.8468845688022808,.2638056413658453,-.3292115231684748
1409,1,.2326239002358551,.2638056413658453,-.3292115231684748
1410,0,-.2062587768171478,0,.9916493994012212
1410,1,-.330924443315356,0,.9916493994012212
1411,0,-1.154441131169805,0,.50773378288199
1411,1,.4100577861358712,0,.50773378288199
1412,0,-.2371543604841538,.8952266582228786,.2864892199199651
1412,1,.6555702382151399,.8952266582228786,.2864892199199651
1413,0,-.5522931848240041,0,-.9148883944821402
1413,1,.1365985928479467,0,-.9148883944821402
1414,0,-.2020386261314936,0,2.595521186768879
1414,1,.4698049382845209,0,2.595521186768879
1415,0,.0514269111599735,0,.07933936309727
1415,1,.4972145546065265,0,.07933936309727
1416,0,.0570790249903214,0,-1.398639395404537
1416,1,-.9299846396875743,0,-1.398639395404537
1417,0,-.3096621458046962,0,1.399680566059439
1417,1,1.255416157718332,0,1.399680566059439
1418,0,-.3349131774435571,0,.2643250556395424
1418,1,.595284329780928,0,.2643250556395424
1419,0,-.1310902724470061,0,-.5817442877935431
1419,1,.3409473868947925,0,-.5817442877935431
1420,0,-.4787860626001801,.5632557939835648,.3218125326515078
1420,1,1.120260909411652,.5632557939835648,.3218125326515078
1421,0,.2501074004872293,.8979837973108343,2.101574382937126
1421,1,1.393818840784353,.8979837973108343,2.101574382937126
1422,0,.8777494920626266,0,.0692828859964272
1422,1,.1884916532827716,0,.0692828859964272
1423,0,-.4490512608986391,0,.3972715234800035
1423,1,-1.301863236035393,0,.3972715234800035
1424,0,.8868918741942398,.6280295205608463,-1.061279402609401
1424,1,.395508016621303,.6280295205608463,-1.061279402609401
1425,0,.1146471347678842,.765929790883887,.9068281106921701
1425,1,1.612542750142836,.765929790883887,.9068281106921701
1426,0,.6041441110908756,0,.7450713004836812
1426,1,.122767015576803,0,.7450713004836812
1427,0,.721526479373221,.4248143076929044,1.433205597193591
1427,1,.8338326422626849,.4248143076929044,1.433205597193591
1428,0,-.2966260237151055,0,.6988406129131024
1428,1,-.1572049549172556,0,.6988406129131024
1429,0,.1327661357932834,.8343085883779374,.323415699689752
1429,1,1.083583105010481,.8343085883779374,.323415699689752
1430,0,.8467245212173375,.2774821419591026,.3626467342781684
1430,1,1.138070130462216,.2774821419591026,.3626467342781684
1431,0,-.4314042465829073,0,-2.169799526117038
1431,1,-1.850426440873686,0,-2.169799526117038
1432,0,.4341292091114587,0,-1.775868252947656
1432,1,-.7698306647080093,0,-1.775868252947656
1433,0,-.61998730843061,0,-1.473511794321405
1433,1,-.1494749178452022,0,-1.473511794321405
1434,0,-.6152612807458974,0,-.3475695341133826
1434,1,-.3668008043658537,0,-.3475695341133826
1435,0,.5367123457120263,0,-2.797819577251721
1435,1,-.2453147973475316,0,-2.797819577251721
1436,0,-.6226300365336797,0,1.235686372054082
1436,1,1.259209366711166,0,1.235686372054082
1437,0,-.4939868561811087,.7814851217717883,.8450592532622807
1437,1,.360070536472715,.7814851217717883,.8450592532622807
1438,0,-.3711119619714442,.4463651405585082,-1.297422476116484
1438,1,.3386583215737763,.4463651405585082,-1.297422476116484
1439,0,-.6839137252432081,.1884118293899569,.618754317289428
1439,1,-.01321960688235,.1884118293899569,.618754317289428
1440,0,-.6799954871568233,0,-.9046095098079097
1440,1,-.1047982792429306,0,-.9046095098079097
1441,0,-.6518938673078243,.2435881513030819,1.266856292469992
1441,1,.7156333431055244,.2435881513030819,1.266856292469992
1442,0,-.1252374620677686,.2459242271265746,2.070940486662665
1442,1,1.423304594433798,.2459242271265746,2.070940486662665
1443,0,-.57227624589587,0,-.3278289091802561
1443,1,.4447254616443942,0,-.3278289091802561
1444,0,-.1565220378953718,.0700789863528993,.9755929558473172
1444,1,1.400938148954297,.0700789863528993,.9755929558473172
1445,0,-.2172165997108747,0,.3441863258465723
1445,1,.0990566121702502,0,.3441863258465723
1446,0,-.725338426521829,.3360883289995377,.160490740956566
1446,1,-.2040762151535834,.3360883289995377,.160490740956566
1447,0,.0150833049139015,.9342275553899472,.3216799835455507
1447,1,-.349865905423793,.9342275553899472,.3216799835455507
1448,0,-.0649296895143563,0,-.2018083364275412
1448,1,.665995088677324,0,-.2018083364275412
1449,0,.480444849730899,.7024749252331547,-.0593195730698748
1449,1,.5596595376326678,.7024749252331547,-.0593195730698748
1450,0,-1.14937941406946,.3209006391110737,.140471614986063
1450,1,-.1794470079532481,.3209006391110737,.140471614986063
1451,0,-.2572038759532417,0,-1.07583323786774
1451,1,-.4910449870864793,0,-1.07583323786774
1452,0,.1996387537358634,.9345443947439934,.4203961232350554
1452,1,1.378829172567192,.9345443947439934,.4203961232350554
1453,0,1.461283468745089,.0393649722748138,2.101600160630583
1453,1,2.127156234441311,.0393649722748138,2.101600160630583
1454,0,-.8282550419390167,.5249955507834624,-.3084618960363124
1454,1,.0455439368693345,.5249955507834624,-.3084618960363124
1455,0,.7280957903743946,.8985413259285758,2.712236602879718
1455,1,1.163802454519816,.8985413259285758,2.712236602879718
1456,0,.419171591984148,0,-1.154951238450569
1456,1,-1.219596527093899,0,-1.154951238450569
1457,0,.3911127488142458,0,.3263216307826082
1457,1,1.025578780700185,0,.3263216307826082
1458,0,-.4752069682895262,0,-.4581113737460474
1458,1,-.8316237874474903,0,-.4581113737460474
1459,0,.7456152208398357,0,.2354806445259586
1459,1,.2874712009097225,0,.2354806445259586
1460,0,-.1717780938372908,0,.6293218296490308
1460,1,-.6378941215025375,0,.6293218296490308
1461,0,.0405391757560139,.5871549731894247,1.171529551266501
1461,1,.5209103245286228,.5871549731894247,1.171529551266501
1462,0,-.9527727683170583,0,-.2342082771571112
1462,1,-.1754244691826733,0,-.2342082771571112
1463,0,-.4113143700057332,0,.600953372059826
1463,1,-.1400770719848839,0,.600953372059826
1464,0,.5634659930844943,.6529370420302015,.8039713671720559
1464,1,.9119090652125876,.6529370420302015,.8039713671720559
1465,0,.3175322157308149,0,-2.290743934546411
1465,1,-.3217849116419627,0,-2.290743934546411
1466,0,.0240895722654177,0,1.799210732423946
1466,1,.6609074087242716,0,1.799210732423946
1467,0,-.3934451880851946,0,.0964995193797571
1467,1,-.0589151923373326,0,.0964995193797571
1468,0,-.4812538867257909,0,-1.975360061847774
1468,1,-.370416235157782,0,-1.975360061847774
1469,0,.3257149105495699,0,-.5661845107759178
1469,1,-.2806453779393502,0,-.5661845107759178
1470,0,-.1514975132604341,0,-1.161590871038181
1470,1,-.9373395785035414,0,-1.161590871038181
1471,0,.1750310199254964,.8555676384664376,-.1626485382751212
1471,1,.6090809361038255,.8555676384664376,-.1626485382751212
1472,0,.5316364664474666,.0059936600402121,2.458402818796717
1472,1,1.275769690514525,.0059936600402121,2.458402818796717
1473,0,.0067618826963141,0,.4329503896425009
1473,1,-.8991171231628765,0,.4329503896425009
1474,0,-.9868404739445734,0,-.7959849896826441
1474,1,-1.204933083361413,0,-.7959849896826441
1475,0,.1914870110152589,.1945386893778532,.1677659898964813
1475,1,-.2279125198556403,.1945386893778532,.1677659898964813
1476,0,.010897396118454,.5824541145650129,.993471150962979
1476,1,.4639779683402301,.5824541145650129,.993471150962979
1477,0,.1180050477987317,.6064085185434293,-.1179745352344507
1477,1,.045586666427933,.6064085185434293,-.1179745352344507
1478,0,-1.854331508363435,0,.0579751717501657
1478,1,-1.221387477606321,0,.0579751717501657
1479,0,.4655659228965093,.0445937426798219,1.022777000568019
1479,1,.6323937976987118,.0445937426798219,1.022777000568019
1480,0,1.21570742208973,.2839728509555673,.6740868423597151
1480,1,.6150578980320927,.2839728509555673,.6740868423597151
1481,0,-.9339134738537465,0,.4184366823658384
1481,1,-.2606562172117004,0,.4184366823658384
1482,0,-.0576376113926544,.2819270199602241,.622757338773931
1482,1,.0218693701693549,.2819270199602241,.622757338773931
1483,0,-.1213429840816468,.753870708823119,2.23905141303887
1483,1,.5458470809437491,.753870708823119,2.23905141303887
1484,0,-.294122454391297,.0407797780560436,-.1913759187022669
1484,1,1.253678465962754,.0407797780560436,-.1913759187022669
1485,0,-.2692373727354485,.400474306004888,.1914178189521373
1485,1,-.3821383374613035,.400474306004888,.1914178189521373
1486,0,-1.04566729864873,0,.5055526449366166
1486,1,.7164727148600573,0,.5055526449366166
1487,0,-.8647386049188021,.0977127025036714,.233075239534008
1487,1,-1.696205293112556,.0977127025036714,.233075239534008
1488,0,.8670939309699968,0,-.3277369170772482
1488,1,.1146919252405753,0,-.3277369170772482
1489,0,.8201793003833836,0,1.155969265426392
1489,1,.842665229378958,0,1.155969265426392
1490,0,1.064986076033007,.1774437001768873,-.1932683943923827
1490,1,.9416474246957282,.1774437001768873,-.1932683943923827
1491,0,-.6801118292769857,0,-2.064571564331841
1491,1,-1.506266319174269,0,-2.064571564331841
1492,0,-.1026056607186281,0,-.8915890676612055
1492,1,.9843536974614355,0,-.8915890676612055
1493,0,-.2066749095461844,0,1.11738407098159
1493,1,-.2507469530803216,0,1.11738407098159
1494,0,-.3211255929983803,.0548630906716728,1.237331138253062
1494,1,.8150224689882677,.0548630906716728,1.237331138253062
1495,0,.4866396074022831,.4229274813466489,-1.995893912060839
1495,1,-1.467803423328431,.4229274813466489,-1.995893912060839
1496,0,.4123992970218047,0,1.261070491623417
1496,1,.1454947729632967,0,1.261070491623417
1497,0,.0384863953564657,.77883323529711,.0747666808543556
1497,1,.6458543056361508,.77883323529711,.0747666808543556
1498,0,-.4169817778260443,0,.888432019055182
1498,1,.7803489229322539,0,.888432019055182
1499,0,.444992357261551,.8290670787515223,-.2571470744211396
1499,1,.1128671242444524,.8290670787515223,-.2571470744211396
1500,0,-.4469943363125858,.5215432209567498,1.144397934169982
1500,1,.3539389797216556,.5215432209567498,1.144397934169982
1501,0,-.1670893965170165,0,-1.034443781505313
1501,1,-.0332566131577946,0,-1.034443781505313
1502,0,-.3100116669821177,0,-2.541484961906114
1502,1,-1.205781694659742,0,-2.541484961906114
1503,0,-.7441216980717532,0,.2082253693567103
1503,1,-.6697537098761162,0,.2082253693567103
1504,0,.5850324262140697,0,-1.169129950935164
1504,1,.6163757294103258,0,-1.169129950935164
1505,0,.1984493826859763,0,-1.05422265813173
1505,1,1.43732567538143,0,-1.05422265813173
1506,0,-1.11495410960495,0,.8028112178250255
1506,1,.2845984770742053,0,.8028112178250255
1507,0,-.514770880115484,.5023526130076698,-1.068856088331264
1507,1,.1701392594931391,.5023526130076698,-1.068856088331264
1508,0,-.4762513558675935,.2179101685104915,.5850997916436218
1508,1,.3555446023940818,.2179101685104915,.5850997916436218
1509,0,-.5455684088423308,.7043338071913628,.2205236183720092
1509,1,-.7902747048634131,.7043338071913628,.2205236183720092
1510,0,.7186442252394746,.9983588851537438,.6310206112168301
1510,1,1.803136795067072,.9983588851537438,.6310206112168301
1511,0,.3220393504781225,.6968123184489415,1.336023350526514
1511,1,1.201344587536116,.6968123184489415,1.336023350526514
1512,0,.3136803484593409,0,.2666405949761682
1512,1,.5505391590757625,0,.2666405949761682
1513,0,-.6075078241359536,.8876485595623415,1.603307820799767
1513,1,-.1583117326811615,.8876485595623415,1.603307820799767
1514,0,-1.238276268199222,.1992112640051408,1.057427505275478
1514,1,.9493710768624403,.1992112640051408,1.057427505275478
1515,0,1.670868517042914,0,-1.062337097877788
1515,1,-.5106566591577573,0,-1.062337097877788
1516,0,.1535108266296411,.509502984835695,.0475832080677345
1516,1,.8319969320792923,.509502984835695,.0475832080677345
1517,0,-.8072754776981157,0,.3707212698397828
1517,1,-.1039807408342883,0,.3707212698397828
1518,0,-.2054256687559647,.456719708947909,-.300515852674117
1518,1,-.1825987105308588,.456719708947909,-.300515852674117
1519,0,-.2305347717149964,0,-1.583098581580275
1519,1,.1987349391701832,0,-1.583098581580275
1520,0,-.508143572918143,.3042793170793873,.4792951823789617
1520,1,-.0594734068457488,.3042793170793873,.4792951823789617
1521,0,-.4819041623807551,.9934224877558936,.6295810809626109
1521,1,.1336536808471425,.9934224877558936,.6295810809626109
1522,0,-.4484192796500123,.5366696355434389,-.5461894964824743
1522,1,-.2355091489554991,.5366696355434389,-.5461894964824743
1523,0,-1.690401940466431,.2736004149306154,.5785379138196809
1523,1,-.5726375249488465,.2736004149306154,.5785379138196809
1524,0,.1760002555641753,.5197823912508276,.5254184085932265
1524,1,1.026536972492754,.5197823912508276,.5254184085932265
1525,0,.2849420372822037,.2877403478085131,1.577837112465377
1525,1,.4948014761743592,.2877403478085131,1.577837112465377
1526,0,.2167429392407847,.0361533848162724,.4542755245440989
1526,1,-.0087344507688168,.0361533848162724,.4542755245440989
1527,0,.5163346465935063,.7121107194765938,-.3381730812788229
1527,1,-.3334523249252075,.7121107194765938,-.3381730812788229
1528,0,-.5620147985117022,0,-.6382660066760976
1528,1,.2425180697059594,0,-.6382660066760976
1529,0,.8281671890019184,0,.135328900804387
1529,1,-.410779327167103,0,.135328900804387
1530,0,-.3229336236663615,0,-.6020701430884252
1530,1,-.7718716195949877,0,-.6020701430884252
1531,0,-.9446501394649576,.9026472586965338,.5724784738056847
1531,1,.5748882901899439,.9026472586965338,.5724784738056847
1532,0,.0907388481280241,0,-.1986682723396448
1532,1,-.0424516684799883,0,-.1986682723396448
1533,0,-.94627304949571,0,1.02931983685821
1533,1,-.7021426759204643,0,1.02931983685821
1534,0,.0717352453597103,.0454823046520328,-.3971097521350895
1534,1,-1.40224268986246,.0454823046520328,-.3971097521350895
1535,0,.8901417686289602,0,-.5935141601126332
1535,1,-.0253628435498777,0,-.5935141601126332
1536,0,.71213397054224,0,.8302816224037533
1536,1,.2218353977928398,0,.8302816224037533
1537,0,.3793480299036971,0,-.6487155547053092
1537,1,-.3025375356514221,0,-.6487155547053092
1538,0,.0208453948679216,.5016168834661613,1.904822950637055
1538,1,.9222286922232116,.5016168834661613,1.904822950637055
1539,0,.1538561596028468,.4792158326594377,-.5020409518877759
1539,1,.2603227516971171,.4792158326594377,-.5020409518877759
1540,0,.3325237552321915,0,-.4239607460562193
1540,1,-.1425950503152018,0,-.4239607460562193
1541,0,-.2230622130320512,.8432751434169367,.2968053402406981
1541,1,-.0780121753238867,.8432751434169367,.2968053402406981
1542,0,-.4298168926550721,0,-1.153295904564263
1542,1,-.1221045384607008,0,-1.153295904564263
1543,0,.3239820005975625,.0481288822321569,1.404507385202874
1543,1,.5910612917801729,.0481288822321569,1.404507385202874
1544,0,-.0329389441019011,0,1.212979337113723
1544,1,.3249616560309559,0,1.212979337113723
1545,0,.5533634043106606,0,-1.114572272234203
1545,1,-.3389160315133292,0,-1.114572272234203
1546,0,.2894695371145153,.0683965374826675,-.6970089065323167
1546,1,-.2832601354071661,.0683965374826675,-.6970089065323167
1547,0,-.1402947190828104,.8782646446288397,.2791595374559398
1547,1,.7568685035259505,.8782646446288397,.2791595374559398
1548,0,-.1227071216689384,.6258960656148659,1.780587901136322
1548,1,2.161996652328885,.6258960656148659,1.780587901136322
1549,0,.2481572737189136,.4262755526784999,-.4350575059148233
1549,1,.4351944011919446,.4262755526784999,-.4350575059148233
1550,0,-.1205650648807262,0,.5147123337913317
1550,1,.4875384559650918,0,.5147123337913317
1551,0,-.7014122609515772,.6884818649944896,.4517457722572381
1551,1,.2396748059379737,.6884818649944896,.4517457722572381
1552,0,-.1177967168090704,.9751074397680958,-.1376313029717178
1552,1,.9806046314779362,.9751074397680958,-.1376313029717178
1553,0,.1771526976108231,0,1.917189422228311
1553,1,-.2097260510018624,0,1.917189422228311
1554,0,.1550300907942032,.0777936013332804,-1.788350325196035
1554,1,-.5960974867004479,.0777936013332804,-1.788350325196035
1555,0,-.95970082435513,.3501576073047755,.5588578669633234
1555,1,-.0517730545272274,.3501576073047755,.5588578669633234
1556,0,.7444171967026125,0,-.6159006307978889
1556,1,-.4177902100946231,0,-.6159006307978889
1557,0,.3123938340552598,0,-.2724227475897621
1557,1,.2625542785460931,0,-.2724227475897621
1558,0,-.1943648894997636,.2143544653133941,.7529021319408062
1558,1,.1679096603884154,.2143544653133941,.7529021319408062
1559,0,.5130342716841872,0,-1.832281289092612
1559,1,1.073343964190061,0,-1.832281289092612
1560,0,.0532739459048032,0,-.3635465268482947
1560,1,.8298216241639618,0,-.3635465268482947
1561,0,.0895148428173578,.7506681974577695,1.440299610643839
1561,1,.843545777785232,.7506681974577695,1.440299610643839
1562,0,-.6710291423097723,0,.7769135927870543
1562,1,-.0125174681341866,0,.7769135927870543
1563,0,.8240701767651918,0,-2.06233826026762
1563,1,-.033600811816902,0,-2.06233826026762
1564,0,.1148760903595498,.370436413498532,-.4105279114870238
1564,1,.1899020867333995,.370436413498532,-.4105279114870238
1565,0,.7635779588167967,0,-.6534366177968413
1565,1,1.347207585262193,0,-.6534366177968413
1566,0,.0192044820303737,0,-.0981519023865298
1566,1,-.2757850099238325,0,-.0981519023865298
1567,0,-.0114553914461173,.9731237878647637,-.8819046027065769
1567,1,.1743382827963882,.9731237878647637,-.8819046027065769
1568,0,.3341532867507696,0,-1.271211010497213
1568,1,.3818675260331313,0,-1.271211010497213
1569,0,-.4304135632835737,0,.2343327285284398
1569,1,.3364393602777867,0,.2343327285284398
1570,0,-.0058896410873754,0,-2.018142329540336
1570,1,-1.364456264259319,0,-2.018142329540336
1571,0,1.004412010521102,.2322222774514969,2.041853495038815
1571,1,1.195957416062837,.2322222774514969,2.041853495038815
1572,0,-.5146252008174141,.816862687749354,-.7642534378049488
1572,1,-.3492269854057196,.816862687749354,-.7642534378049488
1573,0,-.0279495509390779,.5380824090059203,-.8146524775164781
1573,1,.372063961466603,.5380824090059203,-.8146524775164781
1574,0,.4787626883960765,.588556434105817,.0934139614727975
1574,1,.6320081397783217,.588556434105817,.0934139614727975
1575,0,-.6338901315870387,.3535802370002087,-.2065224769646654
1575,1,-1.055976253577175,.3535802370002087,-.2065224769646654
1576,0,-.1392855559567322,0,-.8481841185760619
1576,1,.7420273022639492,0,-.8481841185760619
1577,0,.7096928554383651,0,.38633813814471
1577,1,-.2721903185751663,0,.38633813814471
1578,0,.1587187573900237,0,-.2007171640073996
1578,1,-.0378325187407925,0,-.2007171640073996
1579,0,-.5730121042391882,0,.6334041304346852
1579,1,-.0703561226211039,0,.6334041304346852
1580,0,-.3804516869062924,0,.8805706355540164
1580,1,-.0032446322833795,0,.8805706355540164
1581,0,-.5138660919201408,0,-1.865343727745289
1581,1,-1.217461630916185,0,-1.865343727745289
1582,0,-.4017882724013135,.443702101847203,.7870136880557508
1582,1,.3696463029470865,.443702101847203,.7870136880557508
1583,0,.3407812566008549,0,.1082102491046001
1583,1,1.824902959235139,0,.1082102491046001
1584,0,-.0845435374758002,0,.4208515996283188
1584,1,.4680041528141725,0,.4208515996283188
1585,0,1.244663779496484,0,1.032599096099815
1585,1,1.282633740711461,0,1.032599096099815
1586,0,.0563565517341059,.6291639331038702,.6066048274743533
1586,1,-.1305069730378579,.6291639331038702,.6066048274743533
1587,0,-.9689371299919488,0,.0951986726297779
1587,1,-1.418030610671982,0,.0951986726297779
1588,0,-.1167741579796018,.5202911124431758,.6434560778973736
1588,1,.2980253717637748,.5202911124431758,.6434560778973736
1589,0,.6689020213519925,0,-.7337514630080472
1589,1,.6486091422206406,0,-.7337514630080472
1590,0,-.1581835936818294,0,-.0586901210856537
1590,1,1.097126364455867,0,-.0586901210856537
1591,0,.0590479308923714,0,.0425421647616559
1591,1,1.20867692634133,0,.0425421647616559
1592,0,.9237235990201252,0,-.4665291498450839
1592,1,.0386636122791412,0,-.4665291498450839
1593,0,.9971453186298473,0,.0333005709542968
1593,1,-.3246583352300704,0,.0333005709542968
1594,0,-.2851918394781808,0,-1.206805565685077
1594,1,-.9176248855811611,0,-1.206805565685077
1595,0,1.221681134736311,0,-1.130417619946549
1595,1,.02494693444645,0,-1.130417619946549
1596,0,.1886948039523325,0,-2.503969880781787
1596,1,-.9220819634646253,0,-2.503969880781787
1597,0,-.52230035727374,.8550716279686187,.9687373539255638
1597,1,.9415231533461311,.8550716279686187,.9687373539255638
1598,0,.4018118502057655,0,.3725576741910966
1598,1,.0777515304092381,0,.3725576741910966
1599,0,.6588991006070244,.7187316393020239,-.5736995981316524
1599,1,.609448750087667,.7187316393020239,-.5736995981316524
1600,0,-.8397050075845988,0,-.87032657408882
1600,1,.2224718249927307,0,-.87032657408882
1601,0,.2756249139593629,0,-1.251139359000263
1601,1,-.9227462727981263,0,-1.251139359000263
1602,0,.122057098612737,0,.4398863224465948
1602,1,-1.184067954909073,0,.4398863224465948
1603,0,-.0897322812747205,.3609457963437762,2.012011163044577
1603,1,.9907884889061115,.3609457963437762,2.012011163044577
1604,0,-.0079536291964625,0,-1.828498491479598
1604,1,-1.48779820240249,0,-1.828498491479598
1605,0,.658287029232367,.3271486699506788,2.057572971374016
1605,1,.8525585869501093,.3271486699506788,2.057572971374016
1606,0,-.2313987001455367,.9720342951820237,2.681445094210211
1606,1,1.33978551840638,.9720342951820237,2.681445094210211
1607,0,-.5310746440718079,.7895548086108838,.5921993038007072
1607,1,-.2532971225198279,.7895548086108838,.5921993038007072
1608,0,.7515966106570199,.4926735136702282,1.505440185177096
1608,1,1.395177031564065,.4926735136702282,1.505440185177096
1609,0,.322223521839732,0,-.9463823860845821
1609,1,-.2637679486131417,0,-.9463823860845821
1610,0,-1.031587603444103,.463158597501283,-.3111417294781665
1610,1,.2477420964474532,.463158597501283,-.3111417294781665
1611,0,.7294913132683306,0,-.3836585952719596
1611,1,-.0057193911512132,0,-.3836585952719596
1612,0,-.0565907191439308,.6869919630204947,.8026489966640156
1612,1,.4888521591196262,.6869919630204947,.8026489966640156
1613,0,-.1647842997871322,.6577284983595612,.8161123928584298
1613,1,.7243583447438821,.6577284983595612,.8161123928584298
1614,0,.4884815070766325,0,-1.933536870000011
1614,1,-.5776491322377351,0,-1.933536870000011
1615,0,-.0560207013848026,0,-.8156974327029149
1615,1,.263279414787893,0,-.8156974327029149
1616,0,.1418039550970848,.4812463901970628,.0061478991043672
1616,1,-.1144948169715202,.4812463901970628,.0061478991043672
1617,0,-.2548958891455497,0,-.8690430858668321
1617,1,-.5032410641038025,0,-.8690430858668321
1618,0,-.1203995792460964,.6855279822344519,-.7631195932469613
1618,1,-.4524607893471158,.6855279822344519,-.7631195932469613
1619,0,-.5067719792996671,.3552222008705107,.0653927379570332
1619,1,.2008537445290182,.3552222008705107,.0653927379570332
1620,0,.0680577393077947,0,-.0742218307649418
1620,1,.2167631772561656,0,-.0742218307649418
1621,0,.8602773811693198,0,.6498541831133808
1621,1,.8245729583202909,0,.6498541831133808
1622,0,.4653837421620499,.5340966488363185,-.0792601108072572
1622,1,.4497653645511668,.5340966488363185,-.0792601108072572
1623,0,.2310093436531361,0,-.965934370240784
1623,1,.4075460512196002,0,-.965934370240784
1624,0,-.0269988077431576,0,-.326956426042206
1624,1,1.004979853727811,0,-.326956426042206
1625,0,-.0609541390198703,.2589587878726632,.6818604689754748
1625,1,.7271830609598744,.2589587878726632,.6818604689754748
1626,0,-.9504607838716239,0,-.1657499854675403
1626,1,-.5710961697560408,0,-.1657499854675403
1627,0,1.160211110729248,0,-1.491589936744695
1627,1,.9836745678965224,0,-1.491589936744695
1628,0,-.1002282587779688,.2194440797516913,.369296018680318
1628,1,.4468347125386232,.2194440797516913,.369296018680318
1629,0,.6132358873645256,0,.4732106849282607
1629,1,-.4484386035077036,0,.4732106849282607
1630,0,.6100837378268563,0,-1.725782255003857
1630,1,-.1146352928478873,0,-1.725782255003857
1631,0,-.532458874017758,0,.5691168738107574
1631,1,.0050296050805456,0,.5691168738107574
1632,0,.4542598398862508,.547412839001488,.2524304287153219
1632,1,.2442461410162688,.547412839001488,.2524304287153219
1633,0,-.3726627816239053,0,-1.432279230213289
1633,1,-.8118680925716065,0,-1.432279230213289
1634,0,.6674515799368475,0,.2779041359066233
1634,1,.6142678747342318,0,.2779041359066233
1635,0,.5194069896231313,.3605147009633806,-.4445213889276407
1635,1,-.2247382703833725,.3605147009633806,-.4445213889276407
1636,0,-1.062127013389289,.9347272286905347,-.9228218912514989
1636,1,-.3535052404122587,.9347272286905347,-.9228218912514989
1637,0,.7767738112441784,0,-1.213782628512647
1637,1,-.0933237630108003,0,-1.213782628512647
1638,0,-.4843177464132289,0,.3807863122437973
1638,1,-.3117722791336186,0,.3807863122437973
1639,0,-.4161356581344504,0,-.4076941158176435
1639,1,-.744487606205519,0,-.4076941158176435
1640,0,.2068436318423834,0,-.9642349127455746
1640,1,-.5024344054872361,0,-.9642349127455746
1641,0,.3919065964790885,.5966202686368064,1.690128524488486
1641,1,.7233858212725159,.5966202686368064,1.690128524488486
1642,0,-.3168159706186753,.0360054362045487,-.3167037499773249
1642,1,-.8018257118981322,.0360054362045487,-.3167037499773249
1643,0,-.3969100933473728,.554381136004564,-.8542518357984893
1643,1,-.3541436446285791,.554381136004564,-.8542518357984893
1644,0,.9301669050096537,.7326091077913212,.0274681342931241
1644,1,.1554872651280143,.7326091077913212,.0274681342931241
1645,0,.4930065964692785,.5771640581412566,-.496102206509832
1645,1,1.266299279529493,.5771640581412566,-.496102206509832
1646,0,.0743870594827136,.0571459789300578,.6551820173583658
1646,1,.1469630283606473,.0571459789300578,.6551820173583658
1647,0,.3535529910384789,.3584656094119593,-.1435704667086429
1647,1,-.0572765519196185,.3584656094119593,-.1435704667086429
1648,0,-.6887549199749277,.7168540805520397,.9436880084453355
1648,1,1.11401988421316,.7168540805520397,.9436880084453355
1649,0,-.1385627002675744,0,-1.80926337318004
1649,1,.8200723670976375,0,-1.80926337318004
1650,0,.6566682395541772,.5784000195279763,.9736245140649166
1650,1,2.333286792214746,.5784000195279763,.9736245140649166
1651,0,.1077275968000507,0,-1.825693652823756
1651,1,.7735523454305477,0,-1.825693652823756
1652,0,-.5597829256545388,.417490666272378,-.3598360505638042
1652,1,.6398351244729917,.417490666272378,-.3598360505638042
1653,0,.6693048396061715,.149369558432079,.8291319748040398
1653,1,.9734735970640818,.149369558432079,.8291319748040398
1654,0,.8956790265776762,0,-1.873533085787269
1654,1,-.0543232592562154,0,-1.873533085787269
1655,0,.3738442377504035,.7777364250551088,.2089593875863771
1655,1,.8667217131208986,.7777364250551088,.2089593875863771
1656,0,.2511256457101737,.0123607807590854,-.0483888849339997
1656,1,-.1889266490678154,.0123607807590854,-.0483888849339997
1657,0,-.2829123029711542,0,-.4255928919672043
1657,1,.0645439920448297,0,-.4255928919672043
1658,0,-1.179524285434959,0,.8833223790104383
1658,1,-1.143514865118128,0,.8833223790104383
1659,0,-.2405645927757938,0,1.522577934443926
1659,1,-.5627744334612053,0,1.522577934443926
1660,0,-.0256278913495195,.2322512000421489,.2423787831602252
1660,1,.1851656504771838,.2322512000421489,.2423787831602252
1661,0,.2572841133309379,0,-.9589810813544893
1661,1,1.603443143386283,0,-.9589810813544893
1662,0,.7864240931539168,0,-.3966469288831166
1662,1,1.402043149137341,0,-.3966469288831166
1663,0,.2798781510252992,0,-.9084022024353231
1663,1,.4460516915761417,0,-.9084022024353231
1664,0,-1.163149827296476,.5744464646710236,.3738804300100121
1664,1,-.4089915465957178,.5744464646710236,.3738804300100121
1665,0,.2287615811541522,.4556137095170344,1.616111126722491
1665,1,.6738020853658719,.4556137095170344,1.616111126722491
1666,0,.8104758593322395,0,2.240915243995879
1666,1,1.210903678928956,0,2.240915243995879
1667,0,.4438550207798088,.5323477920121321,.9150553299605231
1667,1,.1727710985342213,.5323477920121321,.9150553299605231
1668,0,.5010844666640035,.0241429099777731,.0988698084053985
1668,1,-.4290323526805065,.0241429099777731,.0988698084053985
1669,0,-.4136409086995728,.4622876634120693,.4331632980592641
1669,1,.0326116437833383,.4622876634120693,.4331632980592641
1670,0,1.200890618821516,.1489249135419078,1.54875777940786
1670,1,-.0178555821764296,.1489249135419078,1.54875777940786
1671,0,.0730305598614655,.0825866841103781,.5470145047900455
1671,1,.1234142229262939,.0825866841103781,.5470145047900455
1672,0,-.4790168261986716,0,-.6605073299000194
1672,1,-.9240530524406172,0,-.6605073299000194
1673,0,.024704637531549,.2121016616753414,.8923479985979764
1673,1,.9606519596351268,.2121016616753414,.8923479985979764
1674,0,.1716924839573339,0,.5495730682094604
1674,1,-.070451178711865,0,.5495730682094604
1675,0,.4688858633995645,.3951810742798753,.8550891643958396
1675,1,.5577984212222047,.3951810742798753,.8550891643958396
1676,0,-.0364467613578192,.3417717726270303,.8320932032652852
1676,1,-.0733580845739877,.3417717726270303,.8320932032652852
1677,0,.2223736224844327,0,.0879433945295273
1677,1,.2480520758341464,0,.0879433945295273
1678,0,-.3331579078166059,0,-1.440985310321418
1678,1,-.4393925403812863,0,-1.440985310321418
1679,0,.8594666383292635,.8973105119422017,-.5283627354806372
1679,1,.2708028112103033,.8973105119422017,-.5283627354806372
1680,0,.1899908203541275,.9898675966304574,-.6741211086043543
1680,1,1.369743052485771,.9898675966304574,-.6741211086043543
1681,0,.4353799731598129,.8718772447974398,.1251478902886572
1681,1,.8004622413323679,.8718772447974398,.1251478902886572
1682,0,-.1623150908328412,.4685918397655927,-.6406693964060066
1682,1,-1.153123921764171,.4685918397655927,-.6406693964060066
1683,0,.7084530219901592,.9224519243827519,-.6641187455929093
1683,1,-.7103814670648905,.9224519243827519,-.6641187455929093
1684,0,-.0622362234063007,0,.3427553468464343
1684,1,-.0950677081685147,0,.3427553468464343
1685,0,-.586519378263872,0,-.2870435421081657
1685,1,.1301335340278798,0,-.2870435421081657
1686,0,-.0138056569213746,0,.6482672870835138
1686,1,-.5392778950364693,0,.6482672870835138
1687,0,.9765056229632567,.1152437339622939,.0708159312346664
1687,1,.0332092479319338,.1152437339622939,.0708159312346664
1688,0,.0701698754624515,.6835296240923213,-.3643674090799738
1688,1,-.2824034022049966,.6835296240923213,-.3643674090799738
1689,0,-1.387763706170628,0,.5721946700126879
1689,1,-.300845708359289,0,.5721946700126879
1690,0,.0114471829764655,.3108544648502444,-.7142600961717325
1690,1,.2244399788057749,.3108544648502444,-.7142600961717325
1691,0,-.6097790802377111,.3666366192590248,-.7743408506183636
1691,1,.1078276369021821,.3666366192590248,-.7743408506183636
1692,0,-.6515546691694531,.1010602449610084,-.7531451147387189
1692,1,-1.288515837659255,.1010602449610084,-.7531451147387189
1693,0,.0801558556240284,.0668652513298743,1.885050319592892
1693,1,1.334507401091028,.0668652513298743,1.885050319592892
1694,0,.0998667054401923,.1110584960461528,1.52479917785005
1694,1,2.238262019609088,.1110584960461528,1.52479917785005
1695,0,-.583430890923785,.6977247661206326,-.5462707264098836
1695,1,-.4813515955353858,.6977247661206326,-.5462707264098836
1696,0,-.2028099461497368,.1106090826343279,1.077650282547047
1696,1,-.3429016821438634,.1106090826343279,1.077650282547047
1697,0,.4625305552261705,0,-1.484605159731349
1697,1,1.670927687294369,0,-1.484605159731349
1698,0,.1838641950405138,0,-.0280861921000971
1698,1,-.6608810040822822,0,-.0280861921000971
1699,0,-.9825654460121389,0,.2283567577143447
1699,1,-.6626266594421444,0,.2283567577143447
1700,0,-.0490340799818244,.3410240918927839,-.646246322523471
1700,1,-.9877249295492814,.3410240918927839,-.646246322523471
1701,0,-.5763043641769986,0,.6117563788978887
1701,1,-.5510062598236928,0,.6117563788978887
1702,0,.1684274695366333,0,-.4293115713458435
1702,1,.3373331919311021,0,-.4293115713458435
1703,0,.2108657648873652,.6528768214052615,-.0791363859735172
1703,1,-.6636951129478786,.6528768214052615,-.0791363859735172
1704,0,.6053043685095569,0,.1448303394218037
1704,1,.2174680788073889,0,.1448303394218037
1705,0,.1472019787753543,0,-1.707846028660844
1705,1,.020544598346536,0,-1.707846028660844
1706,0,.6144177620654168,.9570373789819752,1.122878041489606
1706,1,1.362525753201032,.9570373789819752,1.122878041489606
1707,0,-.0198255796082667,.841219370150403,1.093524414545305
1707,1,.1902766739279192,.841219370150403,1.093524414545305
1708,0,.5020168051603624,0,.7488137412012912
1708,1,-.4814509984593645,0,.7488137412012912
1709,0,.7281607644749694,0,.6334492505397435
1709,1,.181369424703315,0,.6334492505397435
1710,0,-.2513981047184184,0,-.1745937073668933
1710,1,.6456137719074084,0,-.1745937073668933
1711,0,.596392108585597,.8777229669877836,-.1927205509411126
1711,1,.4380884878114384,.8777229669877836,-.1927205509411126
1712,0,.2403328479102564,.187433711461083,1.021226064189616
1712,1,.1368586676899655,.187433711461083,1.021226064189616
1713,0,.1424150209672375,.237570290845761,1.120974921971937
1713,1,.8258423763631126,.237570290845761,1.120974921971937
1714,0,-.5612316552951048,0,1.083010315390394
1714,1,-.1609279092423199,0,1.083010315390394
1715,0,-1.271730177897995,.1562830044067526,1.745717647115771
1715,1,.674466416289606,.1562830044067526,1.745717647115771
1716,0,-.2159775729806152,.4379337371866926,-.3399894997024435
1716,1,.504665363349542,.4379337371866926,-.3399894997024435
1717,0,-.273078200045207,0,1.226401469996764
1717,1,1.524122971979488,0,1.226401469996764
1718,0,-.1585512627347203,.2817449600307059,.5021549612504663
1718,1,-.8727755720236072,.2817449600307059,.5021549612504663
1719,0,-.3378372232657566,0,-1.505264318036534
1719,1,-1.008257963188125,0,-1.505264318036534
1720,0,-.2418774421981105,0,-.872675094968226
1720,1,-.8911128671414736,0,-.872675094968226
1721,0,.1137459666546272,0,-.7118657786341109
1721,1,-.7695399919745487,0,-.7118657786341109
1722,0,-.2337985005525189,0,-.8471594754599165
1722,1,.0547123001458072,0,-.8471594754599165
1723,0,-1.438317634939717,.6364081529224493,.7112936495313535
1723,1,.1468028191325795,.6364081529224493,.7112936495313535
1724,0,.1637381489945748,0,-.5450862026628743
1724,1,.1663285470001422,0,-.5450862026628743
1725,0,1.216261003515211,.8476785239022911,.5033809071032646
1725,1,2.741901078563459,.8476785239022911,.5033809071032646
1726,0,.6861612597132867,0,.042626686569742
1726,1,-.0519806724249404,0,.042626686569742
1727,0,-.1155660297159349,0,-.6698781800899876
1727,1,-.5205028971292347,0,-.6698781800899876
1728,0,.8472506032901534,0,-1.551898140548616
1728,1,-.1230678997541742,0,-1.551898140548616
1729,0,.5902389002052889,0,.3381343400032425
1729,1,.7211328286262325,0,.3381343400032425
1730,0,-.4345443785662719,0,-1.027986841250354
1730,1,.6646121099639807,0,-1.027986841250354
1731,0,.1664644141191366,.8061168984879697,.8831531433084402
1731,1,1.74477464608198,.8061168984879697,.8831531433084402
1732,0,.4572700529235199,0,-.4655212155476219
1732,1,-.5668644598036937,0,-.4655212155476219
1733,0,-.2991466222886815,.3729407420259511,.7892296223204813
1733,1,-.0289601027096472,.3729407420259511,.7892296223204813
1734,0,1.287016344382776,0,.8853883019706591
1734,1,.7614635465744328,0,.8853883019706591
1735,0,-.4910089281453339,0,-.2330974335183978
1735,1,.0480591263876539,0,-.2330974335183978
1736,0,.4202997362372158,.8219730275705383,.1995331898931915
1736,1,-.9686124311114894,.8219730275705383,.1995331898931915
1737,0,.8985687898622523,0,-1.56270368130802
1737,1,-.3916761517241965,0,-1.56270368130802
1738,0,-.2325486550089798,0,.6769030818186073
1738,1,-.744576267920944,0,.6769030818186073
1739,0,-.4618395202421306,.4707579740668616,-.6017902419043009
1739,1,-.3470498425676468,.4707579740668616,-.6017902419043009
1740,0,-.4104391269257407,.2142145832374448,-.3825806889396207
1740,1,-1.081102172482185,.2142145832374448,-.3825806889396207
1741,0,-.4520552844365403,.0281820003651064,1.662575178056906
1741,1,-1.44579457675756,.0281820003651064,1.662575178056906
1742,0,-.9198269729886152,.2249484632856179,-.4250231586095464
1742,1,-1.583206356051623,.2249484632856179,-.4250231586095464
1743,0,-.3919192160869756,.6961952445435852,.7777148361270508
1743,1,1.214971242224351,.6961952445435852,.7777148361270508
1744,0,-.5936343718765181,0,.0653160200428191
1744,1,-.6695991143478847,0,.0653160200428191
1745,0,.2737284658423314,0,-1.293070403620529
1745,1,-.1078424721472472,0,-1.293070403620529
1746,0,.4196730744158328,0,-.4814282014329676
1746,1,-.0080227125888901,0,-.4814282014329676
1747,0,-.0105460292371739,.6517338279096238,.6978544199953364
1747,1,.6744020634200111,.6517338279096238,.6978544199953364
1748,0,.1200315841936407,0,.1600979137448115
1748,1,-.2971062776234607,0,.1600979137448115
1749,0,-.384829070392729,0,.4364430948767795
1749,1,-1.516460624542459,0,.4364430948767795
1750,0,.9447771194884107,.0144259856580361,-.8799178347332188
1750,1,-.3239815839929672,.0144259856580361,-.8799178347332188
1751,0,-.0364668250354186,.9908400317401652,-.2579206911773856
1751,1,-.0678584657467041,.9908400317401652,-.2579206911773856
1752,0,-.4714721418058953,0,.3760064751614403
1752,1,1.396912602488034,0,.3760064751614403
1753,0,-.1032482683165638,.1081994119382436,2.018151792533425
1753,1,1.594708789503844,.1081994119382436,2.018151792533425
1754,0,-.1900984528226184,.8155048643280661,-.5491413488296433
1754,1,.5665852687380457,.8155048643280661,-.5491413488296433
1755,0,.3787909521887114,0,.578686775382397
1755,1,.2818265700884838,0,.578686775382397
1756,0,.2901711297788787,0,1.423570588262074
1756,1,.9945645799859487,0,1.423570588262074
1757,0,-.5074729088341834,.9242713375796437,.4009212664561945
1757,1,.1148019621398877,.9242713375796437,.4009212664561945
1758,0,-.2356871466117665,0,-1.404069328229474
1758,1,-.3537612363130312,0,-1.404069328229474
1759,0,-.1561223884215861,0,-.6254267308830501
1759,1,-.04016968968913,0,-.6254267308830501
1760,0,-.0058671881640868,.9818109041486257,.2909853395206636
1760,1,1.652407085322805,.9818109041486257,.2909853395206636
1761,0,-.9263816978818759,0,-1.201183054425617
1761,1,-1.644845970393308,0,-1.201183054425617
1762,0,.7693097312589683,.708288592974773,1.174090869107671
1762,1,.6999804630349362,.708288592974773,1.174090869107671
1763,0,.0426008196591975,.7492858106578876,.6971620007777033
1763,1,-.2388731046298381,.7492858106578876,.6971620007777033
1764,0,.2310549202507245,0,.4126573071734787
1764,1,.1760023405926205,0,.4126573071734787
1765,0,-.6801323954259678,0,-.2909589746211139
1765,1,-.5017623123114368,0,-.2909589746211139
1766,0,.1037206520359387,.2909718185480922,.7367639266402478
1766,1,1.039692377183597,.2909718185480922,.7367639266402478
1767,0,.5987227608564257,.6048270545620104,.1927565149608164
1767,1,1.49595988209672,.6048270545620104,.1927565149608164
1768,0,.9793201794643651,0,-.6879883757655253
1768,1,.4163945614939323,0,-.6879883757655253
1769,0,.0003883555577862,0,.0873367164830733
1769,1,.0610772832174883,0,.0873367164830733
1770,0,.6056731932685309,.0316306131334531,.8705927273888412
1770,1,1.202244232013432,.0316306131334531,.8705927273888412
1771,0,-.2759039567705703,0,-3.412552960945439
1771,1,-1.32464421440661,0,-3.412552960945439
1772,0,.286629997049647,.4445973702669025,-1.124358993128836
1772,1,.2390595120474048,.4445973702669025,-1.124358993128836
1773,0,.638739668111617,0,-1.960069186652716
1773,1,-.546024012734174,0,-1.960069186652716
1774,0,-.2304510498749398,0,-.0355229691912314
1774,1,-.5529793375100913,0,-.0355229691912314
1775,0,-.1342265712196804,.1236959794380802,.2559990209113519
1775,1,-.2279566181399243,.1236959794380802,.2559990209113519
1776,0,.72804096343555,0,.6022966322578094
1776,1,.5651487431898511,0,.6022966322578094
1777,0,-.4867584291007878,0,1.187474509660648
1777,1,1.270863652554582,0,1.187474509660648
1778,0,-.0978566663985294,.9116662623395192,1.590797062371444
1778,1,.0360978533843915,.9116662623395192,1.590797062371444
1779,0,.5949211140884711,0,-1.945597609277195
1779,1,-.0866325892136157,0,-1.945597609277195
1780,0,-.552551097905951,.387320770003945,-.0858135012963227
1780,1,-.2493471387063162,.387320770003945,-.0858135012963227
1781,0,-.4543192755862109,.6823765421844868,-.523429124400181
1781,1,.2428062488236625,.6823765421844868,-.523429124400181
1782,0,-1.113367844053885,.4352886990492332,.6435227587370147
1782,1,.7191337247864067,.4352886990492332,.6435227587370147
1783,0,-.4970574051489312,0,1.015177107557911
1783,1,-.4384147693550858,0,1.015177107557911
1784,0,.3219833842318321,0,-.0324626591033746
1784,1,-.7305254629477291,0,-.0324626591033746
1785,0,-.1561240326529775,.81739184879291,-.1478761540114101
1785,1,-.8358897468953121,.81739184879291,-.1478761540114101
1786,0,.0098832011810988,0,-.8156289282023391
1786,1,-.0715436313179265,0,-.8156289282023391
1787,0,.1316541618215596,.4511541943093499,-1.173126019111849
1787,1,-1.484591004169899,.4511541943093499,-1.173126019111849
1788,0,.5647280514807725,.9292805032529984,.2698458399322342
1788,1,1.840613270382692,.9292805032529984,.2698458399322342
1789,0,-.1135401111138314,.3224042528241983,.3190449730654288
1789,1,-.2517919592260946,.3224042528241983,.3190449730654288
1790,0,-.0228465044070198,.1638493171278347,.5051984333748831
1790,1,.067027124973078,.1638493171278347,.5051984333748831
1791,0,.7656116260697949,0,-.7996573785281613
1791,1,.7349637969760732,0,-.7996573785281613
1792,0,.1520221531186921,0,-.8339719004445354
1792,1,.0137934959702447,0,-.8339719004445354
1793,0,.638701314585661,0,-.1481816622042183
1793,1,.6864126983252601,0,-.1481816622042183
1794,0,-.3189752832243431,0,.2789551937879577
1794,1,.5342329221228166,0,.2789551937879577
1795,0,.1964093743740506,0,-1.170145254818118
1795,1,-1.065904041150124,0,-1.170145254818118
1796,0,-.8716249729298043,0,.8382384581746778
1796,1,-1.029868089582385,0,.8382384581746778
1797,0,.0244207753073188,.6296266089398569,.0938603397340085
1797,1,-.0958162777985558,.6296266089398569,.0938603397340085
1798,0,-.8574841078816116,.874210731883602,.2031124314118958
1798,1,-.6062417829594219,.874210731883602,.2031124314118958
1799,0,.3790488733895371,.176498394440148,1.268748928254557
1799,1,.56939172890511,.176498394440148,1.268748928254557
1800,0,-.0671119125401701,0,-1.962099841742506
1800,1,-1.395561126345477,0,-1.962099841742506
1801,0,-.3800849286593327,.452377881262643,-.7223110307734205
1801,1,.1384501246634957,.452377881262643,-.7223110307734205
1802,0,-.3352024452404678,.3033504975498479,-.4910642551783409
1802,1,-.7461008885111116,.3033504975498479,-.4910642551783409
1803,0,-.7428827125966752,.2976965743758585,1.61804097433365
1803,1,.2985884428203323,.2976965743758585,1.61804097433365
1804,0,.670434091128787,.5612139104924129,-1.314332727008033
1804,1,.8563606550287072,.5612139104924129,-1.314332727008033
1805,0,-1.566049066817578,0,-.1256980163552578
1805,1,-.8660507418361716,0,-.1256980163552578
1806,0,.4968016566662889,0,-.7350084058209568
1806,1,.6220124524973689,0,-.7350084058209568
1807,0,.3023723047500075,.2166135889492077,.1978870760585132
1807,1,.6114551260676624,.2166135889492077,.1978870760585132
1808,0,.0911396853912768,.3140142207363726,2.573019065667793
1808,1,1.777893566013644,.3140142207363726,2.573019065667793
1809,0,-.8326173726292454,.6627578997987237,.1512245867590135
1809,1,-.1412895599485804,.6627578997987237,.1512245867590135
1810,0,.0016720220783207,.3488599702604119,2.095404622152303
1810,1,.8928570048512485,.3488599702604119,2.095404622152303
1811,0,-.0077460779497825,.3940530466483828,.950553360578536
1811,1,.3084518951599627,.3940530466483828,.950553360578536
1812,0,.0995834944143755,.803317835841176,-.2008227766720806
1812,1,.335768398566009,.803317835841176,-.2008227766720806
1813,0,-.1358815434990053,.9817405068243389,-.3056311181202768
1813,1,.953282165256523,.9817405068243389,-.3056311181202768
1814,0,-.5919296082078391,.4144512199638229,1.246594672297176
1814,1,.3686074908141938,.4144512199638229,1.246594672297176
1815,0,.9223101171253458,.2242324704922304,-.950023673008807
1815,1,.1337759943595841,.2242324704922304,-.950023673008807
1816,0,.2910038540928064,0,-.6838072673937591
1816,1,-.3616474265228485,0,-.6838072673937591
1817,0,.4140620451320784,.3095709851633032,-.3961660150175393
1817,1,-.3279922218162028,.3095709851633032,-.3961660150175393
1818,0,-.9697990462003587,.6495798989331912,2.212942144876336
1818,1,.4848438881632915,.6495798989331912,2.212942144876336
1819,0,-.2868345802645932,0,-.4582704411459586
1819,1,.1754911062066234,0,-.4582704411459586
1820,0,-.0180522448230336,.3178100649948642,.0575270747550322
1820,1,-.611405390811363,.3178100649948642,.0575270747550322
1821,0,1.412323563027933,0,-.1446216593234704
1821,1,.8072055636808442,0,-.1446216593234704
1822,0,.0621488941009154,0,.0065152148976783
1822,1,.5338603280704404,0,.0065152148976783
1823,0,.96251405435439,.7580228616353802,1.851411120239005
1823,1,1.548305492057958,.7580228616353802,1.851411120239005
1824,0,.1561735594076849,.2196407846786602,.6807682954007194
1824,1,.9744629353778318,.2196407846786602,.6807682954007194
1825,0,.5116276683064287,.1340322418096623,1.208911128145597
1825,1,-.0659214200138691,.1340322418096623,1.208911128145597
1826,0,-.4951359232601186,0,-1.356036089017694
1826,1,-1.147858217794983,0,-1.356036089017694
1827,0,.8192147846196263,0,-.4306813971510092
1827,1,.4520265431106913,0,-.4306813971510092
1828,0,-.5187651428127295,0,-.8569154261584571
1828,1,-.663830947060901,0,-.8569154261584571
1829,0,.3102934483183858,.2828707889517424,.7720323617130621
1829,1,.4718349736800408,.2828707889517424,.7720323617130621
1830,0,.5000569910032219,.1326595505139126,-.7294920961252733
1830,1,.0633268444016213,.1326595505139126,-.7294920961252733
1831,0,-.0514537815119902,.8604668798535745,-.5409546937282146
1831,1,-.0722278034564592,.8604668798535745,-.5409546937282146
1832,0,.0892089066814492,.667426285303249,.490922293025159
1832,1,.1344634964280683,.667426285303249,.490922293025159
1833,0,-.0989960745309592,0,-.0756727536681704
1833,1,.1411566965174212,0,-.0756727536681704
1834,0,-.2083108818600837,.4240717466549161,-.4329667677213154
1834,1,.4450878259071382,.4240717466549161,-.4329667677213154
1835,0,-1.743035484161182,0,-1.405657623654362
1835,1,-1.670253779191268,0,-1.405657623654362
1836,0,.137130199296044,.8052562838440221,.4257734415883008
1836,1,.6048319514883298,.8052562838440221,.4257734415883008
1837,0,-1.326847155598807,0,-2.140687395418052
1837,1,-1.723624487120807,0,-2.140687395418052
1838,0,-.2290878308234987,.8323277174279639,.5018967497663415
1838,1,.4202899739534086,.8323277174279639,.5018967497663415
1839,0,-.67323517133527,0,-.5517257083427132
1839,1,-.6530674934523492,0,-.5517257083427132
1840,0,.4195298368631332,.1655646808020749,1.506617184554067
1840,1,.7124569507828342,.1655646808020749,1.506617184554067
1841,0,1.522264266447433,.2957962030255287,.8029921005251128
1841,1,1.28336712310905,.2957962030255287,.8029921005251128
1842,0,.1621065018367854,.8447623161621102,.7079780948563813
1842,1,1.420688388598172,.8447623161621102,.7079780948563813
1843,0,.2574387755405409,0,-1.051736689512945
1843,1,.2099325585863214,0,-1.051736689512945
1844,0,-.7930891271246123,0,-1.012174042133811
1844,1,-.8826128511600788,0,-1.012174042133811
1845,0,-.3817421758349333,.9500138528029708,-.4044247768262088
1845,1,-.1167897207577143,.9500138528029708,-.4044247768262088
1846,0,-.8055449762843179,.7073065538787074,2.502269956502197
1846,1,1.462709844737431,.7073065538787074,2.502269956502197
1847,0,.6545103859163033,.8983413384572972,.9424326442066807
1847,1,1.288978488582172,.8983413384572972,.9424326442066807
1848,0,.7339539703349136,.4920679452818905,2.327222206117348
1848,1,1.56022595540481,.4920679452818905,2.327222206117348
1849,0,-.566995011434211,.1243821440676894,.9389859385036735
1849,1,-.1357518840587449,.1243821440676894,.9389859385036735
1850,0,-.7086136324843975,0,-1.716936772302478
1850,1,-1.421500570715813,0,-1.716936772302478
1851,0,.1685376835908353,0,-.4565704949517578
1851,1,-1.000356580153402,0,-.4565704949517578
1852,0,-.545846779651151,0,.8415817189164704
1852,1,.2131505607059394,0,.8415817189164704
1853,0,.4165992526768144,.5553208908215385,.8610644072568742
1853,1,-.4907769855211512,.5553208908215385,.8610644072568742
1854,0,.8698560383384772,.6558409806402438,.4849703030966507
1854,1,1.540963440085413,.6558409806402438,.4849703030966507
1855,0,-.759026008986408,0,-.6558459496630996
1855,1,.0600048822209374,0,-.6558459496630996
1856,0,.4228384261659477,.4489313573349919,-.521723300105475
1856,1,.0775682129136146,.4489313573349919,-.521723300105475
1857,0,.6518859796753154,0,-.0453860754786722
1857,1,-.166914695345274,0,-.0453860754786722
1858,0,.9571919193642738,.9008178789408229,-1.625515518700061
1858,1,-.9878897212440862,.9008178789408229,-1.625515518700061
1859,0,-.7399698498995684,0,-.6542742106948226
1859,1,-.6930220753639383,0,-.6542742106948226
1860,0,-.7884757877804571,0,1.395927620053944
1860,1,-.0140941920128809,0,1.395927620053944
1861,0,-.6188487604583959,0,-1.502271445020988
1861,1,-.8737892130586415,0,-1.502271445020988
1862,0,.1630345780690741,0,-2.087293013562709
1862,1,-.5366007069744518,0,-2.087293013562709
1863,0,-.0541802813977316,.1091218325225022,1.442587307078584
1863,1,-.5248131866519348,.1091218325225022,1.442587307078584
1864,0,.1204632107572558,0,-3.054143898244355
1864,1,-1.591382172094579,0,-3.054143898244355
1865,0,.3171621482066649,.5070845223627661,-.7380334784660657
1865,1,1.311771726808287,.5070845223627661,-.7380334784660657
1866,0,-.0031929733582011,.8068484482580783,2.016891572045197
1866,1,1.491421183714328,.8068484482580783,2.016891572045197
1867,0,-.1209647270290117,0,-1.071369284829225
1867,1,-.6410892188316759,0,-1.071369284829225
1868,0,-.3878934901734759,0,-.3539883982518082
1868,1,-.5172476029172544,0,-.3539883982518082
1869,0,-.258118866920668,0,-.7247934953597895
1869,1,.0984367698859075,0,-.7247934953597895
1870,0,-.7048273503441743,0,.076520794540092
1870,1,-.460945197651246,0,.076520794540092
1871,0,-1.736027149037364,0,-.3352704904763073
1871,1,-.3889306890258285,0,-.3352704904763073
1872,0,.7497270468768897,0,.5447644447157516
1872,1,-.0768929543519389,0,.5447644447157516
1873,0,-.4061794291797819,0,.1639752042011905
1873,1,-.488275307440605,0,.1639752042011905
1874,0,.2272905138786404,.5988488819024599,-.1961255184319302
1874,1,.5276768469897882,.5988488819024599,-.1961255184319302
1875,0,-1.044572556890214,.7960450708391983,.1693019830485555
1875,1,.2168191517810187,.7960450708391983,.1693019830485555
1876,0,-.5423366987981862,.9262392946197971,-.2365043860431205
1876,1,-.3825649278767526,.9262392946197971,-.2365043860431205
1877,0,-.1006214286312423,0,-.6539310690285882
1877,1,.5978902835673832,0,-.6539310690285882
1878,0,-.6660313109423223,0,.0371536081752399
1878,1,.7964755786811433,0,.0371536081752399
1879,0,-.6314485838798433,.1432427025034845,.8694028372551124
1879,1,.8574400092120967,.1432427025034845,.8694028372551124
1880,0,.0005002790219396,.9226517225779928,.0329452608910603
1880,1,.7101977920263451,.9226517225779928,.0329452608910603
1881,0,.1391058172462108,.8488561834644112,-.086245735598955
1881,1,.8921833942447821,.8488561834644112,-.086245735598955
1882,0,.609867351625343,0,.3006291831753358
1882,1,1.568839903277662,0,.3006291831753358
1883,0,.7332597690330929,0,1.711966996559244
1883,1,.0269943763703133,0,1.711966996559244
1884,0,-.1955502355430491,0,-1.938371094880491
1884,1,-1.135701865871436,0,-1.938371094880491
1885,0,.8021363948449975,0,-.8423492316525166
1885,1,.8008523465210314,0,-.8423492316525166
1886,0,-.4401957931086105,0,.8068991782725541
1886,1,1.254521568564199,0,.8068991782725541
1887,0,.8019047744650157,.5594238728510305,-.32552431448184
1887,1,-.0458757074533767,.5594238728510305,-.32552431448184
1888,0,-.5455189812502899,.5090552415035402,1.409885491935817
1888,1,-.3362218721060463,.5090552415035402,1.409885491935817
1889,0,1.057222831596102,.8938398107907065,1.409976647189606
1889,1,1.712096360161737,.8938398107907065,1.409976647189606
1890,0,.4003650860763699,0,-.9847934190061501
1890,1,-.1796908336377956,0,-.9847934190061501
1891,0,.3956202081290905,.5514595920512381,1.251080542242389
1891,1,1.067347387404195,.5514595920512381,1.251080542242389
1892,0,.0255863121103807,.2508872105559808,.2414779039612733
1892,1,.6550756137458611,.2508872105559808,.2414779039612733
1893,0,.5070603277765845,.0228142568098127,.5950591074767204
1893,1,1.065891955361848,.0228142568098127,.5950591074767204
1894,0,.6366249725874851,0,-.730293203904539
1894,1,.0728267076832172,0,-.730293203904539
1895,0,.3712997808434677,.8490333055859217,.2076750004749271
1895,1,-.0293862145882422,.8490333055859217,.2076750004749271
1896,0,-.2513692817488387,0,-1.130613737480824
1896,1,-1.467941557623281,0,-1.130613737480824
1897,0,.678775116457257,0,.1281012817354397
1897,1,.126002975993558,0,.1281012817354397
1898,0,-1.214181152468478,.5909803225095674,-.7075684709414422
1898,1,.0521857361491872,.5909803225095674,-.7075684709414422
1899,0,.874602330493939,.5603536613219074,-.0184371057574306
1899,1,.4728627861423763,.5603536613219074,-.0184371057574306
1900,0,.9923772862379975,0,-1.418444669163909
1900,1,.2214742339608661,0,-1.418444669163909
1901,0,.1265964039720627,0,.3618275617363857
1901,1,.4501390241172227,0,.3618275617363857
1902,0,.0817848994296739,0,1.134306049546877
1902,1,1.013128170750655,0,1.134306049546877
1903,0,1.581655820854686,.6680190910041311,.7154215692465934
1903,1,1.914926936435489,.6680190910041311,.7154215692465934
1904,0,.1420024422653869,0,-.1203426926996327
1904,1,.3726928941730893,0,-.1203426926996327
1905,0,.0420756921155813,0,-1.880908740361096
1905,1,-.9925103308393604,0,-1.880908740361096
1906,0,.2763900526667672,0,-.450433435390131
1906,1,.2875082579194853,0,-.450433435390131
1907,0,.325612775872205,0,.2392238650139218
1907,1,-.5520396896123994,0,.2392238650139218
1908,0,-.4208194461188833,.9057743112395723,.8461621144230815
1908,1,-.4857878353937365,.9057743112395723,.8461621144230815
1909,0,-.7257815531869645,.8122956712116211,1.415230715064341
1909,1,.6207341178466796,.8122956712116211,1.415230715064341
1910,0,.864194990637585,.4477503883521586,-.3572026408253099
1910,1,.2332140588195826,.4477503883521586,-.3572026408253099
1911,0,.3654252992687367,0,.0806526056148903
1911,1,.4496956087933505,0,.0806526056148903
1912,0,.1228435861151343,.9590933658978472,-.7430244632065398
1912,1,.0445487050280785,.9590933658978472,-.7430244632065398
1913,0,-.0483364785724893,0,-.8939680890814176
1913,1,-.5808688519959718,0,-.8939680890814176
1914,0,.5517533899086016,.2966578334473854,1.394963456116054
1914,1,.395928672084787,.2966578334473854,1.394963456116054
1915,0,-1.523154729059224,.6467750302879062,-.9880625807770502
1915,1,-1.390452858375668,.6467750302879062,-.9880625807770502
1916,0,1.720849885306338,0,.0099832448980647
1916,1,.7852709013840591,0,.0099832448980647
1917,0,-.2952806379341749,.4261945062776072,.8321947794815809
1917,1,.3093665182757245,.4261945062776072,.8321947794815809
1918,0,-.5093134464756998,0,-.6439466548169385
1918,1,-.1355151368603562,0,-.6439466548169385
1919,0,.8579385493893288,.2600470312008832,.7303638096346236
1919,1,1.126492328545904,.2600470312008832,.7303638096346236
1920,0,-.8343960420266074,.9382577404361213,-.4385251270994079
1920,1,.5730136971476254,.9382577404361213,-.4385251270994079
1921,0,-.4721664343824817,.5766283602294761,-.7160547049326419
1921,1,-.4566063622778982,.5766283602294761,-.7160547049326419
1922,0,-.8108077716058555,0,-.789357771997145
1922,1,-.4148108262944232,0,-.789357771997145
1923,0,.1413599440580012,.6684609615096916,.9182262814906651
1923,1,1.340615821777182,.6684609615096916,.9182262814906651
1924,0,.6488456030865134,.6896467932710276,.392377907605292
1924,1,.251383230164678,.6896467932710276,.392377907605292
1925,0,-.6049882381583949,.5949579403371253,.0665700752792864
1925,1,-.4994726953410267,.5949579403371253,.0665700752792864
1926,0,.421817912408423,.6297172924092332,-.0688264687169224
1926,1,.9205311617934046,.6297172924092332,-.0688264687169224
1927,0,-.5698805663775162,.5328604902211488,1.038736647834604
1927,1,1.12092924510379,.5328604902211488,1.038736647834604
1928,0,.1449813396598935,0,-.9181018242111224
1928,1,-2.003210884001589,0,-.9181018242111224
1929,0,-.0818142623119497,0,1.332921518401469
1929,1,.4998519503013439,0,1.332921518401469
1930,0,.1099644983725401,.3893591823909367,1.685308842070725
1930,1,1.041245159911823,.3893591823909367,1.685308842070725
1931,0,-.1289868356040895,.839832149737738,-.4350836987673542
1931,1,.7703971051979306,.839832149737738,-.4350836987673542
1932,0,-.1899767886589138,.7857887923415624,.4508926545769874
1932,1,1.475490343141032,.7857887923415624,.4508926545769874
1933,0,-.8468855922693772,0,-1.095836682484224
1933,1,.2641288914910069,0,-1.095836682484224
1934,0,1.045292016618734,0,-1.484748843026071
1934,1,-.2676795413347596,0,-1.484748843026071
1935,0,.1333810408129792,.6889163701350084,-.7214340776257124
1935,1,-.2754018304636662,.6889163701350084,-.7214340776257124
1936,0,.3459929498762724,0,-.2075899385757028
1936,1,1.689297862696461,0,-.2075899385757028
1937,0,-.2022435600786565,.5157492759642691,.0078197181655851
1937,1,-.0433133256908035,.5157492759642691,.0078197181655851
1938,0,-.7448873083352963,0,-1.348973095084765
1938,1,-.4264029128381026,0,-1.348973095084765
1939,0,.3488230731604609,.0747251555087359,.0526906636698532
1939,1,.8607482453058763,.0747251555087359,.0526906636698532
1940,0,.2066883836600998,.1047743940081102,-.730384788600548
1940,1,-1.059803333412823,.1047743940081102,-.730384788600548
1941,0,.328663801349275,.6679521176564504,-.43862728955577
1941,1,.5049313186245914,.6679521176564504,-.43862728955577
1942,0,-.7378614040453048,0,-.0273799466244022
1942,1,.0631065163108072,0,-.0273799466244022
1943,0,.1599591516545981,0,-1.36155645988519
1943,1,-1.689288615520003,0,-1.36155645988519
1944,0,-.7183753158729612,.144766462782617,-.530877371779261
1944,1,.5355263914155145,.144766462782617,-.530877371779261
1945,0,-.504531062100005,0,-.100921308751619
1945,1,-1.483237907226441,0,-.100921308751619
1946,0,-.6524721432107657,0,-2.082016983910109
1946,1,-.1591041912564072,0,-2.082016983910109
1947,0,-.8301913087914348,0,-1.141465613098382
1947,1,-.0434522340729193,0,-1.141465613098382
1948,0,-.1122525357430151,0,-1.165050183870721
1948,1,-.8632409427830328,0,-1.165050183870721
1949,0,-1.071552478889146,.9389665652643758,-.5918679379344725
1949,1,-.6193977012989741,.9389665652643758,-.5918679379344725
1950,0,-.5909403581910346,0,.3095663825380892
1950,1,-.4835994193812262,0,.3095663825380892
1951,0,-.1754396421051805,0,.5593595426483763
1951,1,1.746878404060518,0,.5593595426483763
1952,0,-.1494334797595478,.1283003647039996,-.1668160447629512
1952,1,-.2050938569286987,.1283003647039996,-.1668160447629512
1953,0,-.3048427315969418,0,-.742822640352548
1953,1,-.4406758011307345,0,-.742822640352548
1954,0,.6794183868387866,.3433612413479764,-.1524033437934679
1954,1,.8064607606839073,.3433612413479764,-.1524033437934679
1955,0,.6458836412651734,0,1.101686186745309
1955,1,.2438352286033905,0,1.101686186745309
1956,0,-.6688713429915952,.2577663448627557,-.6429865057084539
1956,1,-.8536912195073042,.2577663448627557,-.6429865057084539
1957,0,.2251672528059974,.6476742983839733,-.789370779535433
1957,1,.2770509484710385,.6476742983839733,-.789370779535433
1958,0,-.3738061318265634,0,.910879417658486
1958,1,.2004718491161853,0,.910879417658486
1959,0,.317665269668412,.1686865247293102,1.174703595100481
1959,1,.4045207364144961,.1686865247293102,1.174703595100481
1960,0,.504052574235778,.8986430993935083,.8936819826953316
1960,1,1.372996213864265,.8986430993935083,.8936819826953316
1961,0,-.3900383781976224,.4128825074092307,-.2974459053208466
1961,1,-.0127341194308297,.4128825074092307,-.2974459053208466
1962,0,-.0141376357061407,0,-.4263361628331013
1962,1,-.7385337834533291,0,-.4263361628331013
1963,0,.1763054285618225,0,-.4247689370899859
1963,1,-1.029101190894776,0,-.4247689370899859
1964,0,.5012366775766423,0,-.8411230813789387
1964,1,.0560840728244344,0,-.8411230813789387
1965,0,-.2874228583747892,0,2.263553017577328
1965,1,-.0971179962187415,0,2.263553017577328
1966,0,.2830414804660905,.4252368742889748,-.2420452405050279
1966,1,-.0642712763289754,.4252368742889748,-.2420452405050279
1967,0,.0575399597103259,0,-.5327682129334667
1967,1,.6385264206340083,0,-.5327682129334667
1968,0,.5126623210419295,0,.3544482275860117
1968,1,-.2460773405842673,0,.3544482275860117
1969,0,.345614392352476,.0149189686099341,.5484666726138988
1969,1,.8535270023967572,.0149189686099341,.5484666726138988
1970,0,-.4860746151160246,0,-.8200873042488959
1970,1,-.8385013069320374,0,-.8200873042488959
1971,0,.1879002998532065,0,-1.956085753327634
1971,1,-.5344664950320435,0,-1.956085753327634
1972,0,.3706783325214979,.6855271246352276,-.9132999949022423
1972,1,.738616027809924,.6855271246352276,-.9132999949022423
1973,0,-.785197249440913,.4254792739262842,-.8012688294945287
1973,1,-.4820057350584288,.4254792739262842,-.8012688294945287
1974,0,.7850891600067225,0,-1.203792480215623
1974,1,.0517648542754011,0,-1.203792480215623
1975,0,.6286516538532783,.7351956623924233,1.274087374200089
1975,1,1.136183508058599,.7351956623924233,1.274087374200089
1976,0,.1141108011191366,.8817401293261139,.1959347673836568
1976,1,.4849753932659837,.8817401293261139,.1959347673836568
1977,0,.2020740196830807,0,-.8909896930644375
1977,1,.5123006029954035,0,-.8909896930644375
1978,0,.0492788763576188,.0612775267195836,1.164008473994829
1978,1,.7826096277814234,.0612775267195836,1.164008473994829
1979,0,-.7669092838555831,.1921836179049864,-.9522698189286259
1979,1,-.0405448741763632,.1921836179049864,-.9522698189286259
1980,0,1.175503775445682,.8664568062317252,-.2899833325666415
1980,1,1.104938626720117,.8664568062317252,-.2899833325666415
1981,0,-1.158076289388937,.791098257276203,.0420855792593286
1981,1,.7803510388575515,.791098257276203,.0420855792593286
1982,0,-.2620707216737338,.4091787166559094,-.9680501202781664
1982,1,-.0384615804994181,.4091787166559094,-.9680501202781664
1983,0,.3350830451975595,.0569945435605989,1.217102010798901
1983,1,.4404669413611058,.0569945435605989,1.217102010798901
1984,0,.3585451406087822,0,-1.303077202178978
1984,1,-.7519000058799111,0,-1.303077202178978
1985,0,-.1782087404905994,0,-1.421464402859046
1985,1,-1.381417183955398,0,-1.421464402859046
1986,0,.4567056133837814,0,-1.218685032766172
1986,1,-.530564929897178,0,-1.218685032766172
1987,0,.5498834374050638,0,-1.182534523914033
1987,1,-.6294290970040357,0,-1.182534523914033
1988,0,.2748996579829231,.6486371205758151,1.800758050760107
1988,1,2.384950494550353,.6486371205758151,1.800758050760107
1989,0,.576655144092044,.6668905716467545,1.664564707765183
1989,1,1.178638968921533,.6668905716467545,1.664564707765183
1990,0,-.1652550120545955,0,.5163914942472916
1990,1,-.0837534367031664,0,.5163914942472916
1991,0,1.038144407825375,.0803021340406281,-.8949495803256562
1991,1,.2048569476649879,.0803021340406281,-.8949495803256562
1992,0,-1.287333237732526,0,-1.696056476957278
1992,1,-.6760416089568856,0,-1.696056476957278
1993,0,-.4917977861533696,0,.2101366674231748
1993,1,-.7105141662000439,0,.2101366674231748
1994,0,-.5243627802879312,.0822442833445217,1.347141391699422
1994,1,-.6614854614332317,.0822442833445217,1.347141391699422
1995,0,.2193992589322677,.7037407893060276,1.538333648319856
1995,1,.4814558850616793,.7037407893060276,1.538333648319856
1996,0,-.2791694819149731,.7609964618326693,.8428162036501362
1996,1,.9149704862693024,.7609964618326693,.8428162036501362
1997,0,-.6247143221560504,0,-2.512137447856332
1997,1,-.6362939523717005,0,-2.512137447856332
1998,0,-.7980766058814113,0,-1.277873830375466
1998,1,-1.100938971773075,0,-1.277873830375466
1999,0,.650841582806136,0,-.6041017074324617
1999,1,.0255668319709131,0,-.6041017074324617
2000,0,-1.121349254952315,.5087701550439919,-1.598609343848798
2000,1,-1.319441915396592,.5087701550439919,-1.598609343848798
2001,0,.1054215141240777,.5948714671051089,-.4919828927923842
2001,1,1.547161591664907,.5948714671051089,-.4919828927923842
2002,0,-.200742892636598,.33511014953032,-.1430834051378221
2002,1,-.7913950968134092,.33511014953032,-.1430834051378221
2003,0,-.5423556375102732,0,-.9313516517401089
2003,1,-.9945428575764521,0,-.9313516517401089
2004,0,.6902168774727178,.8399641445137419,-.152203106231864
2004,1,1.627064137659551,.8399641445137419,-.152203106231864
2005,0,-.6078339649611415,0,1.936796536681536
2005,1,-.1986024197472458,0,1.936796536681536
2006,0,.2132853487032285,.4513795186080324,-.4255811592213239
2006,1,-.2544922680619134,.4513795186080324,-.4255811592213239
2007,0,.8507823757831253,.8299438354689316,.541709846036511
2007,1,1.400875634925842,.8299438354689316,.541709846036511
2008,0,.8344889346427835,0,-.9926586902027482
2008,1,-.6136195374749097,0,-.9926586902027482
2009,0,.9860950822598602,0,-.5041011604291813
2009,1,1.144798186356411,0,-.5041011604291813
2010,0,.5949517867322316,0,.2355385016662099
2010,1,.0597891980585822,0,.2355385016662099
2011,0,.0532967975799828,.2093764868787343,.1105890794661215
2011,1,2.288401279301186,.2093764868787343,.1105890794661215
2012,0,-.5299471948282183,.6289759781050556,.614815128251507
2012,1,.9236674882753286,.6289759781050556,.614815128251507
2013,0,-.4392855098481953,.0646967258798926,1.078616733897546
2013,1,.408441069042514,.0646967258798926,1.078616733897546
2014,0,.1166266055126639,.9445903185961769,.3896993531641674
2014,1,1.685050529529154,.9445903185961769,.3896993531641674
2015,0,.0694061017186532,.9245433446641006,1.008358209623429
2015,1,2.443431196898828,.9245433446641006,1.008358209623429
2016,0,-.7481324942430259,0,-.2859038956212846
2016,1,-1.374093192087609,0,-.2859038956212846
2017,0,.687141592671593,0,.3021993646767056
2017,1,.4618626595442689,0,.3021993646767056
2018,0,-.2748189149268999,.8284477190138336,.0969597487310874
2018,1,-.0873110663935443,.8284477190138336,.0969597487310874
2019,0,-1.030689794440629,0,.5287406559116909
2019,1,-.858480341072301,0,.5287406559116909
2020,0,-.9295094981716991,.5969518921280929,.8554968302082948
2020,1,.5763698159264998,.5969518921280929,.8554968302082948
2021,0,-.2348457580874654,.0765497018066371,.7003732036794976
2021,1,.0764056427145807,.0765497018066371,.7003732036794976
2022,0,-.283500662424522,.8065306553759962,1.543337156919774
2022,1,1.015740126964009,.8065306553759962,1.543337156919774
2023,0,.4723595867812582,.0300042761620439,.3358709669015877
2023,1,-.6011835285710804,.0300042761620439,.3358709669015877
2024,0,.0701572046188763,0,-.4046740128091166
2024,1,.3007584328380113,0,-.4046740128091166
2025,0,.8253640360065685,0,2.238263569945061
2025,1,1.849502459665173,0,2.238263569945061
2026,0,-.3188190507625159,.5013304204125547,-.1654774783398907
2026,1,.3992331779767135,.5013304204125547,-.1654774783398907
2027,0,.3257627851433495,0,-.7471770947626091
2027,1,.3707042604142115,0,-.7471770947626091
2028,0,-.177787755439744,.0569454957812313,-.7366042919298322
2028,1,-.0029222101992249,.0569454957812313,-.7366042919298322
2029,0,.3348836771392146,.9151469063641214,1.968661953088537
2029,1,.8951063010217913,.9151469063641214,1.968661953088537
2030,0,1.384455234631609,0,1.654121974431196
2030,1,1.822571019504403,0,1.654121974431196
2031,0,.1150821861927679,.8648195558496693,2.366342273168617
2031,1,2.936787468498324,.8648195558496693,2.366342273168617
2032,0,-.629073742054421,.0493807293687912,-.6349361897543626
2032,1,-.6358792294764273,.0493807293687912,-.6349361897543626
2033,0,.1583051149588339,0,-.3005630632125815
2033,1,-.6144773873523215,0,-.3005630632125815
2034,0,-.2035050367227579,0,-1.057733169463618
2034,1,-1.119056773936612,0,-1.057733169463618
2035,0,-.2348911975510351,.8959122884838501,.2745114920052935
2035,1,.5870792678634752,.8959122884838501,.2745114920052935
2036,0,-.5734455173294351,0,-.1471522845918432
2036,1,-.5312957300633004,0,-.1471522845918432
2037,0,.6791649639696953,0,1.150820774972867
2037,1,-.2418732220261893,0,1.150820774972867
2038,0,-.5872112461094428,0,-1.085415744645656
2038,1,.3863063843164529,0,-1.085415744645656
2039,0,-.0577799161411423,.0600909891832945,.8820384720943568
2039,1,1.401679885223962,.0600909891832945,.8820384720943568
2040,0,-.0005509514690922,.4518000376695476,-.6452878080024071
2040,1,-.1696521953779242,.4518000376695476,-.6452878080024071
2041,0,-.5388734953834708,0,.8385942616174007
2041,1,.0834844248255704,0,.8385942616174007
2042,0,-.1366394284300629,0,.9470660856329413
2042,1,-.5052603084396775,0,.9470660856329413
2043,0,-.2173545698464029,0,-.7133733832024032
2043,1,.3295924364082264,0,-.7133733832024032
2044,0,.009248188606349,0,1.191920706449963
2044,1,.9914830760858711,0,1.191920706449963
2045,0,-.8024073647907538,.0480287459444798,.8693150891769672
2045,1,-.8330697088331329,.0480287459444798,.8693150891769672
2046,0,1.005092254859889,0,-.9472963608475719
2046,1,.9176798170326771,0,-.9472963608475719
2047,0,.1031218375051618,0,.5470130497569652
2047,1,.9943839637485351,0,.5470130497569652
2048,0,.1152290490419577,.5383955033174005,.0906434515858081
2048,1,.2606990193585839,.5383955033174005,.0906434515858081
2049,0,-.228942102256064,.4574912281677691,.1570939327979647
2049,1,.0913127062988155,.4574912281677691,.1570939327979647
2050,0,-1.551901638329137,.3611703739007125,.0872418153033297
2050,1,-.4269492613899986,.3611703739007125,.0872418153033297
2051,0,-.6801002577255119,0,-.0182464675293399
2051,1,.1147743203613706,0,-.0182464675293399
2052,0,-.9058426697797937,.181231135933721,1.877538330049709
2052,1,.8862677507757861,.181231135933721,1.877538330049709
2053,0,.4821743894006455,0,.1523614637041603
2053,1,-1.086613505056906,0,.1523614637041603
2054,0,.8109496480224131,.6588837001311162,1.084446695784138
2054,1,2.211306706295682,.6588837001311162,1.084446695784138
2055,0,-.0955302810894386,.5143542893790026,1.384902303055086
2055,1,.9185580498022676,.5143542893790026,1.384902303055086
2056,0,-.6861389239503619,.9432430358108749,1.468931714618193
2056,1,.0880367233203151,.9432430358108749,1.468931714618193
2057,0,.2461240895902531,0,.5176465498805848
2057,1,-.10727051782063,0,.5176465498805848
2058,0,-.8249441542447419,.3421276630736146,.3297586650229563
2058,1,.4023884817753359,.3421276630736146,.3297586650229563
2059,0,1.198099825676852,0,-.9437127617054737
2059,1,.3928098277351575,0,-.9437127617054737
2060,0,-.2197394071803402,0,.6914397784275472
2060,1,-1.059216365487574,0,.6914397784275472
2061,0,-.9746172793314005,0,-1.666640214707399
2061,1,.0016899637011823,0,-1.666640214707399
2062,0,-.5492008979289381,0,-.8208964987019822
2062,1,.5948699348723169,0,-.8208964987019822
2063,0,.0093230937511443,.2428635404572389,1.72338442175854
2063,1,1.144400575501838,.2428635404572389,1.72338442175854
2064,0,.7029437315831909,0,-1.350153722551739
2064,1,-.5828619531384066,0,-1.350153722551739
2065,0,.1981823377834303,0,.1162412112476202
2065,1,.1396539763466715,0,.1162412112476202
2066,0,-.3422604834526926,0,-.8389436623548481
2066,1,-.8839931806628183,0,-.8389436623548481
2067,0,-.7093191515433885,.2183905751796208,.2181052582930554
2067,1,-.0730269279789536,.2183905751796208,.2181052582930554
2068,0,-.0481927296970971,.6644702565026815,1.654601175222486
2068,1,.9570404052812597,.6644702565026815,1.654601175222486
2069,0,-.2834445744684657,0,-1.345019533050141
2069,1,-1.8049348375167,0,-1.345019533050141
2070,0,.9469265583263269,.6679359850852974,-.8789603357682548
2070,1,.6368651677688674,.6679359850852974,-.8789603357682548
2071,0,-.5058953612514854,0,.8977725252561409
2071,1,-.3684548009848496,0,.8977725252561409
2072,0,-.1321091708302308,0,-.861813598009156
2072,1,-.127621207123968,0,-.861813598009156
2073,0,.9097043587026351,0,-1.908953538328608
2073,1,-.555429796248843,0,-1.908953538328608
2074,0,.2760081487907478,0,-1.360167124664447
2074,1,-.5174512137899656,0,-1.360167124664447
2075,0,-.931307880139814,0,.0637412267736684
2075,1,-1.394769485976028,0,.0637412267736684
2076,0,.6405509873440388,.3496773565133277,-.1589009513431855
2076,1,1.308549176331386,.3496773565133277,-.1589009513431855
2077,0,.3400618141517298,.3492876551353349,.1694470096467869
2077,1,1.620223564021396,.3492876551353349,.1694470096467869
2078,0,-.022611916454449,0,-1.776092341808092
2078,1,-.1637563234944935,0,-1.776092341808092
2079,0,.4673099946235509,.2262680465609846,1.058315779869991
2079,1,.7165638196725747,.2262680465609846,1.058315779869991
2080,0,1.228654911670395,.0731564579616851,-.5329333666537479
2080,1,-1.023053404605322,.0731564579616851,-.5329333666537479
2081,0,1.084094105589132,.5136655664400084,1.049998461007523
2081,1,1.780484229349552,.5136655664400084,1.049998461007523
2082,0,.1554944567456589,0,-1.653111304015596
2082,1,-2.143435718461829,0,-1.653111304015596
2083,0,.810962285519691,.9486253368072909,-.7201328009807906
2083,1,-.4748988372240596,.9486253368072909,-.7201328009807906
2084,0,-.0125394275268222,0,.252172052011314
2084,1,-.8046582936404307,0,.252172052011314
2085,0,.3793508732397328,0,.3586300424005535
2085,1,-.4424901951868127,0,.3586300424005535
2086,0,-.3572996398822083,0,.2967780365178334
2086,1,-.0515456812157541,0,.2967780365178334
2087,0,-.6550042188490459,.2069616004862788,-.4718667118747211
2087,1,-.2510808213369518,.2069616004862788,-.4718667118747211
2088,0,-.0905164653012275,.2173235023855588,-.3083360005213219
2088,1,.6787187216181856,.2173235023855588,-.3083360005213219
2089,0,.1688791321263856,0,1.47404951549256
2089,1,.813238855625718,0,1.47404951549256
2090,0,-.8419654523754767,.206374126628961,1.382453267298643
2090,1,.4791149856897543,.206374126628961,1.382453267298643
2091,0,-.6400495473438732,.6188472789199974,-.9244579643170007
2091,1,-1.210297242126226,.6188472789199974,-.9244579643170007
2092,0,-.0022903138906559,0,-.4533982260991142
2092,1,.2995832767430173,0,-.4533982260991142
2093,0,-.410707066956699,0,-.8155711464987331
2093,1,.0595671050294052,0,-.8155711464987331
2094,0,-.6257340070591703,.4086144410121774,-.7228801816131046
2094,1,-.4934695807507876,.4086144410121774,-.7228801816131046
2095,0,.7672222668236697,.9994419634079948,-.6308387990898642
2095,1,.7236740540948535,.9994419634079948,-.6308387990898642
2096,0,.2774003081781417,0,-2.102871778022401
2096,1,.092514280194989,0,-2.102871778022401
2097,0,.1413140114696269,0,-.3801617722217006
2097,1,-.4500211304749354,0,-.3801617722217006
2098,0,-.3119452783833128,0,.5254478003473577
2098,1,.4192379670463534,0,.5254478003473577
2099,0,.6682634359596016,.5820837249674263,1.423811460833733
2099,1,.5355091046048783,.5820837249674263,1.423811460833733
2100,0,.7269826693788111,.0763849027154785,1.200929639083148
2100,1,-.6041489536593914,.0763849027154785,1.200929639083148
2101,0,.2878842615481118,0,-.6728537817699212
2101,1,.6614948828886125,0,-.6728537817699212
2102,0,.7745033697829614,.1321873242644146,1.00076382418277
2102,1,1.395497644776415,.1321873242644146,1.00076382418277
2103,0,.5894690141714096,0,.8197239222429091
2103,1,2.25009263226719,0,.8197239222429091
2104,0,.6309784152575649,0,-.7323134942713387
2104,1,.8244930108995945,0,-.7323134942713387
2105,0,.1822592005674946,.9133633343409741,-.4484506270069689
2105,1,1.119285766086834,.9133633343409741,-.4484506270069689
2106,0,.0310549845146258,.2386510491710213,-1.601703727588901
2106,1,.5008621363943959,.2386510491710213,-1.601703727588901
2107,0,.8753361473681088,.0564175505958194,2.294237845172695
2107,1,2.087550800426805,.0564175505958194,2.294237845172695
2108,0,-1.238772140612238,.1427620618740472,.2352626048231617
2108,1,-.3734882065893306,.1427620618740472,.2352626048231617
2109,0,.7532604110452827,.688983849333714,.2059797488229058
2109,1,.5045254755314899,.688983849333714,.2059797488229058
2110,0,-.1670317653811566,.3260870936023733,2.051034243926074
2110,1,.7176042368844414,.3260870936023733,2.051034243926074
2111,0,-.3300656930848272,.2110795851488979,.7317944214459946
2111,1,-.3032691256267652,.2110795851488979,.7317944214459946
2112,0,-.1193004327406101,.9259633376863435,-1.469494969860491
2112,1,.4611099016723796,.9259633376863435,-1.469494969860491
2113,0,.420952372954418,0,-1.754216007974364
2113,1,-.7394153286569563,0,-1.754216007974364
2114,0,-.6385965311341644,0,-1.135437535872631
2114,1,-1.099131416462412,0,-1.135437535872631
2115,0,1.479508945859924,0,.93023285705058
2115,1,1.235528804568653,0,.93023285705058
2116,0,-.3570152077636966,0,-.0293672614592664
2116,1,-.7153833239229165,0,-.0293672614592664
2117,0,-.9784052138471435,.0145802553818611,-.2999064769741382
2117,1,-.6492927492786086,.0145802553818611,-.2999064769741382
2118,0,.6732186534496142,0,.443906162889185
2118,1,.5418105845732304,0,.443906162889185
2119,0,.3384894031256705,0,-.3354823879347952
2119,1,.3207626319712,0,-.3354823879347952
2120,0,-.5919887096089764,.6228028222675929,1.712412977270493
2120,1,1.545423737610625,.6228028222675929,1.712412977270493
2121,0,.4185089748955486,0,-.7056514372503813
2121,1,.0594667582349938,0,-.7056514372503813
2122,0,-.7108811810362841,.9390964592139514,1.493962173420838
2122,1,.159295276374639,.9390964592139514,1.493962173420838
2123,0,-.194167285479698,.1880419029089647,-.4837597972146523
2123,1,.6528962927724485,.1880419029089647,-.4837597972146523
2124,0,.0508318773020438,.6122561033612214,.8749452953125496
2124,1,.849397709585919,.6122561033612214,.8749452953125496
2125,0,.175068733729144,.9489493030182937,-.2367768370958218
2125,1,.347583438626977,.9489493030182937,-.2367768370958218
2126,0,-.8502193747465419,0,1.478421300723595
2126,1,.2399717280400678,0,1.478421300723595
2127,0,-.6302335658759405,0,-.6707938957119218
2127,1,-.3240399949857847,0,-.6707938957119218
2128,0,.0454121177419194,.7775383428864627,-.1631094284769801
2128,1,.1462842869144651,.7775383428864627,-.1631094284769801
2129,0,-.494861434964965,0,-.2505642316972812
2129,1,-.0025061436711469,0,-.2505642316972812
2130,0,-.7577033736108953,.8660315519360738,-1.196197069770671
2130,1,-.0290695586877504,.8660315519360738,-1.196197069770671
2131,0,.1218108540255695,0,-.7673384820225099
2131,1,-.6217988960674854,0,-.7673384820225099
2132,0,-.4273289187740903,.8104333844120232,.0172748311615048
2132,1,-.7645642310786553,.8104333844120232,.0172748311615048
2133,0,.3077836967201217,0,-1.231032323417478
2133,1,-.8832294652505344,0,-1.231032323417478
2134,0,.4145417584790523,0,-.7277895563098288
2134,1,-.4980616256611917,0,-.7277895563098288
2135,0,.6637229141779563,.2698226109592331,1.508684206188264
2135,1,1.052070243586358,.2698226109592331,1.508684206188264
2136,0,-.579730423071771,.5834194473636795,.2361653555782117
2136,1,.9733955881751624,.5834194473636795,.2361653555782117
2137,0,-.3787374210957235,0,-.5212100596934143
2137,1,.1122959448214267,0,-.5212100596934143
2138,0,.9914985828983199,.661657011104854,1.430550035897611
2138,1,1.093040566632566,.661657011104854,1.430550035897611
2139,0,.1942736768488851,0,.1424769681592227
2139,1,-.2432887282513327,0,.1424769681592227
2140,0,-.5676636187244929,0,-.1020562232533379
2140,1,-.6763301402638937,0,-.1020562232533379
2141,0,.0633590980285997,.569003727331059,.5125379056496976
2141,1,.4475944601886058,.569003727331059,.5125379056496976
2142,0,-.6541192813857079,0,-1.03182529082115
2142,1,-.9310625752196745,0,-1.03182529082115
2143,0,.1811324135636135,.3637406676409537,-.1383572303954285
2143,1,-.4615974274537888,.3637406676409537,-.1383572303954285
2144,0,-.0495731942898602,.4701762338949581,1.300518511382544
2144,1,1.31221557075061,.4701762338949581,1.300518511382544
2145,0,-.0444216873304642,.5168282048910186,.7266477155753159
2145,1,.1063155856158555,.5168282048910186,.7266477155753159
2146,0,.2973176849960871,.1315778659366681,.8756427272791251
2146,1,.0425056141348034,.1315778659366681,.8756427272791251
2147,0,.5113827192539362,.9723484861728372,1.519390107474407
2147,1,1.493899326106719,.9723484861728372,1.519390107474407
2148,0,.5712201585025913,.146908286635283,1.442464283426347
2148,1,1.778915322824077,.146908286635283,1.442464283426347
2149,0,.5977887454288972,0,-.8997738288167746
2149,1,-.0221098198605857,0,-.8997738288167746
2150,0,-.8010426166160606,0,.0717790534034368
2150,1,.4556449175928745,0,.0717790534034368
2151,0,-.0446791384512508,0,-.4995887604373362
2151,1,.729183491408037,0,-.4995887604373362
2152,0,-.9427012490015965,0,-1.2672548512961
2152,1,-.4140994249238207,0,-1.2672548512961
2153,0,1.19045363655653,.1301245432080526,.9289468600572139
2153,1,1.416552364525556,.1301245432080526,.9289468600572139
2154,0,-.8790188767866539,.4362152085551579,1.082038618893356
2154,1,.0447889944388192,.4362152085551579,1.082038618893356
2155,0,-.3144979623656609,0,.7034380453801933
2155,1,.0949451274713429,0,.7034380453801933
2156,0,1.080732909471749,.1870130224111962,-1.794893076372028
2156,1,.0500550934920261,.1870130224111962,-1.794893076372028
2157,0,.0122354609279143,0,-.2814112115331051
2157,1,.2988514304493013,0,-.2814112115331051
2158,0,.1427443995663861,0,1.422748689273084
2158,1,-.5622581415036855,0,1.422748689273084
2159,0,.6844599183860005,0,.0965010756259207
2159,1,.2019258410060474,0,.0965010756259207
2160,0,-.7755277271795034,.2779523969877798,.7713579526059902
2160,1,.3820655107803855,.2779523969877798,.7713579526059902
2161,0,.4230381235281841,0,-.666077103437705
2161,1,1.055126116631945,0,-.666077103437705
2162,0,.639289087046722,0,.0129228025543303
2162,1,.3091060926872402,0,.0129228025543303
2163,0,-.0001407090512557,.8189745916930361,-.3787954249739595
2163,1,.5419579108250623,.8189745916930361,-.3787954249739595
2164,0,.3747092804591087,.1244055620023227,.2637348613619402
2164,1,-.9795802291336217,.1244055620023227,.2637348613619402
2165,0,.9819186729325156,.8143421724651742,-.618174712489135
2165,1,.8288123831550714,.8143421724651742,-.618174712489135
2166,0,-.3933090548414161,0,1.695184539378725
2166,1,.1416319517243321,0,1.695184539378725
2167,0,-.1910338401621984,0,-.2243893189832084
2167,1,.3305904856388204,0,-.2243893189832084
2168,0,-.036659972479346,.5338762015146771,-.1471651959148271
2168,1,-.3197307458400842,.5338762015146771,-.1471651959148271
2169,0,-.3694510216687777,.4592863515653732,1.165330708384288
2169,1,.3956095164906581,.4592863515653732,1.165330708384288
2170,0,-.6827859640428856,.6048895180273685,-.7585670238490855
2170,1,-.6511855839946435,.6048895180273685,-.7585670238490855
2171,0,-.0686127874588486,.5644684757152979,-1.328772510631152
2171,1,.3452364039495008,.5644684757152979,-1.328772510631152
2172,0,.8347951152196618,0,.6880527747107156
2172,1,1.470878301339237,0,.6880527747107156
2173,0,-.1389605914071235,.2825417410738497,-1.357601276865223
2173,1,-.8920427091700769,.2825417410738497,-1.357601276865223
2174,0,-.317880639696062,.2843306060924561,1.009061304183454
2174,1,.994725445264945,.2843306060924561,1.009061304183454
2175,0,-.2242408380056846,.2037734183938159,1.500165522691498
2175,1,.7901342539877334,.2037734183938159,1.500165522691498
2176,0,-.7191858038837869,0,.5335863362580042
2176,1,-.7847138877749789,0,.5335863362580042
2177,0,-.256761384649726,.4690802838929152,.0774115007910874
2177,1,-.65871720592352,.4690802838929152,.0774115007910874
2178,0,.2930338410040856,0,-.6993675407568003
2178,1,.6119303093136799,0,-.6993675407568003
2179,0,-.5266713603026865,.6928428054098018,.2424640188992915
2179,1,1.015987622510658,.6928428054098018,.2424640188992915
2180,0,-.0284023993924946,0,.0353812859299502
2180,1,-.1505160666181297,0,.0353812859299502
2181,0,.3933065433091499,.8958713538605058,-1.28826882849437
2181,1,-.7860080084529547,.8958713538605058,-1.28826882849437
2182,0,.2487339601998241,0,-1.940198405982974
2182,1,-1.781169016796065,0,-1.940198405982974
2183,0,1.095957232155823,.4620597921903854,.1990635661457894
2183,1,.0377306362380556,.4620597921903854,.1990635661457894
2184,0,.2454663760603057,.7323176106785872,-.4936960786973658
2184,1,.8755886150603541,.7323176106785872,-.4936960786973658
2185,0,-.4011433376150355,.4802029423293327,.3201204376975305
2185,1,.3521475250573088,.4802029423293327,.3201204376975305
2186,0,-.186442170806711,.4854176039362706,-.2568582340102947
2186,1,.0533153550537538,.4854176039362706,-.2568582340102947
2187,0,-.3790731233841951,0,-.2181689768816255
2187,1,.2374778203806716,0,-.2181689768816255
2188,0,.4976171750904759,.0691251044580713,2.695260931839194
2188,1,.6614923812514637,.0691251044580713,2.695260931839194
2189,0,.9935993500285144,0,.1740456459455381
2189,1,.6994263448332926,0,.1740456459455381
2190,0,.7055124708759701,0,-1.099311950565113
2190,1,-.5833333973475811,0,-1.099311950565113
2191,0,.6471171026935001,.8458588077731412,-1.484711263525146
2191,1,-.633612076864363,.8458588077731412,-1.484711263525146
2192,0,1.190562010413181,.7304293003296679,-.9582660736700874
2192,1,-.1964731031464511,.7304293003296679,-.9582660736700874
2193,0,.1165587865987913,.0636304792125618,-.0047737086101012
2193,1,.146532929234288,.0636304792125618,-.0047737086101012
2194,0,.1088219018323337,0,-1.254538751186456
2194,1,-.5468111907256058,0,-1.254538751186456
2195,0,.2455782730196229,0,-1.337141544470891
2195,1,-.5351358242607707,0,-1.337141544470891
2196,0,.6096212378441841,0,1.187582962819798
2196,1,.6343797101267222,0,1.187582962819798
2197,0,-.9630891082785125,.810843221831493,1.633127085734
2197,1,1.277311211262523,.810843221831493,1.633127085734
2198,0,-.2397282706515819,0,-1.991925047257279
2198,1,-2.124327084549564,0,-1.991925047257279
2199,0,-.8894434719438578,.0634271925380162,-.3354522306818003
2199,1,.6778796515247595,.0634271925380162,-.3354522306818003
2200,0,-.7094127527373305,.6928307711571776,.4905222385252643
2200,1,.1283883398298029,.6928307711571776,.4905222385252643
2201,0,2.056598121467383,.4606161428790926,.7503962460469433
2201,1,1.95909311631346,.4606161428790926,.7503962460469433
2202,0,-.528285613046688,0,1.473459693918969
2202,1,-.2689202665907174,0,1.473459693918969
2203,0,-.0595193031508022,0,-.335322992960627
2203,1,-.7840254723650685,0,-.335322992960627
2204,0,.0361914587364297,0,-1.382222097420913
2204,1,-.9269636932048462,0,-1.382222097420913
2205,0,-.0405561291341148,.7647717684839105,1.044418381207583
2205,1,.8895676036980911,.7647717684839105,1.044418381207583
2206,0,.8443643243149138,0,-.1288184377200159
2206,1,.0661121959280536,0,-.1288184377200159
2207,0,.4317348102975144,.9202927897961263,1.634528348904997
2207,1,1.239359469254206,.9202927897961263,1.634528348904997
2208,0,.6996607892973336,.0987524879364342,-.1044898486920616
2208,1,.8649224888813392,.0987524879364342,-.1044898486920616
2209,0,-.6770233701349382,0,-1.009601062220482
2209,1,-1.667799619788672,0,-1.009601062220482
2210,0,-.291731613834656,.5742678391082633,.3132768190189364
2210,1,1.233166123485161,.5742678391082633,.3132768190189364
2211,0,1.24828876176788,0,-.3267856944316262
2211,1,1.018916471969793,0,-.3267856944316262
2212,0,-1.030021497555329,0,.9972845084188768
2212,1,-.4143132800099094,0,.9972845084188768
2213,0,.3140153386347046,0,-.1810352725435956
2213,1,1.319047188272612,0,-.1810352725435956
2214,0,.126754584419318,0,-1.035131872330204
2214,1,-.4530196978176728,0,-1.035131872330204
2215,0,.6581186706032546,0,.9574671897808994
2215,1,1.641273582763936,0,.9574671897808994
2216,0,.1553456843559343,0,.7040564728565466
2216,1,.3640775401817278,0,.7040564728565466
2217,0,.4060838191957666,.0788059674772964,1.134622743933365
2217,1,-.2905130560300375,.0788059674772964,1.134622743933365
2218,0,-.3755636014246272,.6249367552172634,.1250848574187788
2218,1,-.5471945185499808,.6249367552172634,.1250848574187788
2219,0,1.350413449027116,0,-.3127111084463125
2219,1,-.16325375272513,0,-.3127111084463125
2220,0,.4691026810608232,.1328558238557057,1.330319014913075
2220,1,-.0322479192862018,.1328558238557057,1.330319014913075
2221,0,.4576075926582477,.7004478126355399,1.266266955057374
2221,1,1.286005698272797,.7004478126355399,1.266266955057374
2222,0,-.0873439558126571,0,-1.049786198380974
2222,1,-1.220466118651765,0,-1.049786198380974
2223,0,-.0260611671455663,0,-1.826693077259386
2223,1,.0684697569118645,0,-1.826693077259386
2224,0,-.9538668910024724,.4018944402908434,1.605418509269013
2224,1,-.1441315085115156,.4018944402908434,1.605418509269013
2225,0,.7972221083248308,0,-.1470842181858845
2225,1,-.3266997865849537,0,-.1470842181858845
2226,0,-.5754282036733925,.1165771488128796,-.346995345260329
2226,1,1.009794350474566,.1165771488128796,-.346995345260329
2227,0,.1496759979537179,0,-.021201407182788
2227,1,-.48566151628181,0,-.021201407182788
2228,0,.1742292938265669,.5067185203113717,.9537964248845517
2228,1,1.331698708056235,.5067185203113717,.9537964248845517
2229,0,.0855932312257209,0,-.8741062581153862
2229,1,-.7530251170259672,0,-.8741062581153862
2230,0,.172589879793289,0,-.1592391970153028
2230,1,.1466899102365225,0,-.1592391970153028
2231,0,-.5088536789760943,.5482680611162288,1.368803979246913
2231,1,-.1767214179318952,.5482680611162288,1.368803979246913
2232,0,.0704911250666624,0,.6525642739635771
2232,1,-.7107423485575106,0,.6525642739635771
2233,0,-.0591745431203064,.1521224827538791,-.219489518047296
2233,1,-.3219583520437385,.1521224827538791,-.219489518047296
2234,0,-1.000424814622654,.8867197111027386,1.781123050117837
2234,1,.589248625417722,.8867197111027386,1.781123050117837
2235,0,-.7413627697385234,0,.0419537929766136
2235,1,.0296535429230526,0,.0419537929766136
2236,0,-.0823622611085433,0,-1.01994754312761
2236,1,-.1246920480915801,0,-1.01994754312761
2237,0,-.0464562344596906,0,.7547652327554111
2237,1,.0067483172791129,0,.7547652327554111
2238,0,-.3804099727099474,0,-1.533221754808537
2238,1,.3193599174968789,0,-1.533221754808537
2239,0,.8937370611013595,.5288823894890323,1.06859335788932
2239,1,.6293191632433054,.5288823894890323,1.06859335788932
2240,0,-.4648623274771694,0,.7724108969705588
2240,1,.2752840328780402,0,.7724108969705588
2241,0,-.2528623667853209,0,-1.189865175716327
2241,1,-.5656998849001028,0,-1.189865175716327
2242,0,-.3562983357134261,.4251835264917975,-.0654498963976767
2242,1,-.8980378150952638,.4251835264917975,-.0654498963976767
2243,0,-.8296312696222488,.7657917065656265,-.1385074194685225
2243,1,-.2144683359302152,.7657917065656265,-.1385074194685225
2244,0,-.7083240981723928,.4291393428543727,1.317132489714262
2244,1,.331956579656891,.4291393428543727,1.317132489714262
2245,0,.5381469930107328,0,-.7228406706011576
2245,1,-.5568480702621332,0,-.7228406706011576
2246,0,-.7827397445978748,.2306555421776612,.4020972575698804
2246,1,.8374645575005611,.2306555421776612,.4020972575698804
2247,0,.7895311130081515,.1291934029530185,-1.75819110845668
2247,1,-.324068094702927,.1291934029530185,-1.75819110845668
2248,0,-.0184456286370533,0,.110606218281403
2248,1,-.612158108485526,0,.110606218281403
2249,0,.0526841533528341,0,-.0325899727444995
2249,1,.5333156073814322,0,-.0325899727444995
2250,0,.3585209287804374,.3309604412355368,-.299897120331478
2250,1,.0982960696269049,.3309604412355368,-.299897120331478
2251,0,-.4183676662186001,.0779331004757812,-.5795802707300328
2251,1,-.5078760678719726,.0779331004757812,-.5795802707300328
2252,0,-.2524661672067282,0,-1.347848297625075
2252,1,-1.023442154733366,0,-1.347848297625075
2253,0,.4991468883159829,.2281003348669287,.5174570356026451
2253,1,1.323456174634779,.2281003348669287,.5174570356026451
2254,0,-1.376536842980014,.3476960125121257,-1.605002626211517
2254,1,-2.177102771991076,.3476960125121257,-1.605002626211517
2255,0,-.1616594251745867,0,-1.379215652324106
2255,1,-1.520541416486748,0,-1.379215652324106
2256,0,-.6714425047670584,0,.1782755487679924
2256,1,-.2455109932137504,0,.1782755487679924
2257,0,.4938689319059851,.7273698119717832,.5318100073222217
2257,1,.8231483094690363,.7273698119717832,.5318100073222217
2258,0,.3554481929750434,.6611882225884013,-.5953955322961285
2258,1,.3997180757577052,.6611882225884013,-.5953955322961285
2259,0,.7451487308505585,0,-.1835597425811359
2259,1,1.767776692714569,0,-.1835597425811359
2260,0,-.052819251438731,.4447687006915283,2.187168913225864
2260,1,.8212815828426052,.4447687006915283,2.187168913225864
2261,0,-1.013416917434763,0,-.2055733058141974
2261,1,-.8223859166470399,0,-.2055733058141974
2262,0,.4293579223957371,0,-1.939285525943933
2262,1,-1.537639689684938,0,-1.939285525943933
2263,0,-.6274219233632237,0,.4897953938006328
2263,1,-.049677267452471,0,.4897953938006328
2264,0,-.1405139006746015,0,-.1540921888882548
2264,1,-.0325605487931427,0,-.1540921888882548
2265,0,.1336184267864133,0,-.9083839734693504
2265,1,1.284142077215933,0,-.9083839734693504
2266,0,-.7601480153960896,.7573993268891083,1.34547035962991
2266,1,.878927592209246,.7573993268891083,1.34547035962991
2267,0,.723676390418206,0,-2.984460988929844
2267,1,-1.074804405991629,0,-2.984460988929844
2268,0,-.1464323106851337,0,1.349665571592899
2268,1,.6275934622678503,0,1.349665571592899
2269,0,-.9325347488259808,0,-.1967651624234134
2269,1,-.5690955609890012,0,-.1967651624234134
2270,0,.8845562926068526,.0437112077852589,.6977736333208275
2270,1,.8365807563249931,.0437112077852589,.6977736333208275
2271,0,-.2864082748591026,0,-.9404528895487952
2271,1,-.4851586635500891,0,-.9404528895487952
2272,0,-.675632190451512,0,.4471143005088447
2272,1,.053204489310205,0,.4471143005088447
2273,0,.2447596498054589,.2000879456121835,.9210260508053874
2273,1,1.953727906176823,.2000879456121835,.9210260508053874
2274,0,1.022080334839759,.2277579460487807,-.0573428968438808
2274,1,.8141197091684966,.2277579460487807,-.0573428968438808
2275,0,-.5189196540175325,0,-1.108149529441273
2275,1,-.8082673774475746,0,-1.108149529441273
2276,0,.00589202566753,0,-.0938260295656407
2276,1,.2071009621799255,0,-.0938260295656407
2277,0,-.6035098949884858,.5736726921589875,.6964763052277114
2277,1,.8214538746088382,.5736726921589875,.6964763052277114
2278,0,.249597238494883,.9203034091221479,-.4732347464278532
2278,1,.60055420790217,.9203034091221479,-.4732347464278532
2279,0,.4752009017934833,.520787820644398,1.135754792556104
2279,1,1.497229230212762,.520787820644398,1.135754792556104
2280,0,.5159334167696313,0,1.045514745789188
2280,1,1.180726401849901,0,1.045514745789188
2281,0,-.0555362409001542,0,-.7203313657718282
2281,1,.5951125615049041,0,-.7203313657718282
2282,0,-.5126403507758465,.9455894469966041,-.2090915280439171
2282,1,-.8218562433730836,.9455894469966041,-.2090915280439171
2283,0,.8066824065230114,.7175750125374937,1.029991970820883
2283,1,1.140542744825521,.7175750125374937,1.029991970820883
2284,0,-.1945362079975226,0,-1.160061705947573
2284,1,-.1163739662086614,0,-1.160061705947573
2285,0,-.7214490685652812,0,.4817719328021708
2285,1,-.1974478296614116,0,.4817719328021708
2286,0,.1732172185025147,.2409322071614902,.9199056752381811
2286,1,.813513551566722,.2409322071614902,.9199056752381811
2287,0,.0893423004683907,0,-.172533701678263
2287,1,-.1217036615785847,0,-.172533701678263
2288,0,-1.153563110877978,0,-1.492576477313593
2288,1,-.4398314299306811,0,-1.492576477313593
2289,0,1.009365150282292,0,-.741252173755643
2289,1,1.21928427955182,0,-.741252173755643
2290,0,.1074345665481142,.741799251548711,1.528808692578391
2290,1,.9605763242468743,.741799251548711,1.528808692578391
2291,0,.9062793153905722,0,-.5011337500798698
2291,1,.2139024393443014,0,-.5011337500798698
2292,0,-.0055206660679905,.5107459549815149,1.258654100609115
2292,1,-.0154244358454121,.5107459549815149,1.258654100609115
2293,0,.0125828767929611,0,-.7827998659725891
2293,1,-1.133503172441394,0,-.7827998659725891
2294,0,-1.063373873457307,0,-2.560649885753081
2294,1,-1.322712303490387,0,-2.560649885753081
2295,0,.4054037105717954,.8311004027367727,1.765461391398897
2295,1,1.404409531935969,.8311004027367727,1.765461391398897
2296,0,.8702286991150203,0,-.1856746144866538
2296,1,.9657452470662957,0,-.1856746144866538
2297,0,1.054535845607077,0,-1.564950074435469
2297,1,-.016382997615756,0,-1.564950074435469
2298,0,.0863091049094364,0,-1.039132058751735
2298,1,-.2276949354705992,0,-1.039132058751735
2299,0,.1652544802828588,.875136009044316,-.8275539962513855
2299,1,-.4834426151038773,.875136009044316,-.8275539962513855
2300,0,.1957095355137833,.6982063952494332,1.181548224804944
2300,1,.8773245608622201,.6982063952494332,1.181548224804944
2301,0,.3228738094283554,.9546232726829008,-.5280912349436254
2301,1,1.097739852925167,.9546232726829008,-.5280912349436254
2302,0,-.0483204083195754,0,-.028685399921242
2302,1,-.6864673747298955,0,-.028685399921242
2303,0,.5276132438869447,0,-.6664985308457904
2303,1,-.2323833448666006,0,-.6664985308457904
2304,0,-.0467337938942668,.4224587057570582,1.696353961081184
2304,1,1.116156298705386,.4224587057570582,1.696353961081184
2305,0,.1686081280587378,0,-.4409101447520541
2305,1,-.2862389952876603,0,-.4409101447520541
2306,0,.0531198104688725,.3041359902794097,-.3697102960962512
2306,1,-.0465664272918467,.3041359902794097,-.3697102960962512
2307,0,-.2006538897489074,.3149920751702348,.3619690094850607
2307,1,-.9846059743003144,.3149920751702348,.3619690094850607
2308,0,.9654706378005264,.8965293601785033,1.810505960840707
2308,1,1.425221176270307,.8965293601785033,1.810505960840707
2309,0,.2923036504717078,0,-.915877510239926
2309,1,-.34460515870661,0,-.915877510239926
2310,0,-.9357724822549062,0,-2.884407216471429
2310,1,-1.009134881701735,0,-2.884407216471429
2311,0,.9003904360775519,.359083178914459,.2929915875768813
2311,1,-.6161095939065588,.359083178914459,.2929915875768813
2312,0,.1273672445055342,0,-1.22645195184037
2312,1,-.420349765295745,0,-1.22645195184037
2313,0,-.5337665116272139,0,.200817003329967
2313,1,.3861336298094472,0,.200817003329967
2314,0,.4305917326071607,.1947717683248077,2.810617885620461
2314,1,.6374453823940239,.1947717683248077,2.810617885620461
2315,0,.4802839812747915,0,.2055043202239871
2315,1,.8720175965521024,0,.2055043202239871
2316,0,.8510752022440027,.8139585289252792,2.225187183128607
2316,1,1.352637763792299,.8139585289252792,2.225187183128607
2317,0,-.1017135850168096,0,-.2152630366315005
2317,1,-.6205700510991965,0,-.2152630366315005
2318,0,.2923688745193924,0,-.5485607408108437
2318,1,-.0641558730499688,0,-.5485607408108437
2319,0,-1.165636598464411,.18274976033781,.8032239430242091
2319,1,-1.012490128416183,.18274976033781,.8032239430242091
2320,0,.638521255506079,0,.1775902411100773
2320,1,.838259202909043,0,.1775902411100773
2321,0,.2899727506522524,.8690528455112599,1.050189299766025
2321,1,.7123136889910622,.8690528455112599,1.050189299766025
2322,0,-.546468192353355,0,-.7627986025104549
2322,1,-.4986202644525252,0,-.7627986025104549
2323,0,-.3623219826073731,0,-1.007410066020322
2323,1,-.4038562822250506,0,-1.007410066020322
2324,0,-.0692321506782872,0,-.6536198459851873
2324,1,-.5598532263192859,0,-.6536198459851873
2325,0,.5968436528965418,.3183928045427483,.8577480505417608
2325,1,-.0172064364236128,.3183928045427483,.8577480505417608
2326,0,-.1322147685523837,.4992853058983878,-.0175479767676005
2326,1,-.4673778605791898,.4992853058983878,-.0175479767676005
2327,0,-.6117548883069026,0,-2.398719828645632
2327,1,-1.710995977835403,0,-2.398719828645632
2328,0,.5951928017927306,0,.4562313455460829
2328,1,.7870983457006474,0,.4562313455460829
2329,0,-.1085502705502993,.706879842970959,-.2502756586544447
2329,1,-.0891539691246909,.706879842970959,-.2502756586544447
2330,0,-.062257758246804,.0590213954568714,-.582310796149375
2330,1,.1938245418264345,.0590213954568714,-.582310796149375
2331,0,-.0718554101416037,0,-1.18070444309395
2331,1,-.4544024853593514,0,-1.18070444309395
2332,0,-.1998284001319277,.2629841711311863,.2240027687751798
2332,1,-.46278943794496,.2629841711311863,.2240027687751798
2333,0,-.7661531623041848,0,.823224896324241
2333,1,1.201212889435623,0,.823224896324241
2334,0,.511809644340124,.2798326267844377,.8680237812384806
2334,1,1.689648359985524,.2798326267844377,.8680237812384806
2335,0,.19092223353879,.7313428814798678,.7301995314209444
2335,1,.2522562939398968,.7313428814798678,.7301995314209444
2336,0,1.178421754107149,.543520365740262,-.2255794158952927
2336,1,1.221598107956929,.543520365740262,-.2255794158952927
2337,0,-.6766106431473393,.3958564511217676,.8064904386184306
2337,1,.7877818685792967,.3958564511217676,.8064904386184306
2338,0,-.2329935960951146,0,.6916076109554328
2338,1,.5336972902721473,0,.6916076109554328
2339,0,-.1036429458431244,0,.1897422554778463
2339,1,-.1972683885719267,0,.1897422554778463
2340,0,-.6444565537512587,0,1.000026649995256
2340,1,-.3074676551829754,0,1.000026649995256
2341,0,.0401937178443148,.7419568707483623,.2103966887461315
2341,1,.7385892058570673,.7419568707483623,.2103966887461315
2342,0,-.5603021381263837,.2682086155443751,2.051739651885562
2342,1,-.0791030920891537,.2682086155443751,2.051739651885562
2343,0,-.415535202165025,.777561150439502,.0128030448852225
2343,1,-.2289714228383915,.777561150439502,.0128030448852225
2344,0,-.9608118863026374,0,-.2759800512264568
2344,1,-2.18973850819123,0,-.2759800512264568
2345,0,.1727014743236168,.0018647390374703,1.561969033070572
2345,1,-.1179060506535865,.0018647390374703,1.561969033070572
2346,0,.2830466273119608,0,1.201080599552669
2346,1,1.421641699300876,0,1.201080599552669
2347,0,1.197209776248256,.1577945175740277,-1.795685583121299
2347,1,.5396764884735937,.1577945175740277,-1.795685583121299
2348,0,-.1498459619666332,0,-.5829406666971427
2348,1,-.1849148958368871,0,-.5829406666971427
2349,0,.9481784442198042,0,-.9785141206980204
2349,1,.7153049442777817,0,-.9785141206980204
2350,0,-.6756625278944025,0,1.056929627392543
2350,1,.1095996705363189,0,1.056929627392543
2351,0,-.6273751974210013,.0290656186246193,1.766817000970739
2351,1,-.6137673436603523,.0290656186246193,1.766817000970739
2352,0,.2304469980298078,.4407028627923802,-1.497507129886021
2352,1,-.9781516966716728,.4407028627923802,-1.497507129886021
2353,0,-.9003103133744941,0,.0153178187592271
2353,1,-.2700798031427355,0,.0153178187592271
2354,0,.22986414561279,.7788929048215679,-.9880389482823408
2354,1,-.4664966846981159,.7788929048215679,-.9880389482823408
2355,0,-.8037629192259472,0,-.5116544872193381
2355,1,-.2491393066635722,0,-.5116544872193381
2356,0,-.5167934041283322,.643911611148719,-.6116809162412644
2356,1,-1.08899984030129,.643911611148719,-.6116809162412644
2357,0,-.0839519700432302,0,1.436199044437348
2357,1,-.7899607970295665,0,1.436199044437348
2358,0,-.2727006478969046,0,-2.145080256883002
2358,1,.0608275512207143,0,-2.145080256883002
2359,0,-.1347956427476651,0,.5120556887061789
2359,1,-.6371328552772172,0,.5120556887061789
2360,0,.1476388785257018,0,.1134034700240567
2360,1,-1.010781212122049,0,.1134034700240567
2361,0,.5150437922118193,.228332882380394,-1.747033549827756
2361,1,-.6238050286425292,.228332882380394,-1.747033549827756
2362,0,.8512419769546784,0,-.8298334032343928
2362,1,-.7225420826300566,0,-.8298334032343928
2363,0,-.6457837344241966,.418430924913037,1.685567087864524
2363,1,-.0652528040814429,.418430924913037,1.685567087864524
2364,0,.1828744771386062,0,1.628416200647612
2364,1,.046007323145681,0,1.628416200647612
2365,0,-.0866501036367936,0,-1.056997519475647
2365,1,.3929695188426368,0,-1.056997519475647
2366,0,-.7417321296460302,0,-.4860119501785249
2366,1,-.5953458791630396,0,-.4860119501785249
2367,0,.176557604420788,0,.3428563391141032
2367,1,-.0853090078516055,0,.3428563391141032
2368,0,-.0145186784849029,.063103280363432,.6240180587673481
2368,1,-.2420485097558591,.063103280363432,.6240180587673481
2369,0,.4675930859166118,.0411813267731486,.6263000641408631
2369,1,.7096931674666853,.0411813267731486,.6263000641408631
2370,0,.6967440145619312,.6972122125459622,.7922171929630532
2370,1,1.63497568052081,.6972122125459622,.7922171929630532
2371,0,-.2484557440265117,0,.0263933074271264
2371,1,-1.192269541947209,0,.0263933074271264
2372,0,-.0901917904673666,0,-.5794952055577037
2372,1,-.6394277027533628,0,-.5794952055577037
2373,0,.1032758635803598,.8745616513672579,.9729958925113763
2373,1,.8703894293501906,.8745616513672579,.9729958925113763
2374,0,-.9503019848736994,.5100180303621206,-.5027086725437131
2374,1,-.1222079045943799,.5100180303621206,-.5027086725437131
2375,0,.0768656116122901,.9575263279839806,2.051329242197349
2375,1,.1294690278958096,.9575263279839806,2.051329242197349
2376,0,-.8399789461721709,.4049713370760694,.4658911398608375
2376,1,-.5476734939522239,.4049713370760694,.4658911398608375
2377,0,-.1788826814968982,0,-.1383890463592378
2377,1,.1771453981020613,0,-.1383890463592378
2378,0,-.0444180303258646,.7324733714618646,.7211584395437826
2378,1,1.968550144203762,.7324733714618646,.7211584395437826
2379,0,-.5382926378576975,.347256431592753,-.7953291522316244
2379,1,.1858346081554179,.347256431592753,-.7953291522316244
2380,0,-1.146567686995828,.3727968658699871,.9602900102437991
2380,1,.0004252229585872,.3727968658699871,.9602900102437991
2381,0,-.1123598021569124,0,.4776736106497944
2381,1,.9429981840916941,0,.4776736106497944
2382,0,-.309558864466675,0,1.407055247727883
2382,1,-.2859961807289924,0,1.407055247727883
2383,0,-.7131587961912378,0,-1.520503373072182
2383,1,-.3370102699197446,0,-1.520503373072182
2384,0,.0432651382557825,0,-.0033459225821907
2384,1,.3018666474371461,0,-.0033459225821907
2385,0,-.5864866467834617,.1186711447247412,.050533246881565
2385,1,-.7343774330267983,.1186711447247412,.050533246881565
2386,0,.7786950837290993,.4226864224246799,-1.396293937175451
2386,1,.2234062882116794,.4226864224246799,-1.396293937175451
2387,0,1.483267758547673,.8333002464542362,1.21947965420752
2387,1,1.387413220228995,.8333002464542362,1.21947965420752
2388,0,-.998101880993604,.2683631620720838,.2045246565932681
2388,1,.0067696782480208,.2683631620720838,.2045246565932681
2389,0,-.5926043334364139,.0180439236906914,-.8156874787738705
2389,1,-.175305313308052,.0180439236906914,-.8156874787738705
2390,0,.2506904743874304,0,-.361748998006009
2390,1,.8182643857346615,0,-.361748998006009
2391,0,.6522423064111172,.3820173118522062,-.6013879169661325
2391,1,.5907592106722279,.3820173118522062,-.6013879169661325
2392,0,-.2294709715818863,0,-1.045171254423538
2392,1,-.1176311668622979,0,-1.045171254423538
2393,0,1.270942470585638,.9882591031356066,1.842417343003192
2393,1,1.597590078277691,.9882591031356066,1.842417343003192
2394,0,-.9648848278449249,0,-1.70400152701316
2394,1,-1.78639366647246,0,-1.70400152701316
2395,0,-.8297997063545077,0,.0740248235493267
2395,1,-.8488076088718749,0,.0740248235493267
2396,0,.2930109107072988,0,-.2128366757422288
2396,1,-.671427104683609,0,-.2128366757422288
2397,0,-.8700001358278984,0,1.165710453406232
2397,1,-.5578920576118744,0,1.165710453406232
2398,0,-.9954540932828935,0,1.474133644068762
2398,1,1.06658649844269,0,1.474133644068762
2399,0,.7115704570660883,0,-1.995355480777098
2399,1,-.0851496689238107,0,-1.995355480777098
2400,0,.1708254243550373,.056157357794418,.7361573378877794
2400,1,.0000472694134103,.056157357794418,.7361573378877794
2401,0,.4177132038423287,.3863306129983198,1.437003688579997
2401,1,.9690889785166406,.3863306129983198,1.437003688579997
2402,0,-.3813321801675648,0,-.5031079490559106
2402,1,-.8545992239870263,0,-.5031079490559106
2403,0,-.1490656350700998,0,-.7329381540504578
2403,1,-1.106745983024313,0,-.7329381540504578
2404,0,-.2589784821049508,.8292592269102544,.8676378531960967
2404,1,-.0173581627406809,.8292592269102544,.8676378531960967
2405,0,.0871599069573391,.8729669961993872,-.2824539485300803
2405,1,2.116734770033069,.8729669961993872,-.2824539485300803
2406,0,-.549785975974373,.2191601102358055,-.4960041401358475
2406,1,-1.057912462745097,.2191601102358055,-.4960041401358475
2407,0,.1156840068201074,0,-1.079466078952187
2407,1,-.9165567282296703,0,-1.079466078952187
2408,0,.50535550921459,0,.0247790928963654
2408,1,-.5382489467076848,0,.0247790928963654
2409,0,-.0450041642193067,.8540966694059312,1.140887121670566
2409,1,.2538089535118443,.8540966694059312,1.140887121670566
2410,0,.2906123112757389,0,.1106106865162225
2410,1,.5324989075323296,0,.1106106865162225
2411,0,.4155270865248949,.8283154593390901,-1.098397004028298
2411,1,-.0398265172333047,.8283154593390901,-1.098397004028298
2412,0,.3505817043722157,.7155909846559277,.9522054335221765
2412,1,2.542887675383267,.7155909846559277,.9522054335221765
2413,0,-.2713636802399571,.840311854970735,-.1927192972859337
2413,1,.5582665206770607,.840311854970735,-.1927192972859337
2414,0,.6276309064809921,0,-.7797018031316689
2414,1,-.9327124213956762,0,-.7797018031316689
2415,0,-.3397791871355871,0,-1.443313206795207
2415,1,-1.050438689107794,0,-1.443313206795207
2416,0,-.0767295942898175,0,-.9880794313012357
2416,1,.0542103124941073,0,-.9880794313012357
2417,0,-.7212955279800501,0,.6335762102854967
2417,1,-.5082502806321572,0,.6335762102854967
2418,0,-.2222984589886908,0,1.689590332515599
2418,1,1.436125901153803,0,1.689590332515599
2419,0,.8202160461438575,0,-2.774975190747764
2419,1,-1.002591685018639,0,-2.774975190747764
2420,0,-.0665751845456476,.2161944296767503,1.554316553001876
2420,1,-.0714510039599411,.2161944296767503,1.554316553001876
2421,0,-.2359531783241449,.5690905242911036,.217599587582795
2421,1,.4878489200315602,.5690905242911036,.217599587582795
2422,0,-.5501771170004264,.6197841135458809,.4745513104640793
2422,1,.2168454473794069,.6197841135458809,.4745513104640793
2423,0,1.099332195920054,0,-.7286262786592771
2423,1,.290244514450315,0,-.7286262786592771
2424,0,-.0605674603576447,0,.4030500465805296
2424,1,.1099356516196959,0,.4030500465805296
2425,0,-.9047671016251806,0,-.397624083148023
2425,1,-.1252548387815335,0,-.397624083148023
2426,0,-.223720707536759,0,-.8893349063482749
2426,1,-.9442401318629685,0,-.8893349063482749
2427,0,.1842287571299795,0,-.7034100112576801
2427,1,.1043426005264509,0,-.7034100112576801
2428,0,-.0589076806090157,.176259892342343,.1159453655058578
2428,1,-1.11417482430452,.176259892342343,.1159453655058578
2429,0,-.0992491442695101,.5493739019034817,-1.37686179027057
2429,1,-.9330639956140369,.5493739019034817,-1.37686179027057
2430,0,-.1948492555808427,.8956949070759116,.1495851220056589
2430,1,-.1923826911702806,.8956949070759116,.1495851220056589
2431,0,-.248616791680791,.5681461273898699,1.615722451775689
2431,1,.5637906080885059,.5681461273898699,1.615722451775689
2432,0,-.1750514120395086,0,.5176615582068835
2432,1,.6395827540074426,0,.5176615582068835
2433,0,1.175598356079831,.9308517110388709,.5644564633156439
2433,1,1.113815491698879,.9308517110388709,.5644564633156439
2434,0,.0884143575917578,0,.5247986735067444
2434,1,-.4021548844224084,0,.5247986735067444
2435,0,.3919518959263877,.3817607193035578,.9799291429483405
2435,1,1.401372138867936,.3817607193035578,.9799291429483405
2436,0,-.211258046145793,.5690610068314074,-.6973814638601258
2436,1,.3843063505736064,.5690610068314074,-.6973814638601258
2437,0,.3881004616251076,0,-.6807547801786316
2437,1,-.9557421087999791,0,-.6807547801786316
2438,0,-.8800070597306946,.728596458074486,.2640436131153773
2438,1,.4323595879105161,.728596458074486,.2640436131153773
2439,0,-.5836786735221264,.977647975484604,2.75728733921703
2439,1,2.353943564857259,.977647975484604,2.75728733921703
2440,0,.9047308471843659,0,-.0301693513633831
2440,1,1.114269807233185,0,-.0301693513633831
2441,0,.7573792431473153,0,.4441172252981694
2441,1,-.0135032326250175,0,.4441172252981694
2442,0,-.3503206545723209,0,-.989439189987495
2442,1,-.8337397803297659,0,-.989439189987495
2443,0,.0936478015210428,.3970970838947808,.050766713192934
2443,1,-.0966873952058339,.3970970838947808,.050766713192934
2444,0,.1372849597542292,.046732255046234,-.5748539569890463
2444,1,.5450902281343005,.046732255046234,-.5748539569890463
2445,0,-.204336512211833,.5771915754922209,-.3909238191864606
2445,1,-.2622466024302461,.5771915754922209,-.3909238191864606
2446,0,.548295258834907,0,-.3333551969698867
2446,1,.2387529477070537,0,-.3333551969698867
2447,0,-.6906228763943969,.0448107144469861,.5064186264120859
2447,1,-.5134012904401173,.0448107144469861,.5064186264120859
2448,0,-.2428788507470419,.4879048902007236,-.6348333645763394
2448,1,-.7297028696569623,.4879048902007236,-.6348333645763394
2449,0,.2447212853057654,.1352640189679563,1.268716536955166
2449,1,.8855883759447704,.1352640189679563,1.268716536955166
2450,0,.214831557570067,.3902443625071258,.1385998769007442
2450,1,.045921223991637,.3902443625071258,.1385998769007442
2451,0,.8286890675624128,0,-1.331900495213151
2451,1,-.0650139315568184,0,-1.331900495213151
2452,0,.8442650356477419,0,.2457511003565324
2452,1,.4565429906357639,0,.2457511003565324
2453,0,.7735863071745721,0,.0240131441813356
2453,1,-.0070757709004063,0,.0240131441813356
2454,0,.7248609893729075,0,.0097053216125406
2454,1,.4532659063262623,0,.0097053216125406
2455,0,-1.542949171493605,.8197961047612391,1.011236585434206
2455,1,.5191566598215436,.8197961047612391,1.011236585434206
2456,0,-.4547569096065736,0,-.4361495353807865
2456,1,-.2892134377878097,0,-.4361495353807865
2457,0,-.2359904390161717,0,-1.681860986328963
2457,1,-.7351133028390715,0,-1.681860986328963
2458,0,-1.023847574030865,0,.2971016036188008
2458,1,-.1970030740525974,0,.2971016036188008
2459,0,.9174671299442757,0,-1.198391055320413
2459,1,-.4931979821289236,0,-1.198391055320413
2460,0,-.6841779494521925,.2601612164756232,.4411960473341329
2460,1,.0582368075540485,.2601612164756232,.4411960473341329
2461,0,-.151581036102992,.7859975512545038,1.15304177021732
2461,1,1.801727261882762,.7859975512545038,1.15304177021732
2462,0,-.5529339968783795,0,.620058292666719
2462,1,1.124627737289053,0,.620058292666719
2463,0,-.2116262830742551,0,.2339459135892153
2463,1,-.3633185105649947,0,.2339459135892153
2464,0,-.1878253271358825,0,-.7722025446343906
2464,1,.5772907935020295,0,-.7722025446343906
2465,0,.4144402228830645,0,.297742140735609
2465,1,.9471579897604405,0,.297742140735609
2466,0,.8644996605393117,.2159411314203855,-1.291598741771717
2466,1,1.066490781762121,.2159411314203855,-1.291598741771717
2467,0,-.0318366273423596,.5523993656265945,.8697168788888723
2467,1,-.0811637107098611,.5523993656265945,.8697168788888723
2468,0,.4630014372792577,0,-1.650793589655358
2468,1,-.1186120501830446,0,-1.650793589655358
2469,0,.5216782660525188,.0610686196504621,.5297040050227999
2469,1,1.217137099642724,.0610686196504621,.5297040050227999
2470,0,-.5007495945177902,0,.7024194523250278
2470,1,-.3366320514684679,0,.7024194523250278
2471,0,-.5470506415770577,.9149986479729028,-.8368809355957694
2471,1,.1308858503131469,.9149986479729028,-.8368809355957694
2472,0,-.5688321743842718,0,-.1348343294010946
2472,1,-.5548458773288538,0,-.1348343294010946
2473,0,-.9114571274796079,.4627291861868651,1.244957686947478
2473,1,.3967263631285532,.4627291861868651,1.244957686947478
2474,0,.5662977753773035,0,-.6204501383236046
2474,1,-.5213595103744368,0,-.6204501383236046
2475,0,-.1172643203943463,0,-.5031005884323724
2475,1,.2434069666994654,0,-.5031005884323724
2476,0,-.4241613186040703,.0809510403640959,-.8638747573384515
2476,1,-.6056728741873028,.0809510403640959,-.8638747573384515
2477,0,.3001912579017444,.0280260330456982,.0062914625216673
2477,1,-.4269178462556502,.0280260330456982,.0062914625216673
2478,0,-.998815184609231,0,.563710862480437
2478,1,-.4866826210978528,0,.563710862480437
2479,0,-.1337237206740259,0,-1.637366230504362
2479,1,-1.181823209303938,0,-1.637366230504362
2480,0,1.057211908174276,.9416576582850945,1.383832334713538
2480,1,1.016677716071853,.9416576582850945,1.383832334713538
2481,0,.0590416405172958,0,.1739117465164884
2481,1,-.0921857633811778,0,.1739117465164884
2482,0,.1440376891799049,.5168094293278692,.2367620717611941
2482,1,.0850458516138708,.5168094293278692,.2367620717611941
2483,0,-.6019589027477843,0,-2.04021470036833
2483,1,-1.341321799583738,0,-2.04021470036833
2484,0,-.2250593522530461,.4088549504601221,.504511471700901
2484,1,.294884068043014,.4088549504601221,.504511471700901
2485,0,.364290944651993,0,-.5388091738546519
2485,1,.5520104381120687,0,-.5388091738546519
2486,0,.7815794933152194,0,-1.170328047807183
2486,1,-.6669278084042267,0,-1.170328047807183
2487,0,-.7947805105144689,0,-.9567529247098689
2487,1,-.0446595217672808,0,-.9567529247098689
2488,0,.4939023511679242,.5979347217139662,1.218122996528323
2488,1,.9615698864767021,.5979347217139662,1.218122996528323
2489,0,.6784382411253868,0,-2.059015160834917
2489,1,.9148003277553869,0,-2.059015160834917
2490,0,-.6498479586709429,.4067659339313024,.8341048868448873
2490,1,.4712020212545921,.4067659339313024,.8341048868448873
2491,0,-.8351695133951644,.4960601472280669,-.2374765543089512
2491,1,-.722733564621703,.4960601472280669,-.2374765543089512
2492,0,-.1425058361993707,0,-.0486895931995004
2492,1,-.0717424130208042,0,-.0486895931995004
2493,0,.2906164249304585,.8953261761620886,-1.481929970228504
2493,1,.7111934293077151,.8953261761620886,-1.481929970228504
2494,0,.3905189677581964,.4339531651334464,-.6469360451538679
2494,1,-.1743533498093783,.4339531651334464,-.6469360451538679
2495,0,-.4556562878579377,0,.1412455627980322
2495,1,.6267961744815882,0,.1412455627980322
2496,0,.3020438513456157,0,-.1784167639142261
2496,1,-.3697198347412737,0,-.1784167639142261
2497,0,-.2919553734557376,0,.659328182319292
2497,1,.3908621349176989,0,.659328182319292
2498,0,-.2022760107250189,.2056762685596466,-.5940858296173372
2498,1,-.1319412075623344,.2056762685596466,-.5940858296173372
2499,0,-.9992313893003129,0,-.8894506142784125
2499,1,-1.160708137976042,0,-.8894506142784125
2500,0,.3430298407299673,.9703999960650763,.241881496151478
2500,1,1.036401016355396,.9703999960650763,.241881496151478
2501,0,-.5226595643113074,0,-.4037315723555284
2501,1,-.19643601655789,0,-.4037315723555284
2502,0,.831696611955173,.7288469062004815,1.385542486755445
2502,1,1.563376917944644,.7288469062004815,1.385542486755445
2503,0,.0453462756818702,0,.0071557997354058
2503,1,-.1866922359738306,0,.0071557997354058
2504,0,-.2968127279356534,0,-.9136873507995322
2504,1,-.1808261077828702,0,-.9136873507995322
2505,0,-.3220254892198566,0,.0647085284000018
2505,1,-.2911473808776746,0,.0647085284000018
2506,0,.2032249901492097,.2961671945885455,1.152880206712192
2506,1,.9504433216945014,.2961671945885455,1.152880206712192
2507,0,-.6094451375531977,.0071080953280834,.969272628879992
2507,1,.2584939707570996,.0071080953280834,.969272628879992
2508,0,.1300985191279697,0,-1.676568207089083
2508,1,-.201650643690066,0,-1.676568207089083
2509,0,1.020686703707489,.2399192230732011,.9412686545798462
2509,1,1.619008245345718,.2399192230732011,.9412686545798462
2510,0,.0995435927740584,0,-1.075734397058094
2510,1,-2.13036782105957,0,-1.075734397058094
2511,0,.1445859590317103,0,1.061550908530071
2511,1,-.0287391638647247,0,1.061550908530071
2512,0,.1722367824892984,.3625075225493836,.7908450568680047
2512,1,1.794239408407866,.3625075225493836,.7908450568680047
2513,0,1.27094771960069,.6136617587451382,.11507678809133
2513,1,.4054227861568994,.6136617587451382,.11507678809133
2514,0,.0754388195567253,.8145918538909568,.5274867798656503
2514,1,.919971533028107,.8145918538909568,.5274867798656503
2515,0,.6632037205763541,0,-.286832983192687
2515,1,-.1538972903085652,0,-.286832983192687
2516,0,-.6635191880822735,.495100752915819,-.0914660279218351
2516,1,-.0718389610066393,.495100752915819,-.0914660279218351
2517,0,.2030044231583675,.5892617116530158,-.806627116946496
2517,1,-1.011125254244148,.5892617116530158,-.806627116946496
2518,0,-.2752146210208586,0,.1301783739980499
2518,1,.2748473859573948,0,.1301783739980499
2519,0,.4057480634480585,.5380641953849689,1.064992873357478
2519,1,1.758033795761973,.5380641953849689,1.064992873357478
2520,0,.0724760417624876,.8126381703544315,2.157577671485868
2520,1,2.305714307657133,.8126381703544315,2.157577671485868
2521,0,.2741086445114126,.9643003001134934,.4678968191731497
2521,1,1.182752925091808,.9643003001134934,.4678968191731497
2522,0,-.3521230066573218,0,-.7706684143957564
2522,1,-1.153099787066217,0,-.7706684143957564
2523,0,.3179862060566072,0,.0126852172818431
2523,1,-.4333889608130531,0,.0126852172818431
2524,0,-.4541373808798663,0,-1.083836876033252
2524,1,-1.592320927744818,0,-1.083836876033252
2525,0,-.2992265973126438,0,-1.054460113466034
2525,1,-.0847299626744765,0,-1.054460113466034
2526,0,1.01007825154202,0,-1.627033372008081
2526,1,-.995338972767178,0,-1.627033372008081
2527,0,.6822529752107618,0,.8127210253896651
2527,1,-.0111551268773684,0,.8127210253896651
2528,0,.2593487695331932,0,.3146711045665088
2528,1,.4363498381946564,0,.3146711045665088
2529,0,.4141546265250118,0,-1.301399154077691
2529,1,-.0551181975433996,0,-1.301399154077691
2530,0,.3726689761177502,.4058572662502155,-.0651643859584218
2530,1,.1803394851426834,.4058572662502155,-.0651643859584218
2531,0,.1408718897103822,0,-1.450314783988321
2531,1,.4484253834498993,0,-1.450314783988321
2532,0,.2274123617298643,.5387655134946548,1.255972825563658
2532,1,.5447605092108594,.5387655134946548,1.255972825563658
2533,0,-.0455688308416875,0,-.7572683100998182
2533,1,-.5683283396100959,0,-.7572683100998182
2534,0,.0281044822007766,0,.4153182535100011
2534,1,-.5375591069435376,0,.4153182535100011
2535,0,.0243919877492917,0,.0187263234066581
2535,1,-.3323351464822502,0,.0187263234066581
2536,0,-.6757988367788016,.1154807765137743,-.3565122612793306
2536,1,-.1501314839096248,.1154807765137743,-.3565122612793306
2537,0,-.1966178005537652,.5611245962985872,.779721221909912
2537,1,.8237375693518043,.5611245962985872,.779721221909912
2538,0,-.0660593444188861,0,-.6047254626878074
2538,1,-.0378368926606865,0,-.6047254626878074
2539,0,-.0204375857436318,.1426743793919286,-.4668206546798653
2539,1,.6743437385054012,.1426743793919286,-.4668206546798653
2540,0,.0009492213785143,.6222990042666793,2.161722178387304
2540,1,1.037117667274339,.6222990042666793,2.161722178387304
2541,0,-.0641718835382585,0,.3623136254694277
2541,1,.1296147579739536,0,.3623136254694277
2542,0,.1947674829256305,.7098630255378914,.2968454517912069
2542,1,.4873477613057122,.7098630255378914,.2968454517912069
2543,0,.3244098060952443,.0400471481755019,1.239669621634002
2543,1,1.249095037895671,.0400471481755019,1.239669621634002
2544,0,.0486615575912412,.2756485918808119,.4967145652735876
2544,1,.1343711947489851,.2756485918808119,.4967145652735876
2545,0,-.2306125939586381,0,-1.233617621963866
2545,1,-.4438286375482234,0,-1.233617621963866
2546,0,.199709028009049,0,-.3152256280127813
2546,1,.7946701698219144,0,-.3152256280127813
2547,0,.5475158940313133,.4394336249302547,.3979775235975613
2547,1,.9164891142891958,.4394336249302547,.3979775235975613
2548,0,.643110917772891,.2243573050218347,1.583695197099993
2548,1,1.023239224643575,.2243573050218347,1.583695197099993
2549,0,1.048615363507165,.2777260388133748,.0451352071869838
2549,1,.7776588134748965,.2777260388133748,.0451352071869838
2550,0,-.0669796323673936,.3720442815769852,-.6972344361717191
2550,1,.3330764226150374,.3720442815769852,-.6972344361717191
2551,0,-.5348907455954288,.8282453309340064,-.3827545460194049
2551,1,1.319232948150165,.8282453309340064,-.3827545460194049
2552,0,-.5552134190153406,.0796868943771024,-.2218196252538385
2552,1,.4437104273281902,.0796868943771024,-.2218196252538385
2553,0,-.0457531083026462,.074918966183055,-.0142581506206071
2553,1,.3049589838681225,.074918966183055,-.0142581506206071
2554,0,.4835601559495106,0,-1.45627122361741
2554,1,-.4984485237287735,0,-1.45627122361741
2555,0,1.72630501328857,0,-.1750787213952704
2555,1,1.773909577396867,0,-.1750787213952704
2556,0,-.3349965731562696,.3116808132712737,-.724541833672662
2556,1,-.8168861362328872,.3116808132712737,-.724541833672662
2557,0,-.2231822770769532,.2714505145284739,1.397739109673584
2557,1,.7496969089898498,.2714505145284739,1.397739109673584
2558,0,.1803118794264195,0,-.5297233628318144
2558,1,.5125968988518766,0,-.5297233628318144
2559,0,-1.309310605185379,0,-1.704867595573323
2559,1,-2.099236369394043,0,-1.704867595573323
2560,0,-.0581030456307516,.9148652026188066,.4341870556686866
2560,1,.3978760785822096,.9148652026188066,.4341870556686866
2561,0,-.8092773055049756,.0729986532011609,.6584783090309354
2561,1,-.2091266255298638,.0729986532011609,.6584783090309354
2562,0,.6703033438559132,0,.9019562953308526
2562,1,-.2760653674962286,0,.9019562953308526
2563,0,-.3988734513100159,0,-.361351301739937
2563,1,.0393738711960263,0,-.361351301739937
2564,0,-1.132828315740958,0,-.6211556507329624
2564,1,-.830886692233425,0,-.6211556507329624
2565,0,.2932958243564487,.727621668881466,.2993216177817721
2565,1,1.054663284229944,.727621668881466,.2993216177817721
2566,0,-1.008812395928444,0,-2.22672334729737
2566,1,-.6406117578237844,0,-2.22672334729737
2567,0,-.5246015417232717,0,-.3778576717963186
2567,1,-.8222664270690845,0,-.3778576717963186
2568,0,-1.465875168493225,.3547892943742205,.5642091453893427
2568,1,-.3673969022288182,.3547892943742205,.5642091453893427
2569,0,.1680450352831351,0,-.1968914168150913
2569,1,1.450806487318936,0,-.1968914168150913
2570,0,-.5660257269022668,.6783145393803457,.5757006497199928
2570,1,.3224013301843203,.6783145393803457,.5757006497199928
2571,0,-.1720767143857896,.5360205137772457,-.6537062478074942
2571,1,.3503626656172005,.5360205137772457,-.6537062478074942
2572,0,.7743819168968841,0,-.0103651388653071
2572,1,.3383198099595315,0,-.0103651388653071
2573,0,.2266196059444099,0,-.5637096472692598
2573,1,.1404368953918939,0,-.5637096472692598
2574,0,.9971068514520489,0,-.3090873903003608
2574,1,1.110119926180617,0,-.3090873903003608
2575,0,.858910867802553,0,-.1681879859747804
2575,1,1.551612641751713,0,-.1681879859747804
2576,0,.9132997865365138,.431854972986958,-.8754069430248909
2576,1,.135816137570046,.431854972986958,-.8754069430248909
2577,0,.2609315284332402,.6000705027152274,.4388993966979896
2577,1,1.692905185525524,.6000705027152274,.4388993966979896
2578,0,-.3701581922177304,0,-.3299856805009863
2578,1,-.7537097761643916,0,-.3299856805009863
2579,0,.4048472286860146,0,.6250173228694679
2579,1,-.89635653460231,0,.6250173228694679
2580,0,-.6718981439662287,.2760031956681251,.2935914305542168
2580,1,-.3813941992711767,.2760031956681251,.2935914305542168
2581,0,.0561818962276577,0,-.2535886118433448
2581,1,.36366118840531,0,-.2535886118433448
2582,0,.2703964182544937,0,.805961372574113
2582,1,-.5410984156649707,0,.805961372574113
2583,0,-.7128073619555233,.1312877136765064,.1081430166868215
2583,1,1.216008757012991,.1312877136765064,.1081430166868215
2584,0,.0682511247080588,0,-1.31301873096819
2584,1,-.0722153075699617,0,-1.31301873096819
2585,0,-.7094739063648392,0,-1.532299667195219
2585,1,.2804066940881073,0,-1.532299667195219
2586,0,-.0017192794150819,0,-.9342664798060774
2586,1,-.6472610322126209,0,-.9342664798060774
2587,0,.6727341469687886,0,-1.073810939647687
2587,1,-.5757548394892089,0,-1.073810939647687
2588,0,-.4045033225491653,.3129720708935358,1.376079282754987
2588,1,.0814850896608541,.3129720708935358,1.376079282754987
2589,0,-.0096026665551691,0,-1.173511144360542
2589,1,-.175264962743997,0,-1.173511144360542
2590,0,-.3495837093141769,0,.1013818665845763
2590,1,1.144966760870336,0,.1013818665845763
2591,0,.3957968416435814,0,-.348717741049374
2591,1,.1498888149252013,0,-.348717741049374
2592,0,-.1795843432660867,.3669651534637229,.5911491140787889
2592,1,.8971251081146042,.3669651534637229,.5911491140787889
2593,0,-.0296389592500065,0,.439688785897225
2593,1,.325573888457118,0,.439688785897225
2594,0,.9905230001203793,.7887850322303444,1.098139285163934
2594,1,1.973155170111657,.7887850322303444,1.098139285163934
2595,0,-.2794556873084416,.6021537687836133,.3238623376713053
2595,1,.0697415862865585,.6021537687836133,.3238623376713053
2596,0,.1272159850311348,0,-.8039722356774375
2596,1,.3124616459813061,0,-.8039722356774375
2597,0,.5506821263589718,.2871991289583579,-.8255080352201178
2597,1,.7155155646200122,.2871991289583579,-.8255080352201178
2598,0,-.7260895832568631,.1845969390015126,1.950464812478923
2598,1,.5432385273741843,.1845969390015126,1.950464812478923
2599,0,.0938863255066785,.169290080179285,-.0714310310011141
2599,1,-.0219864817076248,.169290080179285,-.0714310310011141
2600,0,.2480203967650354,.9232808496548802,-1.028865393053203
2600,1,-.4341063101266358,.9232808496548802,-1.028865393053203
2601,0,.2030968904909906,0,2.447135588701676
2601,1,.325424596950577,0,2.447135588701676
2602,0,.0390397302272392,0,-1.208764555756098
2602,1,-.1972453060060508,0,-1.208764555756098
2603,0,.3965671970282421,0,1.433579233307874
2603,1,.9203792210710126,0,1.433579233307874
2604,0,-.1854017980491437,.4784763660755048,.6866192259564201
2604,1,-.1987254158208127,.4784763660755048,.6866192259564201
2605,0,.4269220774360195,0,.0096922625587931
2605,1,-.7496237731527173,0,.0096922625587931
2606,0,-.6249153011169584,.7693325155629426,-.6846949160346392
2606,1,-.4861434938874573,.7693325155629426,-.6846949160346392
2607,0,-.2431422474402536,0,-1.997588777658563
2607,1,-.8611525179718706,0,-1.997588777658563
2608,0,-.2813718600118471,0,1.30836243096088
2608,1,-1.021592278712829,0,1.30836243096088
2609,0,.0209573487687586,.4249033044455542,.2357568437003843
2609,1,1.128643200541589,.4249033044455542,.2357568437003843
2610,0,.8318732682205157,0,-1.565829544025158
2610,1,.1178323214346313,0,-1.565829544025158
2611,0,-.1094748730946269,.7109052408822564,.2938096129841377
2611,1,.4805857942216742,.7109052408822564,.2938096129841377
2612,0,-.1918961626069756,.4426887381999812,1.299585479240968
2612,1,.193843898273495,.4426887381999812,1.299585479240968
2613,0,.2982248832741788,0,-.3006950537573028
2613,1,-.4250016704018532,0,-.3006950537573028
2614,0,.1338566083704716,.448501785056303,.9291216311295567
2614,1,1.24202000475506,.448501785056303,.9291216311295567
2615,0,.14834768238092,0,-.5814971050239304
2615,1,.1671950704675645,0,-.5814971050239304
2616,0,.2276963720596306,.0321137249248952,.3189542410861452
2616,1,.5514666612902589,.0321137249248952,.3189542410861452
2617,0,.2773619356073399,.7087967673518841,.6567418222480578
2617,1,.6329315139664404,.7087967673518841,.6567418222480578
2618,0,-.621953646458564,.7347400034510531,-.0223985908964849
2618,1,-.6709462058697171,.7347400034510531,-.0223985908964849
2619,0,-.3231676172921248,.6961441076998104,.8244291751758158
2619,1,.8521065138642502,.6961441076998104,.8244291751758158
2620,0,.4107077562049147,0,1.093945278448685
2620,1,-.0876997457895529,0,1.093945278448685
2621,0,.6434519133774759,0,-1.079569597613766
2621,1,.4772928012679533,0,-1.079569597613766
2622,0,.344670132319743,0,-.2464088836672405
2622,1,1.25550344677584,0,-.2464088836672405
2623,0,-.5816537105469889,0,-.8893071554240195
2623,1,.5707721545363191,0,-.8893071554240195
2624,0,.4228765724048694,.8908375686950741,-.1462704327147482
2624,1,.7398582011462516,.8908375686950741,-.1462704327147482
2625,0,.0205052499786227,0,-.2118431517087294
2625,1,-.0684066931216505,0,-.2118431517087294
2626,0,.2539792000175088,.7010250433190391,-.8977327681526402
2626,1,-1.017705000992338,.7010250433190391,-.8977327681526402
2627,0,-.7634831348192026,.7977023505833657,1.192346713441121
2627,1,.2344748504979693,.7977023505833657,1.192346713441121
2628,0,-.2037442069292944,0,-.4015602468377796
2628,1,-.2836440076704785,0,-.4015602468377796
2629,0,-.0183987655449068,0,-.6404304435333167
2629,1,-.8908446143477478,0,-.6404304435333167
2630,0,-.3592929222363836,.5425874049106209,.3370902138624014
2630,1,.182898923919837,.5425874049106209,.3370902138624014
2631,0,-.3330160558447707,0,-.2817695975134857
2631,1,-.7197330968886103,0,-.2817695975134857
2632,0,.1705971815771135,.3936170546097596,1.024527412151389
2632,1,.8655974791255989,.3936170546097596,1.024527412151389
2633,0,-.1745336623578191,.619379108405642,.5527164753769552
2633,1,-.1126154321754224,.619379108405642,.5527164753769552
2634,0,-1.021485745657735,0,-.6756434163753079
2634,1,.7002150854889029,0,-.6756434163753079
2635,0,-.0976890077666791,0,-.3586293871608118
2635,1,-.38565621624309,0,-.3586293871608118
2636,0,-.2237025242370875,.3059930538918317,.3050966972223674
2636,1,-.3986213151190783,.3059930538918317,.3050966972223674
2637,0,.8464205291090321,.9200941487862438,.0448415254749596
2637,1,.5431293101571051,.9200941487862438,.0448415254749596
2638,0,-.2877975935774516,0,-.9838165094447795
2638,1,-.524192386095945,0,-.9838165094447795
2639,0,.6477733737175989,.5741976195965633,.6128291157089688
2639,1,1.022969372331567,.5741976195965633,.6128291157089688
2640,0,-.0917251264904012,0,-.0499092896413043
2640,1,.4606623757204588,0,-.0499092896413043
2641,0,.6958438048747037,0,.456787929522734
2641,1,.6009665589768138,0,.456787929522734
2642,0,.1593750757122904,.6551978696372499,-1.623239067222475
2642,1,-.3776353304597264,.6551978696372499,-1.623239067222475
2643,0,.0214717170634184,0,.2591590402130124
2643,1,.0973978435218943,0,.2591590402130124
2644,0,-.1098901617933557,.0189076272749248,1.381865321235807
2644,1,1.093127834750519,.0189076272749248,1.381865321235807
2645,0,.9102349358344426,.9056757741769353,-.2031963960821638
2645,1,1.083394965137682,.9056757741769353,-.2031963960821638
2646,0,-.844452980686909,0,-2.241938146150325
2646,1,-1.20953060831843,0,-2.241938146150325
2647,0,.8138755195983272,.8567418414965023,1.136305400013386
2647,1,.5231844301435191,.8567418414965023,1.136305400013386
2648,0,.0833242725463131,.6644666058037328,.442086081358929
2648,1,1.21798074735732,.6644666058037328,.442086081358929
2649,0,.3218455371211263,0,.184767441199751
2649,1,.1667053329397628,0,.184767441199751
2650,0,.1135386117936657,.3468255422679544,1.422825243821013
2650,1,.6678293055887109,.3468255422679544,1.422825243821013
2651,0,.2891467524045392,0,.1646435349524999
2651,1,1.418688181909808,0,.1646435349524999
2652,0,-.1784828444296321,.7339399890576329,2.301144082684575
2652,1,.4524796537622185,.7339399890576329,2.301144082684575
2653,0,-.792145247919494,0,.1051366476739234
2653,1,-.4413687787799159,0,.1051366476739234
2654,0,.2893272136068316,.3851412207685839,.3559941313088762
2654,1,.4325882068569965,.3851412207685839,.3559941313088762
2655,0,-.6549794855056715,0,.6934758023207617
2655,1,-.3778030957635396,0,.6934758023207617
2656,0,.7065456401107927,.6744885273229569,.1046813987832822
2656,1,1.326427525203352,.6744885273229569,.1046813987832822
2657,0,-1.174877836671772,0,.019930175311888
2657,1,-.0441920614396234,0,.019930175311888
2658,0,-.6562225753712259,0,-1.940011408564224
2658,1,-1.15991686926449,0,-1.940011408564224
2659,0,.8646263637576592,0,.4995762605521332
2659,1,.8838970193151046,0,.4995762605521332
2660,0,-.137532694345792,0,1.751508494047238
2660,1,.383527913882918,0,1.751508494047238
2661,0,-.5407127496304935,.7373150303221193,-.8238907233351497
2661,1,-.9884058072666926,.7373150303221193,-.8238907233351497
2662,0,-.0295501504385695,.6833526356638598,.0757000787636823
2662,1,.6274015992841547,.6833526356638598,.0757000787636823
2663,0,.0137151996383129,0,-.5581134644879006
2663,1,-1.149048351645926,0,-.5581134644879006
2664,0,-.0104870800757391,0,-.8907350592940854
2664,1,-.8549514517281123,0,-.8907350592940854
2665,0,-.0089137990559192,.0474774082950858,.0300567060256154
2665,1,-.5563315044348236,.0474774082950858,.0300567060256154
2666,0,-.5762883862641067,.1488722376601982,.7951136723613064
2666,1,-.06464117438103,.1488722376601982,.7951136723613064
2667,0,-1.009298265656998,0,-.8024168767325929
2667,1,-.8394795890045454,0,-.8024168767325929
2668,0,.2627777518122553,0,-1.491102697530682
2668,1,-.3611118244329828,0,-1.491102697530682
2669,0,.3410046378192672,.1302886863924099,.4859064384516582
2669,1,1.239993066843398,.1302886863924099,.4859064384516582
2670,0,-.227624295398512,.7167701805773007,.4597509809427299
2670,1,.8834854184812779,.7167701805773007,.4597509809427299
2671,0,-.0454742895521963,0,-2.928517006201047
2671,1,-1.483167453795077,0,-2.928517006201047
2672,0,-.2576395080688457,0,.3231029783856079
2672,1,.4172371894293621,0,.3231029783856079
2673,0,.4781499550760342,.0872763492880552,-.0683511934588068
2673,1,.4994687966783327,.0872763492880552,-.0683511934588068
2674,0,-.7159066729886449,.7273130688685455,1.20955963776533
2674,1,.0506674981263683,.7273130688685455,1.20955963776533
2675,0,-.2785159276005895,0,.5132705760087998
2675,1,.9654392395776404,0,.5132705760087998
2676,0,-.7798502407245906,.6912500722428548,-1.07578554930738
2676,1,-.0273528432587352,.6912500722428548,-1.07578554930738
2677,0,.010918814366479,.8855560109723185,.9241891220389737
2677,1,.2706597414520888,.8855560109723185,.9241891220389737
2678,0,-.0743393269121749,0,-.4914937257505794
2678,1,.5055059176186107,0,-.4914937257505794
2679,0,.1143248153503268,.0454640442211675,.1716188250554285
2679,1,.3391947688096565,.0454640442211675,.1716188250554285
2680,0,-.226376012439939,0,2.157534380697848
2680,1,.8335584176647991,0,2.157534380697848
2681,0,-.1075677101475796,0,-1.108619267010476
2681,1,-1.028868141576126,0,-1.108619267010476
2682,0,.118337454823903,.8413840882801343,-.0655876171333026
2682,1,-1.092558998400483,.8413840882801343,-.0655876171333026
2683,0,.2481456106571017,.5927790510361358,.0327298667309329
2683,1,.3631856873967036,.5927790510361358,.0327298667309329
2684,0,-.0264867857193739,.4346635775881827,.1994867691583296
2684,1,-.169129813350685,.4346635775881827,.1994867691583296
2685,0,-.9593079613543636,.7084212255952663,1.34909330704179
2685,1,.8885845932424223,.7084212255952663,1.34909330704179
2686,0,-1.371050670329103,0,.0332255748132096
2686,1,-.9093218708391785,0,.0332255748132096
2687,0,-.0278632767741444,.2344876198744715,1.811819071338426
2687,1,.6838155843048699,.2344876198744715,1.811819071338426
2688,0,-1.262972348047131,.2270023594829581,2.62012133651893
2688,1,-.0399027477757563,.2270023594829581,2.62012133651893
2689,0,.3594818549230429,0,-1.106103146574521
2689,1,.5436095209793368,0,-1.106103146574521
2690,0,-.5102750853655549,0,.5437422666144687
2690,1,-.4324744646001177,0,.5437422666144687
2691,0,-.0468230639742248,0,.2555402531767089
2691,1,.1925779946153856,0,.2555402531767089
2692,0,-.440176419575655,0,-1.866618907975155
2692,1,-1.679642798018928,0,-1.866618907975155
2693,0,.2902812564479079,.0077526132240436,1.250292547580771
2693,1,.2452797151800218,.0077526132240436,1.250292547580771
2694,0,.4306538128194759,0,-.6099419611279918
2694,1,-.8339565066583968,0,-.6099419611279918
2695,0,-.8404443711257712,0,-.2057784470465397
2695,1,.3895945698756695,0,-.2057784470465397
2696,0,.0536189101548148,.0456090816220861,-.1510406089724264
2696,1,.0190867076130231,.0456090816220861,-.1510406089724264
2697,0,.5951573844966348,0,.5990418546706783
2697,1,1.041735753166953,0,.5990418546706783
2698,0,.2709655847647809,.271131035962949,1.599224661036531
2698,1,1.009314339711502,.271131035962949,1.599224661036531
2699,0,-.2542406416223658,.7858027328187368,-.6255885883564889
2699,1,-.324161552293883,.7858027328187368,-.6255885883564889
2700,0,-.849370991830122,.4255529665309831,-1.369895458611427
2700,1,-.5457155701830484,.4255529665309831,-1.369895458611427
2701,0,-.0621137313114459,.5763921177535526,-.6702298060189823
2701,1,-.7644826713771825,.5763921177535526,-.6702298060189823
2702,0,.2172357776914466,0,-1.484624177561271
2702,1,.6701392130271073,0,-1.484624177561271
2703,0,-.4341207538640587,.4903132506383719,-1.326670869844293
2703,1,.1176155760280544,.4903132506383719,-1.326670869844293
2704,0,-1.151029814094543,.1911615850784963,.7689492288302827
2704,1,-1.099180254339117,.1911615850784963,.7689492288302827
2705,0,-.3980362230754722,0,-.3822294841369554
2705,1,-.1070205574065982,0,-.3822294841369554
2706,0,.2391263281819918,0,-1.485806257191623
2706,1,.1302952452224798,0,-1.485806257191623
2707,0,.2099987443406793,0,.3851776674942637
2707,1,.3124744221606146,0,.3851776674942637
2708,0,.0241129594419522,0,-.968994339659574
2708,1,-1.522671289668538,0,-.968994339659574
2709,0,1.068389939525201,.4671180029381351,.5696122817331621
2709,1,.5857166121722237,.4671180029381351,.5696122817331621
2710,0,.3474026917554742,.9675393004563594,-.2387430557757373
2710,1,.5903396670178025,.9675393004563594,-.2387430557757373
2711,0,.3007696120401665,.2166051133619978,-.3579940007476636
2711,1,-.3798217307561466,.2166051133619978,-.3579940007476636
2712,0,-.3271822855755125,.8943636813270232,.2503991388560193
2712,1,-.3707916880673404,.8943636813270232,.2503991388560193
2713,0,-.3458969234568486,.2549579165683299,-.4476053383372003
2713,1,-.3912982138945961,.2549579165683299,-.4476053383372003
2714,0,.4263502072722917,.9956953786838035,1.796540475607836
2714,1,1.924499859308983,.9956953786838035,1.796540475607836
2715,0,-.7513797407234949,0,.264116296824186
2715,1,-.3822010700238305,0,.264116296824186
2716,0,.6136152799669782,0,-1.590570236817745
2716,1,-1.337409631986338,0,-1.590570236817745
2717,0,.5660236952717418,.1227727793474015,.1489428466198113
2717,1,-.61983803598361,.1227727793474015,.1489428466198113
2718,0,-.4037868302079651,.7293872805828906,.6560099282841396
2718,1,.9342326333653586,.7293872805828906,.6560099282841396
2719,0,-.0004115855076207,.1642080112001786,-.0032267173490282
2719,1,-.4109484294850254,.1642080112001786,-.0032267173490282
2720,0,-.1040672114160736,.8051601200946449,1.496695724710668
2720,1,2.049499854325077,.8051601200946449,1.496695724710668
2721,0,-.2059613951915163,0,-.4670875900815232
2721,1,-.8236569530632633,0,-.4670875900815232
2722,0,-.4087727542001697,.991088289854774,.4902679356618098
2722,1,1.171286403939324,.991088289854774,.4902679356618098
2723,0,-.3019956735904751,.2516477892646544,.3424211857624008
2723,1,.7237278264662435,.2516477892646544,.3424211857624008
2724,0,.1113496815199859,.9634850388810158,-1.568712518106742
2724,1,-.6901560273148123,.9634850388810158,-1.568712518106742
2725,0,-.0171406331703346,.1849826857102969,-.6997518981012132
2725,1,.2865499060562943,.1849826857102969,-.6997518981012132
2726,0,-.8406742632195146,.5983044036095767,.04270282550515
2726,1,-.2339413913056707,.5983044036095767,.04270282550515
2727,0,-.190793617270385,.9639075978276869,.8806471746687068
2727,1,.2117142209265391,.9639075978276869,.8806471746687068
2728,0,-.0064994306408471,.5599928956019752,.1952171003523737
2728,1,.4294774097825386,.5599928956019752,.1952171003523737
2729,0,-.1134136886624428,0,.4398855666681274
2729,1,-.1390481546747523,0,.4398855666681274
2730,0,-.9464692554152675,0,1.385982658916968
2730,1,.0177750541133692,0,1.385982658916968
2731,0,.5579109620604618,0,-.4879052340952456
2731,1,.0015939689184999,0,-.4879052340952456
2732,0,.5998736200003872,0,-1.027979927156586
2732,1,.0151796106398385,0,-1.027979927156586
2733,0,-.4138176029408189,.3934804152219705,.6127482993995014
2733,1,1.585639380180598,.3934804152219705,.6127482993995014
2734,0,.6024500526021878,0,-1.466167901051055
2734,1,-.0082114605319866,0,-1.466167901051055
2735,0,-.4719491369600261,0,1.192730222969441
2735,1,-.8860928253156137,0,1.192730222969441
2736,0,-.4083242685104572,.6415244718443852,-.9149499100265014
2736,1,.01737755609457,.6415244718443852,-.9149499100265014
2737,0,-.5600439990410555,0,-2.634289798521785
2737,1,-1.58078608552531,0,-2.634289798521785
2738,0,-.9883122553791668,0,-1.389115721043214
2738,1,-1.232075725915575,0,-1.389115721043214
2739,0,-.4648867724380553,.9644661854031861,.2322125294012329
2739,1,1.018071393814421,.9644661854031861,.2322125294012329
2740,0,-.8497905051460887,0,1.176396746487113
2740,1,.6028225159401814,0,1.176396746487113
2741,0,.3631551533565853,.63284320885483,.4010286904873015
2741,1,-.3480307786847928,.63284320885483,.4010286904873015
2742,0,.8968146332626392,0,1.212855952360381
2742,1,.0307996479697306,0,1.212855952360381
2743,0,-1.563513524431766,.141135772528027,.4388705342935024
2743,1,-.8776554668782275,.141135772528027,.4388705342935024
2744,0,.2441700702226104,0,-.3428035693533334
2744,1,-1.068768630446265,0,-.3428035693533334
2745,0,.0455361817357597,.3195005116009594,.6096825950081741
2745,1,.7976198947706029,.3195005116009594,.6096825950081741
2746,0,.1049125425829839,0,-1.579895133947761
2746,1,-1.456520410775863,0,-1.579895133947761
2747,0,.5075301253177749,0,-1.740161371870689
2747,1,-.9741188000681519,0,-1.740161371870689
2748,0,.3947672786436804,.1109452734710653,-1.216984082150999
2748,1,-.3918939411742757,.1109452734710653,-1.216984082150999
2749,0,1.340331795934169,.6675476906751258,.9441901286353315
2749,1,1.009528856612459,.6675476906751258,.9441901286353315
2750,0,-.4193127578968616,0,.6589950601483959
2750,1,-.7475914292181839,0,.6589950601483959
2751,0,.3481866935067848,0,-.4301069832404604
2751,1,.7644428386977927,0,-.4301069832404604
2752,0,.9467538585966344,0,.2215329206368502
2752,1,.3426645457828869,0,.2215329206368502
2753,0,-1.382818625167713,.6023345638212444,2.19525391338802
2753,1,-.3877898484826676,.6023345638212444,2.19525391338802
2754,0,.0997801939958268,.6577303882212334,-.2850846902035807
2754,1,.1069110139859203,.6577303882212334,-.2850846902035807
2755,0,.0051315968105363,0,.8611461019941949
2755,1,-.0999626304525284,0,.8611461019941949
2756,0,.5593300434639558,0,1.309026143543717
2756,1,1.817417408192166,0,1.309026143543717
2757,0,-.2849670261963415,.4612315469456029,1.372598148325654
2757,1,1.739666664843465,.4612315469456029,1.372598148325654
2758,0,1.029670752169757,.5650467420700537,.8651529572199802
2758,1,1.573630330098713,.5650467420700537,.8651529572199802
2759,0,-.5860350248447324,.4130479203467495,.6535148128670977
2759,1,.8651969936894278,.4130479203467495,.6535148128670977
2760,0,.8899205971457148,0,-.2154361606472086
2760,1,.7998853020820548,0,-.2154361606472086
2761,0,-.0064265471254279,0,-.6469036994361005
2761,1,.2952754536715346,0,-.6469036994361005
2762,0,.5438302191733495,.1717559781463803,-.8366911170048176
2762,1,.3662379483260393,.1717559781463803,-.8366911170048176
2763,0,.2384038764732863,0,2.72456296077713
2763,1,.134704105336196,0,2.72456296077713
2764,0,-.1374983587091487,0,-2.126182762270044
2764,1,.0077925591164344,0,-2.126182762270044
2765,0,-.0174347156752692,.6193217435002937,-.4543478907750258
2765,1,-.4282195883461015,.6193217435002937,-.4543478907750258
2766,0,.1045039959361734,.800793452099568,.3056668916136803
2766,1,.1209068377865354,.800793452099568,.3056668916136803
2767,0,.6720242062300668,0,.7495518007540929
2767,1,.2390735552101183,0,.7495518007540929
2768,0,-.7631340670696026,0,-.9409456912647727
2768,1,.2366425651802272,0,-.9409456912647727
2769,0,-.4009321449197655,0,.2413835447818422
2769,1,-.0269356018861778,0,.2413835447818422
2770,0,-.3914042930631572,0,-.6564736321561755
2770,1,.6180727760007264,0,-.6564736321561755
2771,0,.9342681248947985,0,-2.211039301338776
2771,1,-.9387822501056446,0,-2.211039301338776
2772,0,.4624713959531996,0,.1309943164189632
2772,1,.5281060358028515,0,.1309943164189632
2773,0,-.6636391651566982,0,-.8785516129898808
2773,1,.2543635631713707,0,-.8785516129898808
2774,0,-.2839813132428041,0,2.173686679704324
2774,1,.3970743890658374,0,2.173686679704324
2775,0,.6380525739183853,0,-.3688864203631585
2775,1,1.298042600268511,0,-.3688864203631585
2776,0,-.88370255455439,.5182898878701162,.1289934186101249
2776,1,-1.168839943786767,.5182898878701162,.1289934186101249
2777,0,-.4139075513385752,0,-.4422525569819549
2777,1,-1.140399013424505,0,-.4422525569819549
2778,0,.2726848255706467,.7716353873620131,.2650550261625224
2778,1,.149033755112155,.7716353873620131,.2650550261625224
2779,0,-.9183255243097932,.5012136993989632,-.8125833296991889
2779,1,-.417102026148353,.5012136993989632,-.8125833296991889
2780,0,.4123047271451138,.6477781029661621,1.45908129658854
2780,1,1.220730686496466,.6477781029661621,1.45908129658854
2781,0,.3415776719207569,0,.592219197721273
2781,1,-.3104853893474178,0,.592219197721273
2782,0,.8047630226408695,0,-1.483122750352102
2782,1,-.3389475639629215,0,-1.483122750352102
2783,0,-.4441238489130084,0,-.7150972042944974
2783,1,.448730612291796,0,-.7150972042944974
2784,0,-.208854093145774,.0745347458836688,.4980438791691347
2784,1,.5146362821099864,.0745347458836688,.4980438791691347
2785,0,.0524626401012011,.9018561423594688,-.7481471238472888
2785,1,.5298565811954812,.9018561423594688,-.7481471238472888
2786,0,-.5937065088279351,0,-1.086152928597163
2786,1,-.2594217255710817,0,-1.086152928597163
2787,0,.8738738311775168,0,.0893751632003034
2787,1,-.2119291433212194,0,.0893751632003034
2788,0,.4223484256959036,0,-.2291304531541571
2788,1,.2305697245586331,0,-.2291304531541571
2789,0,-.71716232290086,0,-.8261888476504572
2789,1,-.7714115286319124,0,-.8261888476504572
2790,0,.306723528792922,0,.4588385018476878
2790,1,.2727137589856847,0,.4588385018476878
2791,0,.0214153811737731,.7869005366934788,-.0847134543590766
2791,1,.544066533961992,.7869005366934788,-.0847134543590766
2792,0,.4898158851669967,.5075369979348167,1.678433031493475
2792,1,.20216165780614,.5075369979348167,1.678433031493475
2793,0,.0911516676399363,.9454902771832231,-.083643680986642
2793,1,.355364625787289,.9454902771832231,-.083643680986642
2794,0,.1501563413750154,0,.5194150001704672
2794,1,.9412768895549555,0,.5194150001704672
2795,0,.8801224665153523,.0538765098638062,.3231666448778394
2795,1,.3185282024644298,.0538765098638062,.3231666448778394
2796,0,-.0361602185952803,.9258029279791743,.0743254591195375
2796,1,.7844314467577801,.9258029279791743,.0743254591195375
2797,0,.6066290721999132,0,-1.230461850245057
2797,1,.6096919261944089,0,-1.230461850245057
2798,0,.5825007642631397,.1256545863194219,.2552192179775286
2798,1,-.2407999205904349,.1256545863194219,.2552192179775286
2799,0,-.909832297595633,0,-.3860618155906588
2799,1,-.547432304748356,0,-.3860618155906588
2800,0,.2112903753798158,0,-.2041106575338737
2800,1,.1466925564930531,0,-.2041106575338737
2801,0,-.0160893283945865,.4137297638032807,1.529451078321639
2801,1,1.126671207003455,.4137297638032807,1.529451078321639
2802,0,.0950063114110335,.6920885515054825,.0993664317156475
2802,1,1.54861834576834,.6920885515054825,.0993664317156475
2803,0,.261047097904705,.9404094178895092,1.554333276366318
2803,1,1.897753096752035,.9404094178895092,1.554333276366318
2804,0,-.2868394526729943,0,-.613816151724628
2804,1,-.0933976694621872,0,-.613816151724628
2805,0,-.1003712047528918,.6493417817392225,-.2692523250778182
2805,1,.277106011243668,.6493417817392225,-.2692523250778182
2806,0,.2165837620233795,0,-.3978510536888303
2806,1,.0123136569455118,0,-.3978510536888303
2807,0,-.001251566614659,0,.7238823172512475
2807,1,.5577748998174044,0,.7238823172512475
2808,0,-.0290838297717068,0,-.3779810191787399
2808,1,-.8775512664838688,0,-.3779810191787399
2809,0,-.7781809317402759,.4566329276190241,2.84828952718936
2809,1,.8616737555260564,.4566329276190241,2.84828952718936
2810,0,.607175315918802,0,.0928632856747566
2810,1,2.19961041525217,0,.0928632856747566
2811,0,-.9070826577483644,0,-1.682686183574113
2811,1,-1.614264595574568,0,-1.682686183574113
2812,0,-1.644533428138176,0,-.6240379125671751
2812,1,-1.501219080307635,0,-.6240379125671751
2813,0,1.029167455075771,0,.4473642199502559
2813,1,.0052749163588177,0,.4473642199502559
2814,0,1.229626393628237,0,-.6343555606526967
2814,1,.3699935910271969,0,-.6343555606526967
2815,0,-.0182441428245372,.2208820074113568,-.8571496396968519
2815,1,.4543529660905499,.2208820074113568,-.8571496396968519
2816,0,-.2633925122470991,.3273527940248818,.7366864703049097
2816,1,1.38203190372676,.3273527940248818,.7366864703049097
2817,0,.200643143645227,0,-1.969064395855891
2817,1,-.6110707565177695,0,-1.969064395855891
2818,0,.0989117277964776,0,.8655364520713861
2818,1,.861937901327379,0,.8655364520713861
2819,0,.935830031191388,0,1.138242428971506
2819,1,.5112751223389925,0,1.138242428971506
2820,0,.5941146925770198,0,.1949924344571509
2820,1,.3454247698739809,0,.1949924344571509
2821,0,-.9375705906494978,.9367666476786768,1.363087096775037
2821,1,2.102026637093792,.9367666476786768,1.363087096775037
2822,0,.4925522417319661,0,1.289190789171587
2822,1,.5981992573585011,0,1.289190789171587
2823,0,.4209843274977823,.8077042860510643,1.359285206929121
2823,1,.9022666547149274,.8077042860510643,1.359285206929121
2824,0,.4358834924342755,0,-1.037097711848443
2824,1,-1.498204918748254,0,-1.037097711848443
2825,0,-1.039798286439043,0,.2863340809407872
2825,1,-.3551121082881917,0,.2863340809407872
2826,0,-.6061106527586533,0,-1.177666539656405
2826,1,-1.105575874579082,0,-1.177666539656405
2827,0,.1573789760318576,.0426263773066714,-1.408702518335732
2827,1,-.2034322468329762,.0426263773066714,-1.408702518335732
2828,0,-.4086179645414274,.2464008111349735,-1.904341639384211
2828,1,-.6144924441078184,.2464008111349735,-1.904341639384211
2829,0,.3290265249365857,.9170915493576276,-.9165056681786914
2829,1,.3046030681642227,.9170915493576276,-.9165056681786914
2830,0,-1.365615344724304,0,.014887611808212
2830,1,-.9180405915715778,0,.014887611808212
2831,0,.2847666889255641,0,-.0717400878769257
2831,1,.5777366687864128,0,-.0717400878769257
2832,0,.1402717862927181,0,-1.101003609969386
2832,1,-.4309070187526529,0,-1.101003609969386
2833,0,-.1019237829384166,.5834058326260002,2.592567613993242
2833,1,1.052700866765357,.5834058326260002,2.592567613993242
2834,0,.6735382023680222,0,-1.423012701545806
2834,1,-.1547100705466971,0,-1.423012701545806
2835,0,1.008578588404645,.7353664226126307,1.25045616874247
2835,1,-.4328810155214882,.7353664226126307,1.25045616874247
2836,0,.7981598175986094,.7285395096301971,-.3355973120079693
2836,1,.8771105768072367,.7285395096301971,-.3355973120079693
2837,0,.1314322773267503,.7425043864655086,-1.3546530656206
2837,1,-.6160152098968332,.7425043864655086,-1.3546530656206
2838,0,-.2654037925151487,.0060039182902639,-.5835110236607216
2838,1,-.8904399685225606,.0060039182902639,-.5835110236607216
2839,0,.4506946222836552,.5943232616133568,.1162722506058097
2839,1,-.0435602358666657,.5943232616133568,.1162722506058097
2840,0,.0148619503119622,0,-.7906941298245609
2840,1,-.7013038195364,0,-.7906941298245609
2841,0,-.1885790053321613,.6854984036816344,.5012506321398197
2841,1,2.15014379287097,.6854984036816344,.5012506321398197
2842,0,-.802703883972089,0,.86529519594011
2842,1,.1305899756232769,0,.86529519594011
2843,0,-.0334531948373928,0,-.5134378857810857
2843,1,-.0763349500704006,0,-.5134378857810857
2844,0,-1.211935930911118,.0880782435482087,-.0318143897535432
2844,1,-.1286946495887683,.0880782435482087,-.0318143897535432
2845,0,-.1030108391819392,0,-.4368645848064573
2845,1,.1136650743970802,0,-.4368645848064573
2846,0,.3887408167838138,0,-.8862459331162007
2846,1,-.119945541161519,0,-.8862459331162007
2847,0,-.14763741133179,.7952361710685359,.0737823713096051
2847,1,1.178187671262562,.7952361710685359,.0737823713096051
2848,0,.4717407198316925,.9781473937608621,-.1266451104721121
2848,1,1.588422199813417,.9781473937608621,-.1266451104721121
2849,0,-.364776528992104,0,-1.222745632977436
2849,1,-1.398652675843474,0,-1.222745632977436
2850,0,.2400861609737013,.5042573671151501,.121910394941113
2850,1,-.1405078991878837,.5042573671151501,.121910394941113
2851,0,.7726277838630867,.0664647258238414,.1454580500310095
2851,1,.1084528109816417,.0664647258238414,.1454580500310095
2852,0,-.1351696224309339,0,-.4649146265400294
2852,1,.0018683516879555,0,-.4649146265400294
2853,0,-.6719845327731,.8620806254666432,1.049855782973498
2853,1,.8931779682775198,.8620806254666432,1.049855782973498
2854,0,-.9124009336930794,.0565703645014962,.8640391785322092
2854,1,.2663647961001469,.0565703645014962,.8640391785322092
2855,0,-.0967748275140995,0,.2208112461358583
2855,1,-.1239944676655505,0,.2208112461358583
2856,0,.6597182825960728,0,-.5264755373479735
2856,1,1.456204392627318,0,-.5264755373479735
2857,0,.3697125097328465,.0266477933339914,1.021411816137861
2857,1,.083935871345176,.0266477933339914,1.021411816137861
2858,0,-.9546815680298797,.0019378009688239,-.8236737367023046
2858,1,.4090696742252923,.0019378009688239,-.8236737367023046
2859,0,.5728244586915218,.635709231146821,.20460861274837
2859,1,.9472503237048882,.635709231146821,.20460861274837
2860,0,-.1854557007877792,0,1.009018759422568
2860,1,.7975408315184244,0,1.009018759422568
2861,0,1.251884630100881,0,-.0191441980935549
2861,1,-.6676860483936842,0,-.0191441980935549
2862,0,-.9320470099633358,0,.5690571546078003
2862,1,.1599706268941327,0,.5690571546078003
2863,0,.2234664716899373,0,-1.372564188225286
2863,1,.511747433732835,0,-1.372564188225286
2864,0,.798500861139718,0,-.5078759706077353
2864,1,-.4518459591545076,0,-.5078759706077353
2865,0,-.1750776889753154,0,-1.200325306627933
2865,1,-.5934473496596604,0,-1.200325306627933
2866,0,-.5698829127093518,0,-.2675285448829881
2866,1,-.6167784461971261,0,-.2675285448829881
2867,0,-.6621567556663496,0,-.8113391415125277
2867,1,-.7376080224229957,0,-.8113391415125277
2868,0,-.0212832864702245,0,.3733916144256783
2868,1,.0702246516682281,0,.3733916144256783
2869,0,.2922409595071738,0,-.6102932611812686
2869,1,.0914702812402864,0,-.6102932611812686
2870,0,-.3765031554378069,0,-.9754796289416022
2870,1,-.8420071704250032,0,-.9754796289416022
2871,0,-1.535069530789808,.1226233106781255,-.4625994924570717
2871,1,-1.020179882501624,.1226233106781255,-.4625994924570717
2872,0,.2506621998020415,.1333048062098542,-1.641664600674223
2872,1,-.0893991239582291,.1333048062098542,-1.641664600674223
2873,0,-1.521643263899291,.0176614842254234,1.154570670585104
2873,1,.4222368956131988,.0176614842254234,1.154570670585104
2874,0,.7010062156642618,.3545008493420044,-1.335087652018912
2874,1,-.5194477674464546,.3545008493420044,-1.335087652018912
2875,0,-.3766721037695888,0,-1.44220737425812
2875,1,-.4425123855241562,0,-1.44220737425812
2876,0,.8453486470194442,.3010788321140009,.167322785103153
2876,1,1.523665872483994,.3010788321140009,.167322785103153
2877,0,.428705552557232,0,-.5449593620858417
2877,1,.4571175762617158,0,-.5449593620858417
2878,0,.1535996389835556,0,-.3241681939081541
2878,1,-.3706103173410309,0,-.3241681939081541
2879,0,.7175535661972861,0,-.2247266114236511
2879,1,-.2064885142700258,0,-.2247266114236511
2880,0,-.7653933743064026,.5955020031858035,.8469102409458504
2880,1,.5034928914711627,.5955020031858035,.8469102409458504
2881,0,-.7270424475879105,0,1.051325685243625
2881,1,-.1785622275930814,0,1.051325685243625
2882,0,-.2715499231506164,.0320169277064611,-.5570245320951812
2882,1,-.2449083276646902,.0320169277064611,-.5570245320951812
2883,0,-.2618512232540832,.8628579102940021,1.552122247902016
2883,1,.7980615263053898,.8628579102940021,1.552122247902016
2884,0,-.0820961048271251,.8178282096058832,1.079490039457345
2884,1,.9554443038738812,.8178282096058832,1.079490039457345
2885,0,-.6747904343814671,.5382398965506964,-.5873219465736986
2885,1,.0636933976981494,.5382398965506964,-.5873219465736986
2886,0,-.1926412261990367,.3804150726237828,.7074201583571261
2886,1,.6758439736620881,.3804150726237828,.7074201583571261
2887,0,1.008527963740794,0,-1.509993738428395
2887,1,-.5386230390027399,0,-1.509993738428395
2888,0,-.1468497084711941,0,-1.000658620753836
2888,1,-.1442841654190489,0,-1.000658620753836
2889,0,.1526457781756363,0,.7917083717682201
2889,1,-.0282473234004507,0,.7917083717682201
2890,0,-.8535371625825563,0,-.8216717655005842
2890,1,-1.3189143441613,0,-.8216717655005842
2891,0,-.1941841667902121,.5577207520423687,.7999950091227189
2891,1,.3618188841691468,.5577207520423687,.7999950091227189
2892,0,-.5339203248567874,0,.3109871548753078
2892,1,.4701928873659726,0,.3109871548753078
2893,0,.6738608439785384,.0611669837886549,.2364214208366101
2893,1,.0550494506578557,.0611669837886549,.2364214208366101
2894,0,-.0913736907150934,0,-.4635165469927388
2894,1,-.1720602322680506,0,-.4635165469927388
2895,0,.6178869109571711,0,-.1592839564686861
2895,1,.6688615274035277,0,-.1592839564686861
2896,0,-.5295884890266797,0,.6721531275518221
2896,1,-.3603888270056931,0,.6721531275518221
2897,0,-.808120310194307,.5041666592518098,-.671778692556494
2897,1,-.1908267747744059,.5041666592518098,-.671778692556494
2898,0,.7059761158791322,0,-1.092639062678645
2898,1,.5130293700666124,0,-1.092639062678645
2899,0,-.2030874248517771,.8176710425441719,.1275507105961395
2899,1,.2574868139543027,.8176710425441719,.1275507105961395
2900,0,-.0494309429396444,0,-.0872776185045558
2900,1,.3326524517645701,0,-.0872776185045558
2901,0,.7212970678393497,0,.49638687401829
2901,1,.5027630264686328,0,.49638687401829
2902,0,.4892208088661745,.1800459629137171,-.661698827117855
2902,1,.7826277914961443,.1800459629137171,-.661698827117855
2903,0,-.5306615061018483,.1465035912979246,-1.106698039111579
2903,1,-.3556814771040532,.1465035912979246,-1.106698039111579
2904,0,.2425150761968138,.389216416410806,.7210020504947668
2904,1,.7975139377114461,.389216416410806,.7210020504947668
2905,0,.2179777195264061,0,-.8723743968520283
2905,1,.123078103739807,0,-.8723743968520283
2906,0,-1.203178860155409,0,-1.184116619282498
2906,1,-.8089685564184816,0,-1.184116619282498
2907,0,-.3133732621812955,0,-1.266210254897773
2907,1,-.6575780641202327,0,-1.266210254897773
2908,0,-.8926174073600331,.3281508569088848,-1.15944393982658
2908,1,-1.411370378060091,.3281508569088848,-1.15944393982658
2909,0,-.3394420193001634,.2767553943174957,-.2754189873905643
2909,1,-.5646719489613101,.2767553943174957,-.2754189873905643
2910,0,-.1249361286726568,0,.2168684081698274
2910,1,-.3454631614055396,0,.2168684081698274
2911,0,.3738313522170411,.2340313778282562,-.1407204191515146
2911,1,.2282537475697606,.2340313778282562,-.1407204191515146
2912,0,.950800988611221,.1248172547595275,1.903025672183042
2912,1,.9191775725160105,.1248172547595275,1.903025672183042
2913,0,.5804401773579082,.7906700567649171,.7014258700902786
2913,1,1.422099838428021,.7906700567649171,.7014258700902786
2914,0,-.1152596634278278,0,-1.101349419097189
2914,1,-1.504637602777494,0,-1.101349419097189
2915,0,1.182466241201392,0,.418357876578156
2915,1,.819810850673547,0,.418357876578156
2916,0,-.3634894564448607,.4091315019165039,-.6691303108546286
2916,1,-.2446516175215968,.4091315019165039,-.6691303108546286
2917,0,.0590382516916835,.8985648337409567,1.201330468557611
2917,1,1.291048163141976,.8985648337409567,1.201330468557611
2918,0,.0707386938340204,0,-.1329068056537924
2918,1,-.4457453771583005,0,-.1329068056537924
2919,0,-.6984096848095311,.7202569473280228,1.657131333067811
2919,1,.5973520490178544,.7202569473280228,1.657131333067811
2920,0,.3360625693103723,.4983396070579881,-.2154112239422928
2920,1,.9410050681404292,.4983396070579881,-.2154112239422928
2921,0,-.075039683312188,.8139217115201692,-1.041279753564048
2921,1,.5048745697435307,.8139217115201692,-1.041279753564048
2922,0,-.6405944135543064,.1673758732617371,1.967303504184548
2922,1,.0491893684727474,.1673758732617371,1.967303504184548
2923,0,-.0581527451276318,.4190222338340556,.0747778425570333
2923,1,.3901630850994586,.4190222338340556,.0747778425570333
2924,0,-.0103529852938527,0,-.1443458175671954
2924,1,-.0996256896809919,0,-.1443458175671954
2925,0,-.6837424204178474,0,-1.055723520210083
2925,1,-.437332333934367,0,-1.055723520210083
2926,0,.0532465737742999,0,.5612848248572724
2926,1,-.1531893563279044,0,.5612848248572724
2927,0,1.161172988606874,.0326162396867741,.4690090762557212
2927,1,1.422530883703083,.0326162396867741,.4690090762557212
2928,0,-.0407243147491178,0,-.001925599494522
2928,1,-.4404691219464383,0,-.001925599494522
2929,0,.1416787417388912,.3030158606662353,.5666241593087665
2929,1,1.063619199214457,.3030158606662353,.5666241593087665
2930,0,.1832834737769784,.3802801010145463,-.8966299904039078
2930,1,.0114270701699632,.3802801010145463,-.8966299904039078
2931,0,1.583829753057101,.4435523670575426,1.270575479158807
2931,1,1.512637630920204,.4435523670575426,1.270575479158807
2932,0,-.873476938063,0,-.3049666452978583
2932,1,-1.52317980794174,0,-.3049666452978583
2933,0,.6431273838475823,.8235486664648365,.0082753825047297
2933,1,.8083665943634964,.8235486664648365,.0082753825047297
2934,0,-.0043230120866427,0,-.486437693858479
2934,1,.1791234183290697,0,-.486437693858479
2935,0,.3832185035711411,.5980120489150828,-.3852025796374262
2935,1,.7869214818792269,.5980120489150828,-.3852025796374262
2936,0,-1.215563269486228,.6306156400168591,.5859183063985038
2936,1,-.2321676525862733,.6306156400168591,.5859183063985038
2937,0,.0980231382686278,.356655637808701,.1726121970001567
2937,1,-.1202695930152431,.356655637808701,.1726121970001567
2938,0,-.4018968750580855,0,.500123496460834
2938,1,.9829693170172479,0,.500123496460834
2939,0,1.363708321344927,0,-.3752654167873201
2939,1,-.0443016047842805,0,-.3752654167873201
2940,0,-.1486437110948763,0,-.2639606043487967
2940,1,-.0644076855469483,0,-.2639606043487967
2941,0,.0937448461170769,0,.7855418999225826
2941,1,.4891831978719358,0,.7855418999225826
2942,0,-.4457535843501601,.6030240597450546,1.101374671399534
2942,1,.992206192618471,.6030240597450546,1.101374671399534
2943,0,-.4069620297608326,0,-.0119435910021055
2943,1,-.5223310555313314,0,-.0119435910021055
2944,0,-1.07126833463111,0,-1.171122976860909
2944,1,-1.156082816891712,0,-1.171122976860909
2945,0,-1.233030144450608,.7515077961175246,1.547501781287487
2945,1,.0540898103753333,.7515077961175246,1.547501781287487
2946,0,-.2979926416096026,.8719997331236803,1.002011594862344
2946,1,.5383621402150683,.8719997331236803,1.002011594862344
2947,0,-.1431303594038316,.340242591828895,.1886688143887367
2947,1,.1521311343264255,.340242591828895,.1886688143887367
2948,0,.2808152499199185,.5504005289581969,.6274924639756474
2948,1,.7408797746129838,.5504005289581969,.6274924639756474
2949,0,-.2393305667959841,0,-.9329073838290411
2949,1,-.7843783542946787,0,-.9329073838290411
2950,0,.7424993264231878,0,-.2563216590819462
2950,1,.4238007797759267,0,-.2563216590819462
2951,0,.2882710119116346,.8226961945137358,.1043113106102652
2951,1,-.2531839566458191,.8226961945137358,.1043113106102652
2952,0,-.6875894848764899,0,.8309544343692072
2952,1,.7115636771070004,0,.8309544343692072
2953,0,-.3564549341853913,.7748318735574583,-.4632925134502074
2953,1,1.343377804692233,.7748318735574583,-.4632925134502074
2954,0,-.00048766737709,.2075761451271946,-.7128093796674142
2954,1,.684683489313457,.2075761451271946,-.7128093796674142
2955,0,.258710732056242,.9834780124512751,-.0763583678286639
2955,1,1.421947323242184,.9834780124512751,-.0763583678286639
2956,0,.2104369059333553,.169568278946595,.582883180413738
2956,1,1.676658611513156,.169568278946595,.582883180413738
2957,0,-.7679890442575108,.3562815969450416,-.4997179826610159
2957,1,-.8700196472743922,.3562815969450416,-.4997179826610159
2958,0,.4492235769419763,0,.9483085080074057
2958,1,-.652195809630699,0,.9483085080074057
2959,0,-.2632674028599364,.30798780285215,1.630624233974884
2959,1,.5106974841459256,.30798780285215,1.630624233974884
2960,0,.1412186268493779,0,.3200141941953064
2960,1,-.1398357084813936,0,.3200141941953064
2961,0,1.271500958154462,.7557347289105182,-.3486265642460066
2961,1,.9640963222971759,.7557347289105182,-.3486265642460066
2962,0,-.7861580290611392,.8372679196764953,.227037324442735
2962,1,.2800999998005413,.8372679196764953,.227037324442735
2963,0,.5513747996450546,0,-.8749165303733437
2963,1,.3798240547625154,0,-.8749165303733437
2964,0,.0120794389946903,.3752567235737488,.1684392395000955
2964,1,-.2697893987346844,.3752567235737488,.1684392395000955
2965,0,-.685670519130707,0,-.9030582188605034
2965,1,-.9475424707619986,0,-.9030582188605034
2966,0,-.3299342759109256,0,-1.928026504556536
2966,1,-1.21820813231315,0,-1.928026504556536
2967,0,-.0163751006691194,.1834082606632389,-1.301270837995184
2967,1,.4741468543006074,.1834082606632389,-1.301270837995184
2968,0,-.6382149618830941,0,-3.14252365589472
2968,1,-1.813966311209573,0,-3.14252365589472
2969,0,-.9619316594902791,0,-.3309817823274279
2969,1,-1.307834065100638,0,-.3309817823274279
2970,0,-.4843107646971982,0,.7539337406146258
2970,1,-.3896317272399947,0,.7539337406146258
2971,0,.2091657270537985,.4069094767466489,2.055777644571642
2971,1,.0099214033509024,.4069094767466489,2.055777644571642
2972,0,.2967067021251399,0,-.3919428825760785
2972,1,.7598026935756099,0,-.3919428825760785
2973,0,-.4664103846413811,0,-1.053807328104314
2973,1,-.7494968917109381,0,-1.053807328104314
2974,0,-1.067238531605189,0,.3075900353637007
2974,1,-.551020399550171,0,.3075900353637007
2975,0,2.138656814415759,0,-1.224690845799697
2975,1,.7390147404566083,0,-1.224690845799697
2976,0,.7493924071861422,.9848673222760865,-.0783361383933825
2976,1,.4237276013391456,.9848673222760865,-.0783361383933825
2977,0,-.6078083074704086,0,.9778582370072167
2977,1,-.237342875501952,0,.9778582370072167
2978,0,.4725000946562779,0,-.5583265018389791
2978,1,.4728214121334789,0,-.5583265018389791
2979,0,.0448060662221638,0,.3507016055160143
2979,1,.2356870279177666,0,.3507016055160143
2980,0,-.7352665353554325,.7265646768894843,.0436541359711006
2980,1,-.0092260427957822,.7265646768894843,.0436541359711006
2981,0,-.1340508898251514,.2179657567968262,-.1124036609188117
2981,1,-.8047445440170691,.2179657567968262,-.1124036609188117
2982,0,.1209448575398415,.5832891105262482,-1.53116315162386
2982,1,.2413245769495058,.5832891105262482,-1.53116315162386
2983,0,-.6131465420516493,.7656482189453887,-.8066315609771206
2983,1,-.4404130556929507,.7656482189453887,-.8066315609771206
2984,0,-.0509613268243072,0,-.4439832405066929
2984,1,-.5625459740147899,0,-.4439832405066929
2985,0,-.3973908479979374,.5133535319790808,.7843783536170391
2985,1,.2620401521766091,.5133535319790808,.7843783536170391
2986,0,.1113344065517853,0,-.0564896908977615
2986,1,1.279965008346693,0,-.0564896908977615
2987,0,-.248926117884864,0,-.5099031021356605
2987,1,-1.263419741932723,0,-.5099031021356605
2988,0,-.1607767369049202,.6139686958823186,1.164582148528165
2988,1,.6676967053801672,.6139686958823186,1.164582148528165
2989,0,.2531139870210565,.8568077130883894,1.01943965845427
2989,1,1.34816063182256,.8568077130883894,1.01943965845427
2990,0,-1.032345790160572,.6151922235283681,-1.057674232608193
2990,1,-.853481149009664,.6151922235283681,-1.057674232608193
2991,0,-.0179788067571958,0,-.43943598601764
2991,1,-.6051679524630232,0,-.43943598601764
2992,0,.0619454085315802,0,.0247938334189368
2992,1,.2065257258965217,0,.0247938334189368
2993,0,.0798754332955526,.5444674386687701,.5992390151522695
2993,1,1.081709117566838,.5444674386687701,.5992390151522695
2994,0,-.0036280911344469,.758486300305346,-2.336349093770757
2994,1,-.0004044934575365,.758486300305346,-2.336349093770757
2995,0,-1.122150516868931,0,-.0386971603639329
2995,1,-.7042962324942275,0,-.0386971603639329
2996,0,-.5086305659932596,0,-.5255634935856275
2996,1,-.0492683933868353,0,-.5255634935856275
2997,0,.235162558359034,.6477843324417695,1.998449944714386
2997,1,1.563995397301897,.6477843324417695,1.998449944714386
2998,0,-.7898565976974614,0,.6324146580739439
2998,1,.0825421796994839,0,.6324146580739439
2999,0,.4017875465141565,.9849489526001801,-.1181530664526979
2999,1,.5504827608499243,.9849489526001801,-.1181530664526979
3000,0,-.0404782270777069,0,.4570933224652431
3000,1,.6293845411163262,0,.4570933224652431
