id,t,y,d
1,0,3.5736725,.35762972
1,1,3.1605544,.35762972
2,0,.88693941,.68938333
2,1,1.6627738,.68938333
3,0,.15562606,.57445127
3,1,.5417347,.57445127
4,0,2.654871,.028662698
4,1,1.779626,.028662698
5,0,2.0002284,.46934336
5,1,1.8675978,.46934336
6,0,.46167907,0
6,1,1.0466788,0
7,0,1.7289275,.42042243
7,1,2.1549318,.42042243
8,0,1.3860316,.89488363
8,1,1.7205583,.89488363
9,0,1.0289477,0
9,1,.62921023,0
10,0,.55553639,.10794239
10,1,.63656229,.10794239
11,0,.95548177,.0038867651
11,1,.89288831,.0038867651
12,0,1.0019904,.69127589
12,1,1.0757506,.69127589
13,0,1.7403842,.41973236
13,1,2.1946764,.41973236
14,0,3.9182587,0
14,1,3.6189735,0
15,0,2.6306999,.48831785
15,1,3.4058948,.48831785
16,0,.81492478,.93426216
16,1,2.1251316,.93426216
17,0,1.7525525,0
17,1,1.9421362,0
18,0,2.1320868,.87014699
18,1,2.5207753,.87014699
19,0,1.7779197,.70017779
19,1,1.4274925,.70017779
20,0,.46510237,.63574481
20,1,1.2340479,.63574481
21,0,3.5978148,0
21,1,3.8856184,0
22,0,1.865705,.11603672
22,1,1.4289328,.11603672
23,0,2.4329269,0
23,1,2.050683,0
24,0,1.4610732,.23924465
24,1,1.2995661,.23924465
25,0,1.4793193,.34827587
25,1,2.1537139,.34827587
26,0,2.8494194,.53047884
26,1,2.6915147,.53047884
27,0,2.687963,0
27,1,3.4329937,0
28,0,2.0543981,.49550852
28,1,2.2820947,.49550852
29,0,2.2907765,.47266892
29,1,2.7312589,.47266892
30,0,.95839602,.074221484
30,1,1.4056931,.074221484
31,0,1.5079597,.19676156
31,1,1.5373868,.19676156
32,0,1.2386705,0
32,1,.78658855,0
33,0,1.0518839,.19988552
33,1,.45678627,.19988552
34,0,1.7189385,.93905836
34,1,2.4273324,.93905836
35,0,1.8681991,0
35,1,1.8920425,0
36,0,2.1005936,.46618396
36,1,3.2787914,.46618396
37,0,1.666072,.40241548
37,1,1.7616479,.40241548
38,0,2.5747168,.14055465
38,1,2.4754081,.14055465
39,0,3.2412434,.8955406
39,1,3.8191674,.8955406
40,0,1.2074019,.96660376
40,1,1.6092689,.96660376
41,0,.37552911,.22269204
41,1,1.325411,.22269204
42,0,1.901994,0
42,1,1.7569432,0
43,0,2.5127516,.36842102
43,1,1.82965,.36842102
44,0,3.6302471,.73852885
44,1,3.2770259,.73852885
45,0,3.3763912,0
45,1,3.8799775,0
46,0,1.7072623,0
46,1,1.7692269,0
47,0,2.00611,.24131058
47,1,2.5473859,.24131058
48,0,.46151054,.86366612
48,1,1.2144109,.86366612
49,0,1.0947304,.26105738
49,1,1.6612531,.26105738
50,0,2.4091125,0
50,1,2.1871216,0
51,0,1.6038512,.97845972
51,1,2.5152092,.97845972
52,0,2.6970658,.093257338
52,1,3.3223436,.093257338
53,0,1.6406379,0
53,1,1.6999601,0
54,0,3.1906457,.53741783
54,1,4.1951771,.53741783
55,0,1.1486003,.60521781
55,1,.72272062,.60521781
56,0,2.5917909,0
56,1,2.8438678,0
57,0,2.3537264,.66399091
57,1,2.1822197,.66399091
58,0,3.636776,.97554833
58,1,4.0665436,.97554833
59,0,.8815397,.86466938
59,1,1.0115825,.86466938
60,0,3.5563498,.20371039
60,1,2.8469021,.20371039
61,0,2.4994009,.42222717
61,1,2.5127583,.42222717
62,0,2.9423053,.43908656
62,1,3.3713548,.43908656
63,0,2.6200449,.40326822
63,1,2.5404797,.40326822
64,0,2.8808377,0
64,1,3.0265672,0
65,0,1.4531856,0
65,1,2.0834756,0
66,0,2.9594548,.81279081
66,1,2.7312493,.81279081
67,0,2.9217739,.35368636
67,1,3.3390131,.35368636
68,0,3.2578833,.094071232
68,1,3.2000003,.094071232
69,0,1.9779131,.51741588
69,1,2.54791,.51741588
70,0,1.8092539,.92979592
70,1,2.2179689,.92979592
71,0,1.2055359,.97745216
71,1,1.7880157,.97745216
72,0,1.0642281,.48964819
72,1,.66374969,.48964819
73,0,1.1149939,.16664681
73,1,1.4857188,.16664681
74,0,3.1186056,.77512044
74,1,2.3613067,.77512044
75,0,.47585613,0
75,1,1.353194,0
76,0,2.2615764,.28442517
76,1,2.2117236,.28442517
77,0,.14200261,.22048345
77,1,.38570094,.22048345
78,0,-.045351364,.75921166
78,1,.026104603,.75921166
79,0,4.8737297,.48590115
79,1,5.3316517,.48590115
80,0,.75271475,0
80,1,1.2853649,0
81,0,1.3357807,0
81,1,1.6069944,0
82,0,.71676034,.76758939
82,1,1.4273866,.76758939
83,0,2.9940877,.43092832
83,1,2.9133713,.43092832
84,0,2.4850059,.97886908
84,1,3.197335,.97886908
85,0,3.4039378,.57901424
85,1,3.4884224,.57901424
86,0,1.9647278,0
86,1,2.0571027,0
87,0,2.4442167,.92553002
87,1,2.5677161,.92553002
88,0,.55096841,.58093369
88,1,1.2770419,.58093369
89,0,.87048113,0
89,1,1.0754511,0
90,0,2.522213,.62738854
90,1,2.1339452,.62738854
91,0,3.4927318,.18546405
91,1,3.6310329,.18546405
92,0,2.0561135,.095841311
92,1,2.2519794,.095841311
93,0,.7987619,.78401738
93,1,1.8946371,.78401738
94,0,4.1891561,.82566965
94,1,3.9978855,.82566965
95,0,.16543084,.74766499
95,1,.55970442,.74766499
96,0,1.8064517,.14714539
96,1,1.8727763,.14714539
97,0,2.4190512,.83035171
97,1,3.3463056,.83035171
98,0,.47106397,.67037064
98,1,1.9208986,.67037064
99,0,3.289304,.95238644
99,1,3.1802208,.95238644
100,0,1.7382699,.59511006
100,1,1.0274985,.59511006
101,0,1.9257944,.057704665
101,1,2.6196489,.057704665
102,0,1.6990409,.52034867
102,1,1.2179047,.52034867
103,0,1.535043,.34585407
103,1,1.6196374,.34585407
104,0,2.3469684,.35350221
104,1,2.8250828,.35350221
105,0,.76699954,.20029114
105,1,.32916299,.20029114
106,0,1.5391273,0
106,1,1.7767936,0
107,0,2.9442949,.040993396
107,1,2.3571689,.040993396
108,0,2.4685357,.13617136
108,1,2.8790767,.13617136
109,0,1.8694674,.545232
109,1,2.2105277,.545232
110,0,.86325544,.91334039
110,1,1.3505738,.91334039
111,0,-.4031035,.82932186
111,1,.87522107,.82932186
112,0,2.3156409,.52511305
112,1,3.2285721,.52511305
113,0,5.1922379,.37616992
113,1,5.6262498,.37616992
114,0,1.7703327,.18795413
114,1,2.0393493,.18795413
115,0,3.3540916,0
115,1,3.2251201,0
116,0,3.5818357,.29624122
116,1,3.7425239,.29624122
117,0,3.7981367,.58233202
117,1,3.2861538,.58233202
118,0,1.2498901,0
118,1,1.7007437,0
119,0,3.5993693,0
119,1,3.0304587,0
120,0,2.1181791,.67302346
120,1,2.8880968,.67302346
121,0,2.0363827,.13011687
121,1,1.6199679,.13011687
122,0,2.2114971,.94620502
122,1,2.6402876,.94620502
123,0,2.0852678,.59285778
123,1,2.1783767,.59285778
124,0,.79993874,.17225084
124,1,1.5800774,.17225084
125,0,1.5546147,.68559957
125,1,2.2043145,.68559957
126,0,.99327999,.16546346
126,1,.98390889,.16546346
127,0,1.7482786,.96074116
127,1,2.2742553,.96074116
128,0,1.7196077,0
128,1,2.0435212,0
129,0,.72708988,0
129,1,.78297341,0
130,0,3.6331367,.19563463
130,1,3.306994,.19563463
131,0,-.093270123,.41571143
131,1,1.350051,.41571143
132,0,1.6953769,0
132,1,2.1067002,0
133,0,1.4919685,.96077937
133,1,2.0524836,.96077937
134,0,3.1945796,.58780158
134,1,3.065141,.58780158
135,0,.14194107,.90129107
135,1,.59078771,.90129107
136,0,2.961957,.25629431
136,1,3.0592129,.25629431
137,0,1.7404394,.28226331
137,1,2.1407738,.28226331
138,0,1.8803791,.19258538
138,1,2.4008305,.19258538
139,0,.73559588,.54877216
139,1,.90757585,.54877216
140,0,2.5755651,.47536209
140,1,2.3265498,.47536209
141,0,3.9934216,.11218318
141,1,3.7478323,.11218318
142,0,1.8054813,.2807712
142,1,1.9624393,.2807712
143,0,2.039628,.3954857
143,1,2.1157641,.3954857
144,0,.65996671,.19458908
144,1,1.26513,.19458908
145,0,1.3092359,0
145,1,1.3917875,0
146,0,3.0159433,.13584389
146,1,3.3890476,.13584389
147,0,.17510206,.56785667
147,1,1.2852523,.56785667
148,0,1.6322727,.9566074
148,1,2.4669755,.9566074
149,0,1.1745166,0
149,1,1.0560205,0
150,0,2.5928807,.43368861
150,1,2.2417512,.43368861
151,0,2.5898926,.31699783
151,1,3.1573029,.31699783
152,0,2.614248,0
152,1,2.8957431,0
153,0,1.9884713,.29515687
153,1,2.1837258,.29515687
154,0,1.9531882,.75829011
154,1,2.2057788,.75829011
155,0,3.1460259,.077428028
155,1,2.6512456,.077428028
156,0,3.0743115,0
156,1,2.5985503,0
157,0,2.716907,.41788986
157,1,2.644299,.41788986
158,0,3.4447069,.52344948
158,1,4.3366475,.52344948
159,0,1.4209874,0
159,1,2.2842512,0
160,0,.43637305,.055189911
160,1,.31757516,.055189911
161,0,1.8679711,.93957502
161,1,1.7967129,.93957502
162,0,1.6276338,.21963145
162,1,1.9554282,.21963145
163,0,1.4659282,.37536687
163,1,1.8936291,.37536687
164,0,3.0594637,0
164,1,2.8889282,0
165,0,2.4687881,.69019622
165,1,3.2731447,.69019622
166,0,-.23958181,.79791808
166,1,.47099057,.79791808
167,0,.12921941,.43449339
167,1,.97740054,.43449339
168,0,1.7193017,.89075768
168,1,2.8726695,.89075768
169,0,1.1358247,.27428117
169,1,1.0237308,.27428117
170,0,4.3204222,.40610561
170,1,4.6297956,.40610561
171,0,.99619484,0
171,1,.9476912,0
172,0,2.1753161,.72057164
172,1,2.3203223,.72057164
173,0,1.6199132,.66673446
173,1,1.0989342,.66673446
174,0,2.6415548,.51624012
174,1,2.9882565,.51624012
175,0,2.0923069,0
175,1,2.4508705,0
176,0,2.0881181,.27803779
176,1,2.3031166,.27803779
177,0,3.1902063,0
177,1,2.320214,0
178,0,.70067412,.7893281
178,1,1.5121793,.7893281
179,0,3.4878497,.23853227
179,1,4.1658173,.23853227
180,0,.17103393,.49280161
180,1,.54393983,.49280161
181,0,1.9045093,.97192013
181,1,2.5565362,.97192013
182,0,3.2603722,.88346761
182,1,3.4375968,.88346761
183,0,2.5751133,.96227098
183,1,3.8498394,.96227098
184,0,.66413486,.084901549
184,1,.71411532,.084901549
185,0,1.4818088,0
185,1,.99872392,0
186,0,3.077971,.62447637
186,1,3.6505473,.62447637
187,0,.6611231,.98746115
187,1,1.0087001,.98746115
188,0,1.3458833,.54152328
188,1,2.485538,.54152328
189,0,2.1649947,0
189,1,1.667887,0
190,0,.70536476,0
190,1,.39684176,0
191,0,.96404088,.10269233
191,1,.8991136,.10269233
192,0,1.5972838,.4517431
192,1,1.8936653,.4517431
193,0,2.0438142,.64241123
193,1,2.2323661,.64241123
194,0,2.759865,0
194,1,1.7328923,0
195,0,2.4325829,.47778624
195,1,3.5097978,.47778624
196,0,3.1040246,0
196,1,3.2936525,0
197,0,1.3117599,0
197,1,.95186597,0
198,0,2.3035877,0
198,1,1.8946764,0
199,0,2.8894014,.30092439
199,1,2.9104486,.30092439
200,0,2.5131066,0
200,1,2.1617367,0
201,0,3.7295098,0
201,1,4.1335726,0
202,0,1.4705423,.39085329
202,1,1.4533199,.39085329
203,0,2.5855215,.55798495
203,1,2.6696694,.55798495
204,0,2.2754989,.30363739
204,1,1.4824805,.30363739
205,0,2.9826994,.93210763
205,1,2.7337439,.93210763
206,0,2.0185943,.4090094
206,1,2.386785,.4090094
207,0,1.0797834,.41571677
207,1,1.4793644,.41571677
208,0,1.7963054,.31986883
208,1,2.3681157,.31986883
209,0,-.32981777,.75337124
209,1,1.2969892,.75337124
210,0,.031930715,.72459567
210,1,.50753117,.72459567
211,0,2.2392948,.31741908
211,1,2.1553557,.31741908
212,0,2.0320828,.2012886
212,1,1.7083671,.2012886
213,0,2.8399906,.34345147
213,1,2.7317758,.34345147
214,0,3.1196995,.55873233
214,1,3.5128877,.55873233
215,0,3.7850144,.14313872
215,1,3.8999014,.14313872
216,0,2.7141912,.56037796
216,1,3.5473003,.56037796
217,0,1.880741,.62121743
217,1,2.607672,.62121743
218,0,.36786214,.59694207
218,1,.71284628,.59694207
219,0,1.9559393,.7468577
219,1,2.9642174,.7468577
220,0,.19346249,0
220,1,-.22872457,0
221,0,3.9964328,.2313946
221,1,3.8479145,.2313946
222,0,1.4159976,.94600624
222,1,1.9529452,.94600624
223,0,2.4054708,0
223,1,3.0050743,0
224,0,3.4796648,0
224,1,2.9560575,0
225,0,2.650249,.73685735
225,1,2.6259346,.73685735
226,0,2.6557522,0
226,1,2.4582345,0
227,0,2.9752917,.094660357
227,1,3.1211879,.094660357
228,0,1.5541998,.66954499
228,1,1.8843457,.66954499
229,0,2.2193456,.82107621
229,1,2.5880303,.82107621
230,0,4.4431238,.17468312
230,1,3.4934757,.17468312
231,0,1.7755008,0
231,1,2.0622916,0
232,0,2.6044858,.49397781
232,1,2.8836467,.49397781
233,0,1.5310615,.19245733
233,1,1.1277075,.19245733
234,0,1.8004843,.15937354
234,1,1.7968136,.15937354
235,0,1.8656383,0
235,1,1.3884695,0
236,0,.5495407,0
236,1,.7987988,0
237,0,2.6054029,.92513829
237,1,2.6372104,.92513829
238,0,1.3091296,.37321702
238,1,1.617725,.37321702
239,0,2.0651004,.021822968
239,1,2.237973,.021822968
240,0,2.2321491,0
240,1,2.5173686,0
241,0,.1138787,.41928148
241,1,.30549288,.41928148
242,0,1.8131864,.57181609
242,1,2.1229262,.57181609
243,0,2.085937,.088854864
243,1,2.4949675,.088854864
244,0,2.2441325,0
244,1,1.8168014,0
245,0,1.7346864,0
245,1,1.7130926,0
246,0,.57260948,0
246,1,.60446024,0
247,0,2.472785,.15064794
247,1,2.0400987,.15064794
248,0,2.0970554,0
248,1,1.8348942,0
249,0,.84099901,.58650112
249,1,1.0494149,.58650112
250,0,.37111151,.39574772
250,1,.8773368,.39574772
251,0,1.4033175,0
251,1,.86884063,0
252,0,.61269963,.021760086
252,1,.80381155,.021760086
253,0,2.5328598,.18190438
253,1,2.1317351,.18190438
254,0,2.8479869,.41242328
254,1,3.4120274,.41242328
255,0,1.3457667,.84572756
255,1,1.8900177,.84572756
256,0,3.8203497,.28701538
256,1,3.336446,.28701538
257,0,2.7303414,.99290353
257,1,2.9428594,.99290353
258,0,2.1465521,.24857263
258,1,2.1200337,.24857263
259,0,1.3593729,.48763618
259,1,.434349,.48763618
260,0,1.82929,.41647092
260,1,2.2172163,.41647092
261,0,.31375051,.02944698
261,1,-.37904257,.02944698
262,0,.95405316,.13854706
262,1,.98924887,.13854706
263,0,3.6300876,.18233998
263,1,3.3850324,.18233998
264,0,3.981811,0
264,1,4.0150075,0
265,0,2.8411272,0
265,1,2.7320225,0
266,0,2.7439923,.70457608
266,1,3.3562541,.70457608
267,0,1.7089037,.041019961
267,1,.99487042,.041019961
268,0,2.4429023,.64022505
268,1,2.8183608,.64022505
269,0,1.9259815,0
269,1,2.1669714,0
270,0,1.8413367,.1301716
270,1,2.094182,.1301716
271,0,2.9484768,.71394575
271,1,3.0801175,.71394575
272,0,1.3951048,.86113024
272,1,1.5573422,.86113024
273,0,2.5270092,.87454945
273,1,2.8399942,.87454945
274,0,1.7848586,.048347745
274,1,1.6447548,.048347745
275,0,.65545446,.4405551
275,1,.34368271,.4405551
276,0,1.1753354,.96647602
276,1,1.7965915,.96647602
277,0,3.7914991,.78618878
277,1,3.5075092,.78618878
278,0,3.0321991,.17989698
278,1,3.2176626,.17989698
279,0,1.4620326,0
279,1,1.5401704,0
280,0,.82478118,.69623995
280,1,.90962452,.69623995
281,0,1.1845105,0
281,1,1.6476827,0
282,0,2.9119201,.41367468
282,1,3.100193,.41367468
283,0,4.0429249,0
283,1,3.9423137,0
284,0,2.9263783,0
284,1,2.5729105,0
285,0,2.569036,.50229108
285,1,2.2719843,.50229108
286,0,1.9537387,.68015599
286,1,2.4182744,.68015599
287,0,1.5493207,.16724601
287,1,2.0547338,.16724601
288,0,1.7367455,.79837775
288,1,2.2580211,.79837775
289,0,1.1993623,.049519256
289,1,.84089965,.049519256
290,0,1.9885411,.53235006
290,1,1.5761163,.53235006
291,0,1.8540214,.48212734
291,1,2.3592675,.48212734
292,0,1.7354279,0
292,1,1.4674315,0
293,0,2.8048124,.43981111
293,1,2.9985034,.43981111
294,0,2.4628007,0
294,1,2.2558019,0
295,0,3.2239175,.6082378
295,1,4.0945206,.6082378
296,0,2.0225723,.66725719
296,1,1.8513999,.66725719
297,0,-.63759094,.75350881
297,1,.33684823,.75350881
298,0,.85568887,.97273946
298,1,1.3683387,.97273946
299,0,1.2767251,.86591947
299,1,2.6382918,.86591947
300,0,3.4292774,.7042039
300,1,4.1509933,.7042039
301,0,3.374769,.37605625
301,1,3.1849804,.37605625
302,0,3.1957407,.22083105
302,1,4.5314193,.22083105
303,0,.28263909,.19217223
303,1,.49434358,.19217223
304,0,1.8387396,0
304,1,2.4578898,0
305,0,2.3805583,.8068853
305,1,2.7839317,.8068853
306,0,3.5836847,0
306,1,3.460355,0
307,0,1.6103609,.12316495
307,1,2.5695996,.12316495
308,0,1.5202959,.85381103
308,1,2.1818078,.85381103
309,0,4.0534625,.28569046
309,1,4.9867625,.28569046
310,0,2.3468709,.021292888
310,1,2.0662634,.021292888
311,0,2.6717155,.96639144
311,1,3.210568,.96639144
312,0,2.2293682,0
312,1,2.2915564,0
313,0,1.4913751,.60190564
313,1,1.3174069,.60190564
314,0,1.9272524,.92662811
314,1,2.73333,.92662811
315,0,1.7667868,.073381707
315,1,2.1446567,.073381707
316,0,2.5235636,.17037669
316,1,2.7289762,.17037669
317,0,2.5971911,0
317,1,2.1458342,0
318,0,2.5449538,.11070267
318,1,2.3792486,.11070267
319,0,-.54286075,.96564472
319,1,.30245024,.96564472
320,0,3.308773,.7932663
320,1,3.3616433,.7932663
321,0,4.5307679,0
321,1,4.1723676,0
322,0,1.1372787,.085985214
322,1,1.1573759,.085985214
323,0,.67601138,.77878231
323,1,1.0745711,.77878231
324,0,2.5067494,.32473409
324,1,2.3085763,.32473409
325,0,2.7445397,.43783888
325,1,3.0767829,.43783888
326,0,2.1210427,.21482088
326,1,2.5462947,.21482088
327,0,1.9558764,.2146226
327,1,2.1471004,.2146226
328,0,.84337771,.41185057
328,1,.88516855,.41185057
329,0,1.2845187,.58560377
329,1,1.4222404,.58560377
330,0,.9809233,.68627059
330,1,1.6312616,.68627059
331,0,2.2669377,.58833373
331,1,2.9889724,.58833373
332,0,1.7777526,.024659848
332,1,2.0530648,.024659848
333,0,2.2787309,.30294555
333,1,2.2995474,.30294555
334,0,2.4993255,0
334,1,2.9238873,0
335,0,2.1034074,.92071086
335,1,2.2939973,.92071086
336,0,3.2709692,.18511975
336,1,3.5978451,.18511975
337,0,1.2560408,0
337,1,1.2585608,0
338,0,1.860823,.67661816
338,1,2.9058836,.67661816
339,0,2.1413696,0
339,1,2.6059732,0
340,0,1.8036702,0
340,1,1.5691446,0
341,0,.51311862,0
341,1,1.3183103,0
342,0,1.9544863,.094855271
342,1,2.1510799,.094855271
343,0,4.3636875,.74419606
343,1,4.7836146,.74419606
344,0,1.8948041,.76326138
344,1,2.6814628,.76326138
345,0,2.03706,0
345,1,1.806905,0
346,0,1.8310174,.63794124
346,1,2.1013944,.63794124
347,0,1.451813,.98386496
347,1,1.8286896,.98386496
348,0,2.647476,.81426316
348,1,2.9451354,.81426316
349,0,2.1786613,.34561139
349,1,2.0760407,.34561139
350,0,1.7092626,0
350,1,2.1112647,0
351,0,2.2216485,.55574995
351,1,2.2916813,.55574995
352,0,3.705795,.039481886
352,1,3.9425223,.039481886
353,0,1.9716517,0
353,1,2.3885098,0
354,0,1.3973145,.36408031
354,1,1.2627168,.36408031
355,0,2.0748179,0
355,1,1.9720758,0
356,0,2.5290394,0
356,1,3.0167327,0
357,0,.21229136,.78482074
357,1,1.0899686,.78482074
358,0,2.3681211,.56008327
358,1,2.9867616,.56008327
359,0,.71365881,.40770018
359,1,1.2988191,.40770018
360,0,1.5158465,.72402555
360,1,1.9906316,.72402555
361,0,2.210146,.54106581
361,1,2.5383601,.54106581
362,0,2.0993564,.42718115
362,1,2.1211796,.42718115
363,0,2.7653768,.89010495
363,1,2.7619617,.89010495
364,0,3.6163783,.22628243
364,1,3.6236229,.22628243
365,0,2.5284922,.71593761
365,1,2.9768567,.71593761
366,0,.79815304,.52215785
366,1,1.2191738,.52215785
367,0,1.0640697,.12204674
367,1,1.5348125,.12204674
368,0,1.4507282,.18233882
368,1,1.9177928,.18233882
369,0,1.4553747,.059934277
369,1,2.3820045,.059934277
370,0,2.9726837,.040988069
370,1,2.7889104,.040988069
371,0,.84413189,0
371,1,.24457103,0
372,0,4.1989732,0
372,1,4.2089605,0
373,0,1.1724815,.24697818
373,1,1.0902876,.24697818
374,0,2.2825742,.054838665
374,1,2.4102437,.054838665
375,0,3.055635,0
375,1,2.0892646,0
376,0,2.7734346,0
376,1,2.9925661,0
377,0,2.4629502,.20824456
377,1,2.8955536,.20824456
378,0,1.6329697,.044379711
378,1,1.4744538,.044379711
379,0,1.8052201,.2910544
379,1,1.4182149,.2910544
380,0,3.6179423,0
380,1,3.7007895,0
381,0,2.0902896,.73573607
381,1,2.8242381,.73573607
382,0,2.1224144,.76422524
382,1,2.3176696,.76422524
383,0,1.2280352,.60138822
383,1,1.3573766,.60138822
384,0,1.6207131,.94492698
384,1,1.9128597,.94492698
385,0,1.0450201,.81787252
385,1,1.7449058,.81787252
386,0,1.0853577,.55934036
386,1,1.4499042,.55934036
387,0,3.6541348,.82151008
387,1,4.1495476,.82151008
388,0,2.2969389,.44384959
388,1,2.2097845,.44384959
389,0,1.3160088,.13328587
389,1,1.428022,.13328587
390,0,4.5536804,.22141331
390,1,4.2723284,.22141331
391,0,1.1676176,.48531833
391,1,1.908186,.48531833
392,0,2.234921,.53653067
392,1,2.418123,.53653067
393,0,.72520828,.44629785
393,1,.82488477,.44629785
394,0,2.9647262,0
394,1,2.8792756,0
395,0,1.4273634,.57819384
395,1,1.9517806,.57819384
396,0,2.7380037,.40237302
396,1,2.7422931,.40237302
397,0,2.2650907,.096349888
397,1,2.7174137,.096349888
398,0,.5315184,.83462942
398,1,1.0107303,.83462942
399,0,2.8752851,.67161554
399,1,2.9977667,.67161554
400,0,3.2110267,.45511177
400,1,3.5220263,.45511177
401,0,2.6753926,0
401,1,2.3496575,0
402,0,1.5287434,.35474986
402,1,2.4881015,.35474986
403,0,2.5211689,.60283905
403,1,2.9028356,.60283905
404,0,2.7773018,.032566063
404,1,3.2569408,.032566063
405,0,.83378375,0
405,1,1.1532056,0
406,0,.20127773,.10063048
406,1,.87466204,.10063048
407,0,2.2997088,.40473187
407,1,3.1762254,.40473187
408,0,1.5264887,.92060143
408,1,2.3155622,.92060143
409,0,2.7028897,.64491129
409,1,3.3631077,.64491129
410,0,.52498972,.80308867
410,1,.89479911,.80308867
411,0,2.7123168,0
411,1,2.849555,0
412,0,.93781465,.51880622
412,1,1.085346,.51880622
413,0,1.7438636,0
413,1,1.7847061,0
414,0,4.4301224,.2255659
414,1,4.4548097,.2255659
415,0,3.3188553,.48135293
415,1,3.6496255,.48135293
416,0,2.6225557,.98403418
416,1,3.3828783,.98403418
417,0,1.4159112,.4008415
417,1,.99345952,.4008415
418,0,1.6790855,.80585217
418,1,1.9796109,.80585217
419,0,2.0480151,.94318557
419,1,2.5442269,.94318557
420,0,1.4831808,.30049804
420,1,1.3829739,.30049804
421,0,1.6194715,.43107778
421,1,1.9907092,.43107778
422,0,.30464402,.62987268
422,1,.41783792,.62987268
423,0,.66287279,.40045089
423,1,.81930721,.40045089
424,0,.69480938,.33136824
424,1,1.0740616,.33136824
425,0,2.0738666,.5744133
425,1,2.3105752,.5744133
426,0,1.0462394,.15728436
426,1,1.1826301,.15728436
427,0,2.6332209,.62158263
427,1,2.9370079,.62158263
428,0,2.8490121,.44359004
428,1,1.8072577,.44359004
429,0,2.0689425,.63072401
429,1,2.7022071,.63072401
430,0,3.4848216,0
430,1,3.9454722,0
431,0,2.8028595,.61202252
431,1,2.9303029,.61202252
432,0,3.7157452,.40467745
432,1,3.6094873,.40467745
433,0,-.2779682,.48417845
433,1,.3050738,.48417845
434,0,.8119927,.15504889
434,1,.9036212,.15504889
435,0,.6437301,.54370397
435,1,1.2858952,.54370397
436,0,2.8117728,.25937313
436,1,2.3930998,.25937313
437,0,1.5299176,.35474715
437,1,2.134403,.35474715
438,0,1.0731741,0
438,1,1.1805214,0
439,0,.77964348,.29195172
439,1,.85409147,.29195172
440,0,2.562397,0
440,1,2.3262622,0
441,0,2.1402671,.87114698
441,1,3.1587529,.87114698
442,0,.56030446,0
442,1,.50947893,0
443,0,1.7172039,0
443,1,1.822008,0
444,0,.91914427,.26536822
444,1,.034986854,.26536822
445,0,3.4122865,.0089703687
445,1,3.3511708,.0089703687
446,0,.7929129,.40578842
446,1,.88381332,.40578842
447,0,3.0082977,.056714624
447,1,2.518183,.056714624
448,0,3.4043968,.68108487
448,1,4.4305897,.68108487
449,0,2.3598878,.89249361
449,1,2.696131,.89249361
450,0,2.6459546,.2147713
450,1,1.9071161,.2147713
451,0,1.545434,.44669083
451,1,2.3544247,.44669083
452,0,.05428803,.38860533
452,1,.24684085,.38860533
453,0,-.15764809,.53201723
453,1,.97031671,.53201723
454,0,1.984306,.76021016
454,1,2.449553,.76021016
455,0,.84452838,.31164151
455,1,1.3331788,.31164151
456,0,1.1340518,.57219011
456,1,1.702824,.57219011
457,0,3.3504853,.1071401
457,1,4.3857546,.1071401
458,0,.50732422,.21825083
458,1,-.15540588,.21825083
459,0,2.728744,0
459,1,2.5298591,0
460,0,1.8468113,.19458422
460,1,1.0245601,.19458422
461,0,2.7542865,0
461,1,2.8852618,0
462,0,2.3685985,.96172166
462,1,2.5362113,.96172166
463,0,.52025545,0
463,1,.55265695,0
464,0,1.7722684,0
464,1,2.4771216,0
465,0,1.2831414,.42476693
465,1,2.2864592,.42476693
466,0,2.5224402,.18147764
466,1,2.4053731,.18147764
467,0,1.8983239,.80724019
467,1,2.5122247,.80724019
468,0,.92029095,.49439922
468,1,1.9250699,.49439922
469,0,5.0756226,.71009785
469,1,4.9165149,.71009785
470,0,1.5375791,.49498332
470,1,1.4549474,.49498332
471,0,1.3055934,.45725101
471,1,2.1076736,.45725101
472,0,.76443493,.88630962
472,1,1.2170104,.88630962
473,0,2.3817043,.33877844
473,1,2.5311413,.33877844
474,0,3.7407033,.36168981
474,1,3.7536271,.36168981
475,0,2.4649572,.68945587
475,1,2.4104128,.68945587
476,0,1.2770376,.68928742
476,1,1.6626866,.68928742
477,0,1.359601,.8059997
477,1,1.3906072,.8059997
478,0,2.3642251,.66223353
478,1,2.8330207,.66223353
479,0,2.2730536,.94556129
479,1,2.5061848,.94556129
480,0,1.0582119,.4965497
480,1,1.3179742,.4965497
481,0,1.8634003,.55652857
481,1,2.2815998,.55652857
482,0,2.9477856,0
482,1,2.7345393,0
483,0,1.6545862,.06158331
483,1,2.054318,.06158331
484,0,1.5623754,.26616031
484,1,2.3975139,.26616031
485,0,1.6096587,.95991266
485,1,2.2040436,.95991266
486,0,2.4371343,.28417063
486,1,2.9970708,.28417063
487,0,3.6584218,.73798722
487,1,3.9546189,.73798722
488,0,1.8197482,.17807016
488,1,2.4669404,.17807016
489,0,2.7147455,.88208884
489,1,3.0210254,.88208884
490,0,2.1564751,.356024
490,1,2.389359,.356024
491,0,3.2683079,.070295148
491,1,3.3122468,.070295148
492,0,.26309511,0
492,1,-.4230248,0
493,0,3.4185207,.93578267
493,1,4.0068698,.93578267
494,0,1.655287,.39811921
494,1,1.780926,.39811921
495,0,2.7815289,0
495,1,1.5601273,0
496,0,2.1810987,.28609586
496,1,3.0585461,.28609586
497,0,.94050241,.59536624
497,1,1.4271189,.59536624
498,0,2.7364979,.21716851
498,1,3.2566307,.21716851
499,0,2.1083794,.35099027
499,1,2.2194057,.35099027
500,0,1.7283331,.6202004
500,1,1.9590095,.6202004
501,0,.55952913,0
501,1,-.10241173,0
502,0,2.4105449,.47835007
502,1,2.4068408,.47835007
503,0,1.786046,.45394093
503,1,2.080761,.45394093
504,0,1.6792407,.11030407
504,1,2.0219553,.11030407
505,0,1.2446314,.88466293
505,1,1.640021,.88466293
506,0,2.7699568,0
506,1,2.6071513,0
507,0,2.7685437,0
507,1,2.1892738,0
508,0,.78127331,.13033186
508,1,1.5208557,.13033186
509,0,.45483908,.71011901
509,1,.81348079,.71011901
510,0,1.4604971,.21460915
510,1,2.3306324,.21460915
511,0,2.1077118,0
511,1,2.3884871,0
512,0,1.6887845,.85558844
512,1,2.5225286,.85558844
513,0,3.2738349,.23591197
513,1,3.6959186,.23591197
514,0,1.0130631,.73209417
514,1,.74522889,.73209417
515,0,.73053628,.095427535
515,1,1.4007674,.095427535
516,0,3.0761132,.91704351
516,1,3.4679577,.91704351
517,0,1.1061846,.70342577
517,1,2.0289123,.70342577
518,0,.2222501,.98992628
518,1,1.2749217,.98992628
519,0,1.8795859,.69014436
519,1,1.7845271,.69014436
520,0,.20912369,.54805928
520,1,.5298574,.54805928
521,0,2.6444609,.15400454
521,1,2.5506296,.15400454
522,0,3.0818176,.26100311
522,1,3.1796677,.26100311
523,0,2.2641761,.64047265
523,1,2.5393836,.64047265
524,0,2.1449361,0
524,1,2.5295675,0
525,0,2.3355649,.7710911
525,1,2.8546145,.7710911
526,0,2.6662128,.064479299
526,1,2.8985009,.064479299
527,0,4.0516787,.91575271
527,1,4.6052155,.91575271
528,0,3.7782261,.40157464
528,1,3.8638778,.40157464
529,0,1.4937165,.76932991
529,1,1.6604365,.76932991
530,0,2.5325713,.10090173
530,1,3.1342027,.10090173
531,0,1.9432391,0
531,1,1.3812323,0
532,0,3.1101699,0
532,1,3.0071278,0
533,0,.85273409,.33361924
533,1,1.085225,.33361924
534,0,.9707194,.043031294
534,1,.87774521,.043031294
535,0,1.2815986,.39643407
535,1,.94727296,.39643407
536,0,1.3341931,.84276581
536,1,1.4343991,.84276581
537,0,2.8093858,0
537,1,3.4665272,0
538,0,3.5903604,.47648165
538,1,3.6035175,.47648165
539,0,1.3693554,0
539,1,1.6381211,0
540,0,.84715474,.78643423
540,1,1.2996635,.78643423
541,0,3.6875985,.43481189
541,1,3.2885065,.43481189
542,0,1.8776624,.6345675
542,1,2.5372229,.6345675
543,0,2.2752891,0
543,1,2.9194918,0
544,0,1.6564012,0
544,1,1.6254041,0
545,0,2.3142707,.52675265
545,1,3.1422584,.52675265
546,0,1.6155561,.12108034
546,1,1.4724195,.12108034
547,0,1.9644878,.02070397
547,1,2.2197263,.02070397
548,0,2.0135911,0
548,1,1.9336791,0
549,0,3.1795266,.11556088
549,1,3.2890422,.11556088
550,0,3.2167044,.57412696
550,1,3.3716159,.57412696
551,0,1.4281207,.70321649
551,1,1.7593416,.70321649
552,0,.9058857,0
552,1,1.2097869,0
553,0,1.4156585,.8785271
553,1,1.8597764,.8785271
554,0,1.7270119,.38654229
554,1,1.8510804,.38654229
555,0,.99640334,.327786
555,1,1.8620549,.327786
556,0,1.6531184,.5158242
556,1,2.4439969,.5158242
557,0,1.526862,.98797458
557,1,1.5610645,.98797458
558,0,2.9021764,.37807366
558,1,2.8857775,.37807366
559,0,.89280891,.76147401
559,1,1.1626381,.76147401
560,0,1.6982206,.36270735
560,1,2.0634902,.36270735
561,0,2.0123835,.68930262
561,1,2.1907768,.68930262
562,0,2.1124258,.48810932
562,1,2.9564567,.48810932
563,0,2.0004783,.32343543
563,1,2.603936,.32343543
564,0,2.928762,0
564,1,3.3756487,0
565,0,2.1471128,.45282283
565,1,2.7512469,.45282283
566,0,2.1801395,.57683682
566,1,2.0854957,.57683682
567,0,2.4180002,.25490198
567,1,2.9155374,.25490198
568,0,1.6507092,.61213601
568,1,1.4601315,.61213601
569,0,1.4114999,.62971854
569,1,1.2645323,.62971854
570,0,1.3479259,.75684839
570,1,2.1178653,.75684839
571,0,3.4823828,.75316137
571,1,3.5379069,.75316137
572,0,3.3784468,.72312814
572,1,3.6279168,.72312814
573,0,.91688752,.56527638
573,1,.59914428,.56527638
574,0,.17071897,.29996154
574,1,.082649723,.29996154
575,0,.69354188,.38749889
575,1,1.1206999,.38749889
576,0,2.3429341,0
576,1,2.7689247,0
577,0,2.4422979,.26143029
577,1,2.1135955,.26143029
578,0,1.5054113,.567316
578,1,1.5237309,.567316
579,0,2.1735539,.64259118
579,1,1.8763547,.64259118
580,0,3.4736266,.71019149
580,1,3.7490821,.71019149
581,0,1.9801033,.45871645
581,1,2.7214956,.45871645
582,0,.75336283,.2354368
582,1,-.061279267,.2354368
583,0,1.7535557,0
583,1,1.0711256,0
584,0,1.4897292,.50040197
584,1,1.235346,.50040197
585,0,3.5377629,.66176265
585,1,3.7245929,.66176265
586,0,2.1919713,.4538058
586,1,3.0016394,.4538058
587,0,2.5975924,.57134253
587,1,3.0137455,.57134253
588,0,1.6559249,.93189627
588,1,2.3830757,.93189627
589,0,2.101922,.39567274
589,1,1.481144,.39567274
590,0,2.4863076,.5283742
590,1,2.8535926,.5283742
591,0,1.5237919,.8438912
591,1,2.1588402,.8438912
592,0,2.6962075,0
592,1,1.8870159,0
593,0,1.526827,.73804337
593,1,1.6896063,.73804337
594,0,1.7242955,.73626095
594,1,1.6090933,.73626095
595,0,2.989599,.2195053
595,1,2.4960377,.2195053
596,0,3.8602033,0
596,1,2.9116759,0
597,0,2.138402,.03405587
597,1,1.9234282,.03405587
598,0,2.0767839,.62222123
598,1,2.2101166,.62222123
599,0,1.0694603,0
599,1,.060434759,0
600,0,1.2133577,.84401315
600,1,2.2580805,.84401315
601,0,1.9544657,.32385039
601,1,1.7782996,.32385039
602,0,1.9339075,.49674529
602,1,2.4431007,.49674529
603,0,-.73759747,.32553533
603,1,-.64266193,.32553533
604,0,1.8101089,.55628061
604,1,1.8333619,.55628061
605,0,.32790667,.63972735
605,1,.89281327,.63972735
606,0,2.366209,.44266987
606,1,2.8373082,.44266987
607,0,2.7128191,.79836065
607,1,3.0603735,.79836065
608,0,2.5462031,.073744245
608,1,2.722419,.073744245
609,0,2.3513181,0
609,1,2.1157923,0
610,0,1.8275206,.65715796
610,1,2.1637194,.65715796
611,0,1.1362714,.10981906
611,1,1.7077032,.10981906
612,0,-.33031887,.94491845
612,1,.45866936,.94491845
613,0,1.6089855,.57744926
613,1,2.0222707,.57744926
614,0,1.8398601,.050755184
614,1,2.280055,.050755184
615,0,3.6135216,.41608462
615,1,3.2334199,.41608462
616,0,.93623734,.18362182
616,1,1.9721036,.18362182
617,0,2.1386967,.24614386
617,1,2.0535049,.24614386
618,0,1.9909394,.28479373
618,1,1.8312961,.28479373
619,0,1.9208617,0
619,1,2.3650799,0
620,0,.16541532,.68527842
620,1,.82125741,.68527842
621,0,1.0693221,.92810762
621,1,1.2347803,.92810762
622,0,2.7850547,.9759258
622,1,4.0558729,.9759258
623,0,.63737881,.13676572
623,1,.21837348,.13676572
624,0,1.5424734,.18646005
624,1,1.6951658,.18646005
625,0,2.3640549,0
625,1,2.759805,0
626,0,1.9260485,.38678908
626,1,2.7344737,.38678908
627,0,2.450886,.15808646
627,1,2.4580498,.15808646
628,0,.18140912,0
628,1,-.41895321,0
629,0,1.9082973,.19880073
629,1,1.8744706,.19880073
630,0,2.2080195,.29037169
630,1,2.0448961,.29037169
631,0,2.2513545,0
631,1,1.3766791,0
632,0,2.1568134,.28166169
632,1,2.9385815,.28166169
633,0,3.2357132,.48347721
633,1,3.1776848,.48347721
634,0,1.2059653,.16146916
634,1,1.3975952,.16146916
635,0,2.8414369,.0012981801
635,1,2.8686218,.0012981801
636,0,2.4264734,0
636,1,1.9639038,0
637,0,1.6349661,.43713212
637,1,2.4823179,.43713212
638,0,3.9098287,.60914648
638,1,4.1131973,.60914648
639,0,3.1133604,.72123611
639,1,3.0146282,.72123611
640,0,1.2737381,.63258278
640,1,1.6489458,.63258278
641,0,2.3581226,.88339937
641,1,2.0428324,.88339937
642,0,.78163695,.46236706
642,1,1.4730101,.46236706
643,0,2.7308016,0
643,1,2.3966985,0
644,0,2.5603006,.64614689
644,1,3.0564156,.64614689
645,0,1.0465004,0
645,1,.74525458,0
646,0,2.2526476,.070051491
646,1,2.5941298,.070051491
647,0,2.8351169,.99122465
647,1,3.3349111,.99122465
648,0,2.1595836,0
648,1,2.6650503,0
649,0,3.0897274,.31526536
649,1,3.6841545,.31526536
650,0,1.0570573,.32396108
650,1,2.002964,.32396108
651,0,1.3942349,0
651,1,.8581146,0
652,0,3.0047486,.38681284
652,1,3.1340094,.38681284
653,0,2.8103964,.42132294
653,1,3.6501057,.42132294
654,0,.34389973,.53609794
654,1,1.0838324,.53609794
655,0,.95784599,.45129654
655,1,1.6527797,.45129654
656,0,1.866981,.12681445
656,1,1.8959236,.12681445
657,0,2.2755873,.15736645
657,1,1.7522438,.15736645
658,0,1.0789992,.49162602
658,1,1.3919073,.49162602
659,0,1.5528517,.86128736
659,1,1.5005111,.86128736
660,0,3.6964214,0
660,1,3.926657,0
661,0,2.0374451,.16018079
661,1,1.2003615,.16018079
662,0,3.1167128,.74125057
662,1,3.9044375,.74125057
663,0,1.1602712,.39895648
663,1,1.5519886,.39895648
664,0,.91951537,0
664,1,.97243339,0
665,0,1.8444574,0
665,1,1.4341708,0
666,0,2.3131428,.12109155
666,1,2.4882665,.12109155
667,0,-.33530831,.93896174
667,1,.2486818,.93896174
668,0,2.4977403,.46945316
668,1,2.5478334,.46945316
669,0,3.2232323,.013798688
669,1,2.6256149,.013798688
670,0,2.9649081,.73538601
670,1,3.2031095,.73538601
671,0,2.3064668,.69793588
671,1,2.7580647,.69793588
672,0,3.4462798,0
672,1,3.2462838,0
673,0,2.1995564,.29310489
673,1,1.6270136,.29310489
674,0,4.2109489,.83145285
674,1,3.7845819,.83145285
675,0,3.1196921,0
675,1,3.4300346,0
676,0,3.4643755,.061469167
676,1,3.6174011,.061469167
677,0,2.7735918,.62727141
677,1,3.3899927,.62727141
678,0,2.1154735,.95409888
678,1,2.7848604,.95409888
679,0,4.100831,.14247599
679,1,4.4717221,.14247599
680,0,-.12087341,.65731055
680,1,.15343164,.65731055
681,0,1.8296983,.0093566375
681,1,2.2958879,.0093566375
682,0,.87638891,0
682,1,1.089906,0
683,0,1.1183046,0
683,1,1.1366745,0
684,0,1.9658158,.97126567
684,1,2.3494987,.97126567
685,0,2.3404772,.46133426
685,1,2.3639233,.46133426
686,0,1.9214339,.28741178
686,1,2.6772888,.28741178
687,0,.71553183,.20363495
687,1,1.1471249,.20363495
688,0,1.5733596,0
688,1,2.0376451,0
689,0,2.7041721,.49022353
689,1,3.1075976,.49022353
690,0,2.6444373,0
690,1,3.013413,0
691,0,2.6169019,.99192286
691,1,3.5029402,.99192286
692,0,1.0672085,.11883295
692,1,1.1434889,.11883295
693,0,2.1735549,.094852604
693,1,1.8572439,.094852604
694,0,.36806926,.47621632
694,1,.79397351,.47621632
695,0,1.7020863,.29429942
695,1,2.0851645,.29429942
696,0,3.0062087,.94660503
696,1,3.9852977,.94660503
697,0,3.1307714,.90259635
697,1,3.0952849,.90259635
698,0,.94849896,0
698,1,1.4740512,0
699,0,1.3439817,0
699,1,1.3898656,0
700,0,2.2182825,.23823969
700,1,2.4906092,.23823969
701,0,3.007529,.76456934
701,1,3.6785271,.76456934
702,0,1.3424708,.43788117
702,1,1.2072062,.43788117
703,0,.25750139,.23113038
703,1,.73566693,.23113038
704,0,1.5255485,0
704,1,.8399992,0
705,0,2.198561,.47161537
705,1,3.2408528,.47161537
706,0,1.8884979,.68860286
706,1,2.057421,.68860286
707,0,1.8402132,0
707,1,1.4100751,0
708,0,2.0701394,.57670909
708,1,2.404578,.57670909
709,0,3.7799971,0
709,1,4.1586227,0
710,0,1.2212614,.31572351
710,1,1.4182917,.31572351
711,0,3.8089278,.84626001
711,1,4.2437401,.84626001
712,0,2.0748196,0
712,1,2.0548906,0
713,0,3.5637984,.94126391
713,1,3.9741061,.94126391
714,0,1.5406624,.94744128
714,1,1.5149282,.94744128
715,0,1.7948846,0
715,1,1.8990884,0
716,0,1.15758,.51642668
716,1,1.4531493,.51642668
717,0,2.8038657,0
717,1,2.9174778,0
718,0,2.4707584,.97526777
718,1,3.528497,.97526777
719,0,3.1441052,.17731805
719,1,2.919976,.17731805
720,0,1.2348382,.14228056
720,1,1.4680564,.14228056
721,0,2.7441652,.1337973
721,1,2.8037002,.1337973
722,0,2.2938678,.96699083
722,1,2.9459863,.96699083
723,0,3.0446327,0
723,1,2.501668,0
724,0,3.6481993,0
724,1,3.3628116,0
725,0,2.6150138,.59211016
725,1,2.2790513,.59211016
726,0,1.3040788,0
726,1,.96758103,0
727,0,.52905154,0
727,1,1.4222311,0
728,0,2.448756,.29131156
728,1,2.4559333,.29131156
729,0,1.5300137,.63168287
729,1,2.2696607,.63168287
730,0,2.8878756,.4232606
730,1,3.4719775,.4232606
731,0,2.1770763,.085203335
731,1,1.9243169,.085203335
732,0,1.5386281,.8393358
732,1,2.3723211,.8393358
733,0,2.34971,.10254046
733,1,2.3951232,.10254046
734,0,1.7010746,.87756681
734,1,1.4529064,.87756681
735,0,1.3022515,0
735,1,.71967947,0
736,0,1.7135513,.76399475
736,1,1.6976054,.76399475
737,0,2.3829646,.66605091
737,1,2.3058641,.66605091
738,0,1.6998786,0
738,1,1.7955073,0
739,0,1.6373616,.61428118
739,1,1.3404335,.61428118
740,0,4.1977034,.55334955
740,1,3.4092751,.55334955
741,0,2.2626257,.12045218
741,1,1.8826832,.12045218
742,0,3.1582315,.79098547
742,1,2.5902576,.79098547
743,0,1.8445919,0
743,1,1.6421312,0
744,0,3.2688308,.37423888
744,1,3.3542006,.37423888
745,0,2.1783011,0
745,1,1.6732308,0
746,0,-.28969827,.74756324
746,1,.22250459,.74756324
747,0,2.6069617,.36318934
747,1,2.6386933,.36318934
748,0,3.09372,.013071666
748,1,3.1358161,.013071666
749,0,.5300172,.27119881
749,1,1.0007827,.27119881
750,0,4.3899722,0
750,1,3.8843632,0
751,0,3.3111022,.25811684
751,1,2.8922081,.25811684
752,0,1.8590382,.97219199
752,1,2.5284197,.97219199
753,0,2.0345962,.69461769
753,1,2.7468202,.69461769
754,0,1.683573,.33424184
754,1,1.6158469,.33424184
755,0,1.2989416,0
755,1,1.0297869,0
756,0,3.0909638,.46716514
756,1,3.8419302,.46716514
757,0,2.6063895,.033641022
757,1,3.5571716,.033641022
758,0,2.9882641,.35201839
758,1,2.6565976,.35201839
759,0,-.8996613,.41893741
759,1,.0061947256,.41893741
760,0,1.8537673,0
760,1,2.1795828,0
761,0,2.2564766,.59434104
761,1,2.4241357,.59434104
762,0,1.0238457,0
762,1,1.195177,0
763,0,2.13993,.074202098
763,1,2.1249781,.074202098
764,0,.82562983,.90005553
764,1,2.1894238,.90005553
765,0,3.2912292,.41512093
765,1,2.3935664,.41512093
766,0,3.5888288,.11497749
766,1,3.8918598,.11497749
767,0,3.7010868,.25325119
767,1,3.4134336,.25325119
768,0,1.4669902,.018208129
768,1,1.8570052,.018208129
769,0,1.1044154,0
769,1,1.4612128,0
770,0,3.2770467,0
770,1,3.513823,0
771,0,3.0407879,.51598078
771,1,3.1860313,.51598078
772,0,1.9049416,.86354119
772,1,2.0785022,.86354119
773,0,1.0074981,.91786647
773,1,1.6703161,.91786647
774,0,4.7400994,.9548257
774,1,4.7310271,.9548257
775,0,-.69156718,.69929594
775,1,-.056738056,.69929594
776,0,2.0665407,.24062431
776,1,2.3206148,.24062431
777,0,.85933596,.084437631
777,1,.7132017,.084437631
778,0,1.2683549,.17122583
778,1,1.6447152,.17122583
779,0,2.8689568,.85651881
779,1,3.6822238,.85651881
780,0,1.4105363,.60804772
780,1,1.9189122,.60804772
781,0,2.1973441,0
781,1,1.4946303,0
782,0,2.4998515,0
782,1,1.9390767,0
783,0,2.1866548,.17354687
783,1,2.2813432,.17354687
784,0,2.5220633,0
784,1,2.557188,0
785,0,.648175,.49749675
785,1,1.3483329,.49749675
786,0,2.6588805,.41549391
786,1,2.9680095,.41549391
787,0,2.2331901,.20688394
787,1,2.4208853,.20688394
788,0,1.546289,.0086528957
788,1,1.719938,.0086528957
789,0,2.4152861,.94128996
789,1,2.9221642,.94128996
790,0,1.9716955,.095529668
790,1,1.892342,.095529668
791,0,3.7149594,.27126539
791,1,3.4730802,.27126539
792,0,1.4577914,.52244693
792,1,1.9077715,.52244693
793,0,3.1747,.35935283
793,1,2.9009476,.35935283
794,0,1.3469626,.54904824
794,1,1.5621967,.54904824
795,0,-.0016920865,0
795,1,.69155335,0
796,0,1.6826062,.30495304
796,1,1.0997924,.30495304
797,0,2.6181831,.66377264
797,1,2.6226685,.66377264
798,0,1.3121202,.8626011
798,1,1.7808472,.8626011
799,0,1.6019287,.29665315
799,1,.88070798,.29665315
800,0,.92186379,.85074335
800,1,1.3481244,.85074335
801,0,1.5288938,.97203755
801,1,2.037899,.97203755
802,0,2.6247823,0
802,1,2.5467145,0
803,0,2.0965874,.046138003
803,1,2.0605028,.046138003
804,0,2.9296947,.10331124
804,1,3.2739446,.10331124
805,0,1.587778,.73767716
805,1,1.2456186,.73767716
806,0,1.1030087,.49042299
806,1,.45936781,.49042299
807,0,1.6803516,0
807,1,1.3195934,0
808,0,1.3567067,.80441266
808,1,1.5967089,.80441266
809,0,1.2851237,.081010722
809,1,1.5390481,.081010722
810,0,2.983011,.08701802
810,1,3.1330171,.08701802
811,0,2.8603168,.96160817
811,1,3.984467,.96160817
812,0,3.2745814,.69128335
812,1,3.2599368,.69128335
813,0,2.2713199,.26798004
813,1,2.4217281,.26798004
814,0,3.3382142,.088758424
814,1,3.4058051,.088758424
815,0,1.6478871,.67945737
815,1,1.9546118,.67945737
816,0,1.9021803,.31894052
816,1,1.4310143,.31894052
817,0,.36114168,0
817,1,-.21849133,0
818,0,2.0206764,.82460845
818,1,1.8975884,.82460845
819,0,2.2939556,0
819,1,1.9853756,0
820,0,2.1054208,.84772068
820,1,2.0812349,.84772068
821,0,2.5514197,.44656304
821,1,2.2555892,.44656304
822,0,3.9286945,.99686885
822,1,4.225801,.99686885
823,0,-.028205987,.8732444
823,1,.5475592,.8732444
824,0,-.85101372,.88117576
824,1,.27490309,.88117576
825,0,2.8516779,.90698272
825,1,3.9697688,.90698272
826,0,2.1968088,.11561967
826,1,2.2766812,.11561967
827,0,2.6940143,0
827,1,3.1505308,0
828,0,2.2401397,0
828,1,2.1121197,0
829,0,1.3631833,.7114501
829,1,2.0268247,.7114501
830,0,1.4853417,.59771329
830,1,1.5435963,.59771329
831,0,2.5663486,.76824611
831,1,2.7889786,.76824611
832,0,2.7296982,.79240757
832,1,2.6542718,.79240757
833,0,1.4805187,0
833,1,1.5257351,0
834,0,2.4899263,.6348049
834,1,2.6824813,.6348049
835,0,1.7085257,.21463862
835,1,1.1704769,.21463862
836,0,2.3474419,.24101982
836,1,2.4702947,.24101982
837,0,1.6867281,.50337535
837,1,.85354495,.50337535
838,0,1.644359,.90024006
838,1,2.6405437,.90024006
839,0,1.2738318,0
839,1,.4655934,0
840,0,2.7539666,.47881269
840,1,3.0930588,.47881269
841,0,2.1751139,0
841,1,1.100198,0
842,0,3.6193261,.96377218
842,1,3.5589182,.96377218
843,0,2.8850787,0
843,1,2.48931,0
844,0,2.5348258,.84637004
844,1,2.4360652,.84637004
845,0,1.6295717,.52017355
845,1,1.7545893,.52017355
846,0,1.385825,.67224944
846,1,1.2786074,.67224944
847,0,.89650476,0
847,1,.55118966,0
848,0,1.1939099,0
848,1,1.1963315,0
849,0,1.8071268,0
849,1,1.5346242,0
850,0,.64141446,0
850,1,.85423398,0
851,0,1.3117652,0
851,1,.75383312,0
852,0,2.2763512,0
852,1,1.9157085,0
853,0,2.1268685,.55490881
853,1,2.9603724,.55490881
854,0,2.2404881,.75693744
854,1,2.8549056,.75693744
855,0,1.5627878,.48539692
855,1,1.5241327,.48539692
856,0,1.4928281,0
856,1,.74256128,0
857,0,2.1196465,0
857,1,1.9371468,0
858,0,2.8145196,.70259362
858,1,3.2356987,.70259362
859,0,2.806201,.54891306
859,1,2.498148,.54891306
860,0,3.5012245,.82719052
860,1,3.3262815,.82719052
861,0,-.13767979,.22619763
861,1,.60956019,.22619763
862,0,.98680043,.037133459
862,1,1.502063,.037133459
863,0,2.2763908,0
863,1,2.6357324,0
864,0,-1.2662703,.76193959
864,1,-1.3578517,.76193959
865,0,2.0044661,.98042446
865,1,2.6869447,.98042446
866,0,2.5126283,.45350307
866,1,3.3919082,.45350307
867,0,2.1459157,.91548562
867,1,2.2392085,.91548562
868,0,2.9331698,.63681287
868,1,2.5140738,.63681287
869,0,.96380383,.086698703
869,1,1.1494735,.086698703
870,0,1.681296,.98185784
870,1,2.2792196,.98185784
871,0,1.9879125,.12081257
871,1,1.546672,.12081257
872,0,2.7559769,.93621707
872,1,3.028285,.93621707
873,0,-.13737005,.23500553
873,1,.66922611,.23500553
874,0,1.6093035,.91325426
874,1,2.2304459,.91325426
875,0,1.7779591,.95282388
875,1,2.2451608,.95282388
876,0,1.7717977,.13926867
876,1,2.6032445,.13926867
877,0,1.5119362,.25773099
877,1,1.6926293,.25773099
878,0,2.0453398,.40353727
878,1,2.8083086,.40353727
879,0,2.446178,.23926626
879,1,2.4082065,.23926626
880,0,1.2205158,.50615114
880,1,.99179214,.50615114
881,0,-1.4046923,.24015337
881,1,-.23004548,.24015337
882,0,3.627373,0
882,1,3.4166796,0
883,0,3.0937712,.47076499
883,1,3.1815183,.47076499
884,0,1.1007631,0
884,1,1.2124349,0
885,0,.9457314,.67046088
885,1,1.3086959,.67046088
886,0,1.0157065,.19055733
886,1,1.5339824,.19055733
887,0,-.99629486,.64833754
887,1,-.64003116,.64833754
888,0,2.4613295,0
888,1,2.9676385,0
889,0,2.3746364,.85456514
889,1,2.4518499,.85456514
890,0,2.2872593,.41448894
890,1,2.6529756,.41448894
891,0,2.578625,.99297935
891,1,3.5411351,.99297935
892,0,1.4473165,0
892,1,1.3971078,0
893,0,3.4265118,.53151941
893,1,3.9505937,.53151941
894,0,.42659116,.69047117
894,1,.67050749,.69047117
895,0,1.9006205,0
895,1,1.7829802,0
896,0,.88264883,.83484435
896,1,1.6273018,.83484435
897,0,1.1052973,.75425279
897,1,1.8673233,.75425279
898,0,4.2499423,.34269089
898,1,4.3415856,.34269089
899,0,2.7560043,.55917448
899,1,3.4436646,.55917448
900,0,2.995636,0
900,1,2.5483673,0
901,0,-.2788454,.04516454
901,1,-.15003514,.04516454
902,0,2.5838368,0
902,1,2.6752942,0
903,0,1.5298938,.47650596
903,1,2.5352566,.47650596
904,0,2.2760532,.011304843
904,1,2.0593219,.011304843
905,0,.17428622,.40838477
905,1,.55587876,.40838477
906,0,2.0098152,.61104131
906,1,1.7793754,.61104131
907,0,1.3125149,.56427592
907,1,1.3771502,.56427592
908,0,2.6049547,.66694927
908,1,2.9915023,.66694927
909,0,1.3652411,.68567455
909,1,2.8186109,.68567455
910,0,2.5316255,0
910,1,2.0960612,0
911,0,.83685714,.28786466
911,1,1.2908574,.28786466
912,0,2.4141474,.4647623
912,1,2.6653111,.4647623
913,0,2.0195484,0
913,1,2.2078829,0
914,0,1.9423187,.88431513
914,1,2.3356121,.88431513
915,0,1.406039,.52137411
915,1,1.8175547,.52137411
916,0,1.3038651,.25281802
916,1,1.369857,.25281802
917,0,1.2754412,.99437475
917,1,2.096122,.99437475
918,0,4.2097282,.3475391
918,1,4.1356783,.3475391
919,0,1.9643646,.81477922
919,1,3.027071,.81477922
920,0,1.438102,0
920,1,1.8256661,0
921,0,2.6988368,.90906221
921,1,1.998461,.90906221
922,0,.26101774,0
922,1,.48344818,0
923,0,3.2306845,.6699419
923,1,3.8561773,.6699419
924,0,1.7137364,.58523107
924,1,2.2233384,.58523107
925,0,1.4224088,.64189857
925,1,2.8034403,.64189857
926,0,1.3977945,.72647434
926,1,1.9509705,.72647434
927,0,1.6776948,.70868349
927,1,1.583338,.70868349
928,0,1.3297968,.93287855
928,1,2.4351816,.93287855
929,0,1.0254524,.14337471
929,1,.86368364,.14337471
930,0,2.5029004,.073310994
930,1,2.3258758,.073310994
931,0,1.3945723,.50240284
931,1,1.735297,.50240284
932,0,1.4161673,.45927894
932,1,2.2218535,.45927894
933,0,.26170507,.43726197
933,1,.75025439,.43726197
934,0,3.1703978,.12659474
934,1,4.1720247,.12659474
935,0,2.0535023,0
935,1,2.2642858,0
936,0,1.9996241,.44248059
936,1,2.3444099,.44248059
937,0,.87895554,.49720532
937,1,.98962903,.49720532
938,0,-.29031485,.36893249
938,1,.040044814,.36893249
939,0,1.1793057,0
939,1,.8744399,0
940,0,2.5537469,.12409387
940,1,2.7745073,.12409387
941,0,3.2814994,0
941,1,3.2324433,0
942,0,2.3991613,0
942,1,2.6798775,0
943,0,1.9147693,.45012403
943,1,2.4477777,.45012403
944,0,2.3905935,.0017959089
944,1,2.1814775,.0017959089
945,0,1.9930465,.087985642
945,1,1.9016377,.087985642
946,0,1.5503829,.031634483
946,1,1.3142478,.031634483
947,0,1.5381845,0
947,1,.83338535,0
948,0,2.8035817,.4073216
948,1,3.1199281,.4073216
949,0,4.35467,.18767095
949,1,4.3855963,.18767095
950,0,-.13823391,.91215068
950,1,.83393598,.91215068
951,0,2.2410583,.34602252
951,1,2.2477686,.34602252
952,0,1.490584,0
952,1,1.3942969,0
953,0,1.2152508,.84171408
953,1,1.0460724,.84171408
954,0,2.3876405,.30096415
954,1,2.0364611,.30096415
955,0,1.2087044,.1862687
955,1,1.088678,.1862687
956,0,-.87378359,.019824646
956,1,-.30995435,.019824646
957,0,1.8684469,.49445838
957,1,2.0752318,.49445838
958,0,2.2824993,.54198951
958,1,2.360363,.54198951
959,0,1.8460462,.72277308
959,1,2.2765982,.72277308
960,0,1.1874305,.38318029
960,1,1.2390218,.38318029
961,0,1.7571595,.025794679
961,1,2.4779761,.025794679
962,0,3.7440598,.82619345
962,1,4.2307768,.82619345
963,0,2.6600101,.46279761
963,1,2.4780428,.46279761
964,0,1.6674917,.53194356
964,1,2.4699955,.53194356
965,0,2.8102379,.81529641
965,1,3.5716562,.81529641
966,0,2.0701692,0
966,1,1.8161225,0
967,0,.69699728,.51284105
967,1,1.0571781,.51284105
968,0,3.111721,.62945753
968,1,3.4202921,.62945753
969,0,.68075103,0
969,1,.029371977,0
970,0,1.9116728,.15396276
970,1,1.7640469,.15396276
971,0,1.4203497,.53000951
971,1,1.0575426,.53000951
972,0,2.9490113,.88623095
972,1,3.3179569,.88623095
973,0,2.8170161,.92770618
973,1,2.8263142,.92770618
974,0,.88904256,.19780076
974,1,1.465818,.19780076
975,0,1.7104771,.2391503
975,1,2.0036824,.2391503
976,0,.56156945,.25925395
976,1,1.4641914,.25925395
977,0,1.0172822,.058216892
977,1,.89109588,.058216892
978,0,2.0890148,.71623933
978,1,2.1483986,.71623933
979,0,2.0209382,.6245954
979,1,1.9363511,.6245954
980,0,3.4329059,0
980,1,2.8776054,0
981,0,.65846682,.39750811
981,1,1.3405381,.39750811
982,0,3.2079754,.3832511
982,1,4.2009125,.3832511
983,0,2.1599467,0
983,1,2.5806239,0
984,0,3.589664,0
984,1,2.7334995,0
985,0,1.7979386,.73599172
985,1,2.0092194,.73599172
986,0,2.0619061,0
986,1,1.6953459,0
987,0,1.3355504,.26252359
987,1,1.3083712,.26252359
988,0,1.4530146,.47558582
988,1,1.0837483,.47558582
989,0,2.1598454,.069086537
989,1,2.4906683,.069086537
990,0,1.5104918,0
990,1,1.2413292,0
991,0,2.8429706,.79193521
991,1,3.3358741,.79193521
992,0,1.4934012,0
992,1,1.099658,0
993,0,.45966703,.069791764
993,1,.70396078,.069791764
994,0,.59516597,.41184464
994,1,1.2790377,.41184464
995,0,3.5232029,.40202236
995,1,3.8984377,.40202236
996,0,2.3681047,0
996,1,2.6006978,0
997,0,3.4393601,0
997,1,3.5345416,0
998,0,.42023593,.0066382708
998,1,1.3431095,.0066382708
999,0,1.9737929,0
999,1,1.685779,0
1000,0,1.5925863,0
1000,1,2.2417407,0
1001,0,3.7912416,0
1001,1,2.7885234,0
1002,0,1.9815152,.72321564
1002,1,2.2583263,.72321564
1003,0,1.73385,.86385447
1003,1,3.0683181,.86385447
1004,0,.42725512,.2890473
1004,1,.91995698,.2890473
1005,0,.66440105,.72498542
1005,1,.79412705,.72498542
1006,0,3.1701188,.64307326
1006,1,2.8252993,.64307326
1007,0,.21752802,.98075092
1007,1,.67681783,.98075092
1008,0,2.7256157,.21758313
1008,1,2.0891876,.21758313
1009,0,1.9254489,0
1009,1,1.5389581,0
1010,0,.3604708,0
1010,1,1.1146035,0
1011,0,1.9011104,.4265635
1011,1,2.3696017,.4265635
1012,0,-.08303827,.31534594
1012,1,.75525343,.31534594
1013,0,.52403265,.67339605
1013,1,.70496762,.67339605
1014,0,.01553382,.43064457
1014,1,.32611668,.43064457
1015,0,.13969296,.79529738
1015,1,1.0485165,.79529738
1016,0,.79858458,.90307254
1016,1,.77839571,.90307254
1017,0,2.2674408,.28576207
1017,1,2.9539258,.28576207
1018,0,1.7505952,0
1018,1,1.6162084,0
1019,0,2.9447658,0
1019,1,2.379719,0
1020,0,.71149868,0
1020,1,1.1742724,0
1021,0,1.1250348,.061769981
1021,1,.29698694,.061769981
1022,0,1.5028672,.71627408
1022,1,1.6110728,.71627408
1023,0,.69373238,.65533864
1023,1,1.7705331,.65533864
1024,0,2.9483881,.44421983
1024,1,3.0563369,.44421983
1025,0,1.8428234,.73598903
1025,1,2.2009199,.73598903
1026,0,1.6413447,.39893195
1026,1,1.3852923,.39893195
1027,0,.64049554,0
1027,1,.72682488,0
1028,0,1.8016398,.73907548
1028,1,2.1564543,.73907548
1029,0,3.4631805,.80050725
1029,1,3.0681248,.80050725
1030,0,1.6934536,.24918564
1030,1,1.8452246,.24918564
1031,0,4.9710889,.71321213
1031,1,5.7563744,.71321213
1032,0,2.7353842,.80031425
1032,1,3.8867333,.80031425
1033,0,2.2257874,.85704076
1033,1,2.6626139,.85704076
1034,0,1.1860079,.70010495
1034,1,1.4903225,.70010495
1035,0,2.6320813,.52282614
1035,1,3.2681994,.52282614
1036,0,3.7804677,0
1036,1,4.3303413,0
1037,0,1.3546921,.13884065
1037,1,1.3307344,.13884065
1038,0,1.3671128,0
1038,1,1.3771639,0
1039,0,3.677058,.95530474
1039,1,4.4802952,.95530474
1040,0,.87480152,0
1040,1,.97290254,0
1041,0,1.4498435,.77106857
1041,1,2.449522,.77106857
1042,0,1.0129575,.66443306
1042,1,.38127005,.66443306
1043,0,2.3582399,.32175356
1043,1,2.4423041,.32175356
1044,0,1.1710073,.85739094
1044,1,2.165391,.85739094
1045,0,.73008668,.56835788
1045,1,.62905025,.56835788
1046,0,1.6429625,.15375912
1046,1,1.5089935,.15375912
1047,0,.89576834,.25924969
1047,1,1.0996898,.25924969
1048,0,3.3881717,0
1048,1,3.0215635,0
1049,0,2.8123407,.50493634
1049,1,2.7627103,.50493634
1050,0,3.5712252,.30879661
1050,1,3.259186,.30879661
1051,0,2.957737,0
1051,1,2.429352,0
1052,0,3.004632,.24060157
1052,1,4.1218057,.24060157
1053,0,3.0945461,0
1053,1,2.9975185,0
1054,0,1.0778031,0
1054,1,2.0026624,0
1055,0,1.0153456,0
1055,1,.77211559,0
1056,0,3.5439875,.97104138
1056,1,3.6417034,.97104138
1057,0,2.2381353,.14738712
1057,1,2.1090097,.14738712
1058,0,1.6424197,.024107568
1058,1,1.9596268,.024107568
1059,0,1.5704644,.33429885
1059,1,1.9559599,.33429885
1060,0,.99538076,.55330676
1060,1,1.1060195,.55330676
1061,0,1.97206,0
1061,1,1.8961769,0
1062,0,2.4481633,0
1062,1,1.9202272,0
1063,0,.3026641,.17722791
1063,1,1.0596448,.17722791
1064,0,2.2229049,.79720116
1064,1,2.8871729,.79720116
1065,0,2.2043478,.66777432
1065,1,2.3033104,.66777432
1066,0,3.3464155,.46242321
1066,1,3.9352508,.46242321
1067,0,4.2130065,.00075825211
1067,1,4.7619405,.00075825211
1068,0,3.6749499,.45715192
1068,1,3.8354228,.45715192
1069,0,1.7821896,.048067968
1069,1,1.7049433,.048067968
1070,0,1.7708042,.24967051
1070,1,2.0940819,.24967051
1071,0,1.9956053,0
1071,1,1.5597754,0
1072,0,2.3107054,0
1072,1,1.7831303,0
1073,0,1.6585659,0
1073,1,1.7656327,0
1074,0,.92101747,0
1074,1,1.7986393,0
1075,0,1.6928437,.20648567
1075,1,1.0614777,.20648567
1076,0,1.7556906,0
1076,1,2.0010197,0
1077,0,3.2580214,.31637934
1077,1,3.6779315,.31637934
1078,0,2.775311,.64260381
1078,1,3.0341895,.64260381
1079,0,1.4411616,0
1079,1,1.4582846,0
1080,0,3.4834161,0
1080,1,3.030616,0
1081,0,.93322188,.40462422
1081,1,1.3361086,.40462422
1082,0,2.3157239,0
1082,1,2.7254798,0
1083,0,3.2401383,.17248192
1083,1,3.4048393,.17248192
1084,0,3.2728968,.29857326
1084,1,2.6776288,.29857326
1085,0,.57343215,.93832242
1085,1,1.4997431,.93832242
1086,0,.31149724,.44118366
1086,1,1.0615005,.44118366
1087,0,2.4648633,0
1087,1,2.7082415,0
1088,0,1.7262397,.20293501
1088,1,1.4586574,.20293501
1089,0,.66125,.4036862
1089,1,.58750707,.4036862
1090,0,3.6211796,.61870325
1090,1,4.2479501,.61870325
1091,0,2.7304463,.21785614
1091,1,3.3897328,.21785614
1092,0,3.279614,.037910797
1092,1,3.0819051,.037910797
1093,0,1.2049675,.10465325
1093,1,1.6953756,.10465325
1094,0,2.8591192,.38173857
1094,1,3.372472,.38173857
1095,0,2.9578915,.23218198
1095,1,3.2663198,.23218198
1096,0,2.84675,.58426529
1096,1,3.2961104,.58426529
1097,0,1.3589509,0
1097,1,.47194135,0
1098,0,2.1797915,0
1098,1,1.7242519,0
1099,0,2.6764178,.11355828
1099,1,3.3211484,.11355828
1100,0,.36759853,.7136417
1100,1,1.1283602,.7136417
1101,0,3.4300566,.72683454
1101,1,3.7603426,.72683454
1102,0,2.4177237,.25065756
1102,1,2.2337565,.25065756
1103,0,2.1922519,.0027285502
1103,1,1.8930727,.0027285502
1104,0,2.6119514,.44583458
1104,1,3.0455401,.44583458
1105,0,4.3265963,.87934852
1105,1,4.5902801,.87934852
1106,0,3.8594723,.40702665
1106,1,3.9906447,.40702665
1107,0,1.6671909,.27910626
1107,1,2.0194621,.27910626
1108,0,1.0440029,.92673254
1108,1,2.6164155,.92673254
1109,0,1.0249482,.49562612
1109,1,1.1439618,.49562612
1110,0,.29713106,.82885903
1110,1,.8568508,.82885903
1111,0,2.1133053,.98931545
1111,1,2.5590744,.98931545
1112,0,.86667526,.25010648
1112,1,1.2109947,.25010648
1113,0,.79388005,.46082869
1113,1,1.7593579,.46082869
1114,0,-.30292362,.85087752
1114,1,-.076931044,.85087752
1115,0,3.9708824,0
1115,1,2.9078844,0
1116,0,3.2332911,.83161253
1116,1,3.6829984,.83161253
1117,0,3.6864486,.19461004
1117,1,3.1866066,.19461004
1118,0,2.0983086,.73736328
1118,1,2.4579842,.73736328
1119,0,2.5771694,0
1119,1,2.6773057,0
1120,0,2.3970518,.41189083
1120,1,2.7678301,.41189083
1121,0,2.253875,.060472842
1121,1,1.6660826,.060472842
1122,0,2.2404022,.74545401
1122,1,2.6323824,.74545401
1123,0,.58301467,.78894955
1123,1,.76209795,.78894955
1124,0,2.1082501,0
1124,1,2.1303985,0
1125,0,2.0953276,.63794267
1125,1,2.4380443,.63794267
1126,0,1.2169718,0
1126,1,1.4263419,0
1127,0,2.0905943,0
1127,1,2.1284189,0
1128,0,2.6165886,.95008487
1128,1,4.2461004,.95008487
1129,0,2.8535669,.48243484
1129,1,2.7583351,.48243484
1130,0,1.4285393,.38626963
1130,1,1.7984595,.38626963
1131,0,2.6202884,.29579845
1131,1,2.8902521,.29579845
1132,0,2.2675595,.29033744
1132,1,1.878726,.29033744
1133,0,3.4550362,.13720429
1133,1,3.0997381,.13720429
1134,0,2.0702229,.41116032
1134,1,3.5968773,.41116032
1135,0,1.6978257,.66990346
1135,1,2.0651782,.66990346
1136,0,.94393426,.99858087
1136,1,.34849393,.99858087
1137,0,.53271067,.79879898
1137,1,1.1648252,.79879898
1138,0,3.5741324,.69895613
1138,1,3.5951118,.69895613
1139,0,1.6597661,.13922952
1139,1,1.5035771,.13922952
1140,0,2.3102009,.42368555
1140,1,2.6852286,.42368555
1141,0,1.1776716,.1658711
1141,1,1.1193163,.1658711
1142,0,.94464409,.47896948
1142,1,1.1009095,.47896948
1143,0,1.9761938,0
1143,1,2.6168194,0
1144,0,2.0136056,0
1144,1,2.9304228,0
1145,0,1.4010366,.011460548
1145,1,2.1188786,.011460548
1146,0,1.6209614,.56152624
1146,1,2.5308394,.56152624
1147,0,1.8376701,.21501732
1147,1,2.6499343,.21501732
1148,0,3.2825158,.019265475
1148,1,3.4348044,.019265475
1149,0,2.2171702,.18700074
1149,1,2.9244797,.18700074
1150,0,1.0695162,.86272866
1150,1,1.6993561,.86272866
1151,0,3.3362286,.87267047
1151,1,3.9287069,.87267047
1152,0,2.5492721,.57312405
1152,1,2.6926093,.57312405
1153,0,2.2774477,.089261472
1153,1,2.0723207,.089261472
1154,0,2.6067863,0
1154,1,2.0372138,0
1155,0,2.1049685,.90866303
1155,1,3.1164067,.90866303
1156,0,1.5832196,.17642811
1156,1,1.3728772,.17642811
1157,0,.97769427,.12534852
1157,1,.91099912,.12534852
1158,0,3.5037911,.032175522
1158,1,3.100527,.032175522
1159,0,1.968285,.71420753
1159,1,2.07357,.71420753
1160,0,3.3262892,.28810433
1160,1,3.0651443,.28810433
1161,0,2.1895802,.48382452
1161,1,2.2937274,.48382452
1162,0,1.707356,.46435532
1162,1,1.9455806,.46435532
1163,0,2.1059701,.66391569
1163,1,2.0272872,.66391569
1164,0,-.068034306,.98103201
1164,1,.82853681,.98103201
1165,0,1.7263036,.84939498
1165,1,1.8532711,.84939498
1166,0,.82125318,.46426308
1166,1,1.2928751,.46426308
1167,0,2.7291353,.18989713
1167,1,2.670177,.18989713
1168,0,2.8228552,0
1168,1,3.2709036,0
1169,0,-.17431861,0
1169,1,.31376123,0
1170,0,1.1915472,0
1170,1,1.7978597,0
1171,0,3.2162282,0
1171,1,2.4670894,0
1172,0,2.2964633,.29233164
1172,1,2.9739165,.29233164
1173,0,3.3107367,.91854525
1173,1,3.4240026,.91854525
1174,0,1.230442,.27078763
1174,1,1.5889374,.27078763
1175,0,2.1215754,.43627846
1175,1,2.3655195,.43627846
1176,0,.67576927,.55285609
1176,1,1.5935749,.55285609
1177,0,3.1785581,.94342941
1177,1,3.6214321,.94342941
1178,0,1.7004911,0
1178,1,1.1686412,0
1179,0,.19300792,.43031055
1179,1,.52768523,.43031055
1180,0,2.2245073,.54154193
1180,1,2.9734251,.54154193
1181,0,1.8037584,.61911339
1181,1,2.5620458,.61911339
1182,0,4.3677883,.48697761
1182,1,4.4147024,.48697761
1183,0,3.6712856,0
1183,1,3.2052083,0
1184,0,3.1406767,.97948092
1184,1,3.245717,.97948092
1185,0,1.3634466,.29546624
1185,1,2.2200274,.29546624
1186,0,2.0039983,.93875003
1186,1,2.1336825,.93875003
1187,0,3.2786212,.8124404
1187,1,2.8182564,.8124404
1188,0,1.2855566,0
1188,1,1.9788336,0
1189,0,2.0366056,0
1189,1,2.1173263,0
1190,0,1.371568,.8759414
1190,1,1.959667,.8759414
1191,0,2.3142004,.23054287
1191,1,2.4162188,.23054287
1192,0,2.651566,0
1192,1,2.3404882,0
1193,0,2.5768616,.037523013
1193,1,2.4720693,.037523013
1194,0,1.8825645,.94881278
1194,1,2.4127657,.94881278
1195,0,.56726515,0
1195,1,.5224393,0
1196,0,.55148989,.35635817
1196,1,.50946659,.35635817
1197,0,1.0827806,.98628676
1197,1,1.8186246,.98628676
1198,0,.80531919,.095590182
1198,1,.40189329,.095590182
1199,0,2.7004721,.34271783
1199,1,2.978723,.34271783
1200,0,.96513849,.62834084
1200,1,1.8673693,.62834084
1201,0,-.21026261,.27551484
1201,1,.059832394,.27551484
1202,0,1.9271922,0
1202,1,2.0267973,0
1203,0,2.0743945,.86164123
1203,1,2.6318331,.86164123
1204,0,1.2265022,0
1204,1,1.7037852,0
1205,0,4.1939926,.60614204
1205,1,4.3070855,.60614204
1206,0,2.3809566,.8754015
1206,1,2.0553632,.8754015
1207,0,3.3582602,0
1207,1,2.8205132,0
1208,0,.12283368,.49304497
1208,1,.040673375,.49304497
1209,0,1.559636,.16753159
1209,1,1.9097298,.16753159
1210,0,1.8458273,.71238816
1210,1,2.5737922,.71238816
1211,0,.68853343,.4657467
1211,1,1.1052669,.4657467
1212,0,1.2760073,0
1212,1,.7503283,0
1213,0,3.08143,0
1213,1,3.0515034,0
1214,0,3.0715442,.8132354
1214,1,3.5949438,.8132354
1215,0,.93552816,.11829302
1215,1,1.8100423,.11829302
1216,0,1.6800467,0
1216,1,1.41114,0
1217,0,2.6078491,.7342906
1217,1,2.5740902,.7342906
1218,0,2.3672802,.43143278
1218,1,2.2696092,.43143278
1219,0,.72245914,.83640099
1219,1,1.2372986,.83640099
1220,0,.82064736,.54885584
1220,1,1.6022607,.54885584
1221,0,2.576237,0
1221,1,2.389513,0
1222,0,1.6614512,0
1222,1,1.6560084,0
1223,0,1.2517313,.4546763
1223,1,2.0936589,.4546763
1224,0,1.2093692,.38945213
1224,1,2.0131228,.38945213
1225,0,2.3412044,.32336774
1225,1,2.6431844,.32336774
1226,0,.28451991,0
1226,1,.59906441,0
1227,0,1.9226689,.99465829
1227,1,2.804369,.99465829
1228,0,3.98399,.86795026
1228,1,3.7345905,.86795026
1229,0,3.2953024,.1945962
1229,1,3.5258088,.1945962
1230,0,1.0906621,.40437704
1230,1,1.6261879,.40437704
1231,0,3.6449044,.77351439
1231,1,3.5586352,.77351439
1232,0,.84804547,.90418434
1232,1,1.2374011,.90418434
1233,0,1.1646454,.60854
1233,1,1.248174,.60854
1234,0,-1.0786216,.46697596
1234,1,-1.0906621,.46697596
1235,0,2.7428823,.53454977
1235,1,3.1866205,.53454977
1236,0,2.9597142,.077318862
1236,1,2.7779977,.077318862
1237,0,1.2430235,0
1237,1,.93168074,0
1238,0,2.0835888,.510948
1238,1,2.5048003,.510948
1239,0,2.5596967,.25889498
1239,1,2.5536413,.25889498
1240,0,.82209289,.20957245
1240,1,.94603437,.20957245
1241,0,3.2771339,.18830588
1241,1,3.1113265,.18830588
1242,0,.90224868,.45261678
1242,1,1.6816506,.45261678
1243,0,2.7476866,0
1243,1,2.3069849,0
1244,0,.92226559,.54432118
1244,1,1.4422209,.54432118
1245,0,1.9879797,.84444225
1245,1,2.8222797,.84444225
1246,0,1.8779697,.12544982
1246,1,2.5709643,.12544982
1247,0,2.5811808,.98945129
1247,1,3.3447864,.98945129
1248,0,3.5054116,0
1248,1,3.0429106,0
1249,0,5.2714906,.95775235
1249,1,5.3837657,.95775235
1250,0,.96846628,.74287641
1250,1,1.9277912,.74287641
1251,0,3.0667396,.63095158
1251,1,3.3206313,.63095158
1252,0,2.6169934,.25835016
1252,1,2.5856366,.25835016
1253,0,1.3115296,0
1253,1,1.2680476,0
1254,0,.73208499,.052294262
1254,1,.081661135,.052294262
1255,0,2.2313328,.61786032
1255,1,3.2336688,.61786032
1256,0,2.1807456,.44459501
1256,1,1.9517184,.44459501
1257,0,1.8975692,0
1257,1,2.4260755,0
1258,0,3.720242,.99659044
1258,1,3.9084213,.99659044
1259,0,1.9717443,.93560255
1259,1,2.4845045,.93560255
1260,0,2.1133528,.065271094
1260,1,1.9975148,.065271094
1261,0,-.26259047,.5014441
1261,1,-.070405692,.5014441
1262,0,1.6798601,.75896972
1262,1,1.703091,.75896972
1263,0,3.2502787,.15971176
1263,1,3.4240921,.15971176
1264,0,2.1449161,.220989
1264,1,2.8786354,.220989
1265,0,2.5125647,.54518181
1265,1,2.9520793,.54518181
1266,0,3.2270882,.53965473
1266,1,3.1469352,.53965473
1267,0,4.4548268,0
1267,1,4.7445617,0
1268,0,3.5563383,.99964774
1268,1,3.4001248,.99964774
1269,0,3.2216651,.68301404
1269,1,2.983531,.68301404
1270,0,2.3663292,.68565702
1270,1,2.6056499,.68565702
1271,0,2.4600763,.26131293
1271,1,2.9082038,.26131293
1272,0,1.8232648,.41858113
1272,1,2.5196223,.41858113
1273,0,2.4160819,0
1273,1,2.7982354,0
1274,0,3.8535602,.42188376
1274,1,3.5631967,.42188376
1275,0,2.7056751,.40294138
1275,1,2.8993058,.40294138
1276,0,2.0639725,.89455134
1276,1,2.6978614,.89455134
1277,0,2.0713012,.55977845
1277,1,1.806777,.55977845
1278,0,1.4557666,.58460134
1278,1,1.2028488,.58460134
1279,0,3.2933211,.8706305
1279,1,3.1045103,.8706305
1280,0,1.0266829,.14449833
1280,1,1.1019344,.14449833
1281,0,.39577118,.70776165
1281,1,.03342022,.70776165
1282,0,.86947584,.58953595
1282,1,1.3830717,.58953595
1283,0,1.3782836,.6930784
1283,1,2.621881,.6930784
1284,0,1.3562562,.73973984
1284,1,1.4745572,.73973984
1285,0,1.6440085,.41402259
1285,1,.85781527,.41402259
1286,0,1.2513243,.53708905
1286,1,1.8716475,.53708905
1287,0,1.0690603,.55863422
1287,1,1.7058322,.55863422
1288,0,2.7779436,.98719728
1288,1,2.5910242,.98719728
1289,0,3.7873287,.31837791
1289,1,4.8440142,.31837791
1290,0,2.2194719,.87957734
1290,1,3.0060296,.87957734
1291,0,3.2389207,.69000304
1291,1,2.4786839,.69000304
1292,0,1.7762418,.012773739
1292,1,1.4258398,.012773739
1293,0,1.4208215,.19669788
1293,1,1.2016604,.19669788
1294,0,2.0827203,.89298266
1294,1,2.4909661,.89298266
1295,0,2.4553277,.91818011
1295,1,2.3442094,.91818011
1296,0,3.022846,.98974156
1296,1,3.3403082,.98974156
1297,0,1.8605142,.88113695
1297,1,2.2334578,.88113695
1298,0,2.8253043,.018058505
1298,1,2.7709594,.018058505
1299,0,1.7190107,.63468516
1299,1,1.6913255,.63468516
1300,0,1.9400054,.56105155
1300,1,2.1117051,.56105155
1301,0,2.3199456,.46342146
1301,1,2.7013373,.46342146
1302,0,2.9182911,.99703276
1302,1,3.3503284,.99703276
1303,0,2.1518011,.0061440058
1303,1,1.6838729,.0061440058
1304,0,3.0511932,0
1304,1,3.377492,0
1305,0,2.6326265,0
1305,1,3.0072947,0
1306,0,.94325542,.44847766
1306,1,.49962777,.44847766
1307,0,2.5519178,.84235609
1307,1,2.9045858,.84235609
1308,0,2.6597502,.3050693
1308,1,2.3514433,.3050693
1309,0,.45683941,.69829661
1309,1,.26210958,.69829661
1310,0,2.5313694,.67025417
1310,1,2.797843,.67025417
1311,0,2.4401526,.95883065
1311,1,1.7674564,.95883065
1312,0,1.6661669,.77944368
1312,1,1.502036,.77944368
1313,0,1.6230391,.88442683
1313,1,1.9970422,.88442683
1314,0,3.981977,.78509766
1314,1,4.6018462,.78509766
1315,0,2.7174325,.50375462
1315,1,2.5139031,.50375462
1316,0,1.0791898,0
1316,1,1.4149845,0
1317,0,1.8577712,.58387345
1317,1,2.1631854,.58387345
1318,0,2.7491217,0
1318,1,2.6649098,0
1319,0,1.2446724,0
1319,1,1.585448,0
1320,0,.45483825,0
1320,1,1.0561702,0
1321,0,1.4300779,0
1321,1,1.5958499,0
1322,0,2.354341,.88210696
1322,1,2.9454648,.88210696
1323,0,2.00122,.79632533
1323,1,2.5017538,.79632533
1324,0,2.4580243,.53898579
1324,1,2.5640357,.53898579
1325,0,1.4081486,.13953826
1325,1,1.3300077,.13953826
1326,0,2.1044402,0
1326,1,2.1352689,0
1327,0,1.9955151,0
1327,1,2.1474833,0
1328,0,1.3585064,.91573244
1328,1,1.4520957,.91573244
1329,0,2.8061187,.41338462
1329,1,2.6902719,.41338462
1330,0,.8902598,.48088387
1330,1,.83616209,.48088387
1331,0,-.52177346,.76287389
1331,1,-.088419437,.76287389
1332,0,-.0071284324,.21339893
1332,1,-.30488163,.21339893
1333,0,2.1945932,.53113103
1333,1,2.6269681,.53113103
1334,0,.4484778,.13566656
1334,1,1.2037847,.13566656
1335,0,.5111838,0
1335,1,.36701056,0
1336,0,1.8915102,.31114978
1336,1,1.0119462,.31114978
1337,0,2.6654267,.8481707
1337,1,3.219955,.8481707
1338,0,-.86531258,.33242729
1338,1,.20660093,.33242729
1339,0,1.0458224,0
1339,1,1.6587495,0
1340,0,.18256328,.74702656
1340,1,.9611221,.74702656
1341,0,1.1395166,.084957242
1341,1,.64727086,.084957242
1342,0,2.5347095,.063046619
1342,1,1.7386686,.063046619
1343,0,2.7946851,.75989467
1343,1,3.5053735,.75989467
1344,0,3.580456,.33925909
1344,1,3.8883092,.33925909
1345,0,1.6567427,.12684219
1345,1,1.6619475,.12684219
1346,0,3.0826185,.10465564
1346,1,3.0431576,.10465564
1347,0,3.2353094,.89135891
1347,1,3.5440485,.89135891
1348,0,3.6274996,.059674446
1348,1,3.0789239,.059674446
1349,0,.52391762,0
1349,1,.24243931,0
1350,0,2.97119,.31689137
1350,1,3.0435982,.31689137
1351,0,2.8648763,0
1351,1,2.4939549,0
1352,0,2.2289968,.022905769
1352,1,2.5081377,.022905769
1353,0,3.3547521,.27591383
1353,1,2.8241758,.27591383
1354,0,1.8664818,.69286162
1354,1,2.540225,.69286162
1355,0,1.582702,.52163285
1355,1,1.6391463,.52163285
1356,0,1.3971417,.34012407
1356,1,1.1259911,.34012407
1357,0,2.7514758,.43149295
1357,1,2.5498569,.43149295
1358,0,3.0524707,0
1358,1,3.7403538,0
1359,0,3.2647345,.83401769
1359,1,3.4969809,.83401769
1360,0,1.9291009,.42470267
1360,1,1.8660772,.42470267
1361,0,.6203056,0
1361,1,.683999,0
1362,0,4.1387134,.048356537
1362,1,3.7074976,.048356537
1363,0,.71549374,.88031137
1363,1,1.2589502,.88031137
1364,0,2.5059457,.47216019
1364,1,3.105613,.47216019
1365,0,.28236675,0
1365,1,.75306433,0
1366,0,2.6920328,.0041061384
1366,1,2.9458315,.0041061384
1367,0,2.6004927,.76029682
1367,1,2.3320594,.76029682
1368,0,1.9130968,0
1368,1,2.1549132,0
1369,0,.084200576,.57647806
1369,1,.91323823,.57647806
1370,0,1.8697983,0
1370,1,1.0826893,0
1371,0,1.3817446,0
1371,1,1.3967659,0
1372,0,2.0138924,.98386604
1372,1,2.839556,.98386604
1373,0,2.1903415,.531443
1373,1,2.6846015,.531443
1374,0,1.0543679,.8072648
1374,1,2.0630867,.8072648
1375,0,-.092906654,.85700727
1375,1,.18440804,.85700727
1376,0,1.9126089,0
1376,1,1.3640473,0
1377,0,2.8573916,.28134024
1377,1,2.9486353,.28134024
1378,0,2.1719899,.35911798
1378,1,3.6823218,.35911798
1379,0,1.8093393,.31386298
1379,1,1.8203599,.31386298
1380,0,1.8172374,.39526761
1380,1,2.1641095,.39526761
1381,0,1.556419,0
1381,1,1.5496933,0
1382,0,.5130291,.89469784
1382,1,.97713792,.89469784
1383,0,2.4529157,.15110533
1383,1,2.0699997,.15110533
1384,0,.43212217,.59441578
1384,1,1.4756316,.59441578
1385,0,.51192695,.5670315
1385,1,1.0598183,.5670315
1386,0,.85450345,.23791689
1386,1,.82476723,.23791689
1387,0,-1.5472956,.33987528
1387,1,-1.2372148,.33987528
1388,0,.98085845,.40607068
1388,1,1.2905861,.40607068
1389,0,2.7499619,.33755746
1389,1,2.8408585,.33755746
1390,0,2.5344772,0
1390,1,2.222446,0
1391,0,.51886106,.53402358
1391,1,.96172369,.53402358
1392,0,2.7772505,.71432519
1392,1,2.6143703,.71432519
1393,0,2.8599286,.13867056
1393,1,2.8503876,.13867056
1394,0,3.038929,.070578896
1394,1,2.2253437,.070578896
1395,0,2.1459846,0
1395,1,2.3917146,0
1396,0,2.8035245,.83441353
1396,1,3.7280273,.83441353
1397,0,3.3090105,0
1397,1,3.0279322,0
1398,0,1.2756846,.26641113
1398,1,.81108952,.26641113
1399,0,2.6626191,.76042449
1399,1,3.4856951,.76042449
1400,0,2.3625791,.023145147
1400,1,2.5582745,.023145147
1401,0,1.4258745,.941912
1401,1,1.9378015,.941912
1402,0,.87214029,.31310087
1402,1,1.846314,.31310087
1403,0,.1008327,.19398674
1403,1,1.1696324,.19398674
1404,0,1.3117257,0
1404,1,.88157862,0
1405,0,3.7734609,.398597
1405,1,3.9176233,.398597
1406,0,3.0464473,.55085301
1406,1,3.3519287,.55085301
1407,0,2.3423612,.98298502
1407,1,3.144778,.98298502
1408,0,.86739826,.93024319
1408,1,1.4687518,.93024319
1409,0,2.570452,.19587712
1409,1,2.8959968,.19587712
1410,0,2.6325903,0
1410,1,2.741523,0
1411,0,1.4688101,.041451424
1411,1,1.6038271,.041451424
1412,0,2.3475597,.73164225
1412,1,2.8547685,.73164225
1413,0,3.0067663,.098937586
1413,1,3.0980756,.098937586
1414,0,1.4022253,.33364353
1414,1,.76866579,.33364353
1415,0,1.7504708,.68174994
1415,1,2.4075646,.68174994
1416,0,1.5872449,.36996597
1416,1,1.1240112,.36996597
1417,0,3.4987392,.43777305
1417,1,3.2810478,.43777305
1418,0,2.4091032,.1132154
1418,1,2.6016521,.1132154
1419,0,2.9339521,.18716525
1419,1,2.7051771,.18716525
1420,0,1.0592986,.0070807184
1420,1,1.3186899,.0070807184
1421,0,.19860026,.34388059
1421,1,.27523905,.34388059
1422,0,.92973375,.30902252
1422,1,.92772007,.30902252
1423,0,1.230171,.12780617
1423,1,1.1933068,.12780617
1424,0,1.4530947,.94244373
1424,1,1.9904422,.94244373
1425,0,2.4713516,.77801639
1425,1,3.1155827,.77801639
1426,0,1.1074497,.36201069
1426,1,1.4610459,.36201069
1427,0,1.6555736,.38018712
1427,1,1.7507607,.38018712
1428,0,.71063572,.055569332
1428,1,.67596346,.055569332
1429,0,1.3627983,.49725878
1429,1,2.2588718,.49725878
1430,0,1.7723542,.70856696
1430,1,1.4322094,.70856696
1431,0,2.5596128,.021741826
1431,1,2.5868301,.021741826
1432,0,2.0350151,0
1432,1,2.2494247,0
1433,0,2.1885271,.035055686
1433,1,2.2811131,.035055686
1434,0,.91395187,.57799935
1434,1,1.1971217,.57799935
1435,0,3.7203686,0
1435,1,3.492563,0
1436,0,1.6093581,.60144031
1436,1,.59551096,.60144031
1437,0,1.4750173,0
1437,1,.66119283,0
1438,0,.96230543,.0060657416
1438,1,.74693781,.0060657416
1439,0,3.1434937,.2929967
1439,1,3.2790446,.2929967
1440,0,1.5473003,.59452778
1440,1,1.3757505,.59452778
1441,0,3.0915613,.79217947
1441,1,2.8944058,.79217947
1442,0,1.6417148,.62933207
1442,1,.59971464,.62933207
1443,0,1.5793848,.428482
1443,1,1.3417128,.428482
1444,0,2.3844113,.95412332
1444,1,3.0146046,.95412332
1445,0,3.5034139,.87710285
1445,1,3.634093,.87710285
1446,0,-.32333964,.79677087
1446,1,.023876874,.79677087
1447,0,-.23146805,.83530647
1447,1,.53627789,.83530647
1448,0,2.4077709,0
1448,1,2.2672184,0
1449,0,3.2543185,.77036881
1449,1,3.7117343,.77036881
1450,0,1.9733258,.97366577
1450,1,1.6939874,.97366577
1451,0,2.4268141,.4790504
1451,1,2.5924366,.4790504
1452,0,1.4684446,.026621997
1452,1,1.6428885,.026621997
1453,0,2.8468192,.79237002
1453,1,2.4811585,.79237002
1454,0,2.9684138,0
1454,1,2.8128655,0
1455,0,1.948532,0
1455,1,1.3174704,0
1456,0,2.3476093,.74542433
1456,1,3.2973809,.74542433
1457,0,2.540791,0
1457,1,2.3532615,0
1458,0,2.2560909,0
1458,1,1.906395,0
1459,0,1.5908757,0
1459,1,1.8667126,0
1460,0,.23286435,0
1460,1,.33664161,0
1461,0,.10497749,.59777689
1461,1,.55950117,.59777689
1462,0,1.8642521,.3893832
1462,1,2.4361877,.3893832
1463,0,3.3295488,.64991719
1463,1,3.2788279,.64991719
1464,0,3.267935,.23154651
1464,1,3.4955831,.23154651
1465,0,1.9451164,.52902108
1465,1,2.6150429,.52902108
1466,0,.23272681,.72054201
1466,1,.45901108,.72054201
1467,0,1.2515073,.1688766
1467,1,1.2015653,.1688766
1468,0,2.5249414,.99944359
1468,1,3.3833854,.99944359
1469,0,1.5350502,.891298
1469,1,1.9326978,.891298
1470,0,-.18912078,.15531632
1470,1,-.41210014,.15531632
1471,0,2.4634104,.62863111
1471,1,3.2628593,.62863111
1472,0,2.5748353,.32182738
1472,1,2.200084,.32182738
1473,0,1.4743607,.87051189
1473,1,2.4197409,.87051189
1474,0,3.2703357,.99367231
1474,1,3.5791132,.99367231
1475,0,1.7133478,0
1475,1,1.7861375,0
1476,0,2.323555,.74180448
1476,1,2.5222526,.74180448
1477,0,1.7666807,0
1477,1,1.4846314,0
1478,0,2.6676154,.82803363
1478,1,2.7070479,.82803363
1479,0,3.3107696,.24795866
1479,1,3.4645503,.24795866
1480,0,4.1216383,0
1480,1,3.8872497,0
1481,0,2.9384751,.51557738
1481,1,3.2593338,.51557738
1482,0,1.4399047,.07246688
1482,1,1.5116062,.07246688
1483,0,2.5615325,.043399956
1483,1,2.4261208,.043399956
1484,0,1.8757849,.33006895
1484,1,1.5426112,.33006895
1485,0,.34982055,.72183257
1485,1,1.117129,.72183257
1486,0,2.3814008,.87814415
1486,1,2.5771368,.87814415
1487,0,4.1529465,.81524551
1487,1,4.5071192,.81524551
1488,0,3.2933562,.88774067
1488,1,3.2801175,.88774067
1489,0,1.6016788,.93021089
1489,1,2.8354206,.93021089
1490,0,2.5347388,.74474347
1490,1,2.4424562,.74474347
1491,0,1.2481875,.73046809
1491,1,1.6215279,.73046809
1492,0,.087350234,.044860002
1492,1,.10367475,.044860002
1493,0,.77205974,.34763971
1493,1,.78618652,.34763971
1494,0,1.5396481,.70844448
1494,1,1.6551477,.70844448
1495,0,2.7080276,.52807087
1495,1,2.7209549,.52807087
1496,0,2.4418058,.13344494
1496,1,3.0588696,.13344494
1497,0,3.3533821,.55953038
1497,1,4.3493114,.55953038
1498,0,.54476821,.16450047
1498,1,.70806915,.16450047
1499,0,.62413728,0
1499,1,.4795858,0
1500,0,2.513664,.76015377
1500,1,3.2494392,.76015377
1501,0,2.4033363,.74296778
1501,1,2.630528,.74296778
1502,0,1.7729635,0
1502,1,1.6659918,0
1503,0,1.3973964,0
1503,1,.69558609,0
1504,0,3.4090199,.39168516
1504,1,3.5675325,.39168516
1505,0,1.0932544,.98804373
1505,1,2.5648482,.98804373
1506,0,1.0862731,.78674966
1506,1,1.9253144,.78674966
1507,0,.28562188,.49104607
1507,1,.40858939,.49104607
1508,0,2.4805562,.16451186
1508,1,2.9052811,.16451186
1509,0,2.0664177,0
1509,1,2.6255732,0
1510,0,1.841982,0
1510,1,1.9133739,0
1511,0,1.5613357,.84698015
1511,1,2.5658047,.84698015
1512,0,-.070906326,0
1512,1,-.1793474,0
1513,0,3.0238569,.61838913
1513,1,2.8165741,.61838913
1514,0,2.314538,.21807298
1514,1,2.1137891,.21807298
1515,0,2.3552074,.44460532
1515,1,2.0243564,.44460532
1516,0,2.864392,.66200507
1516,1,3.2854927,.66200507
1517,0,3.3148651,.27136755
1517,1,3.4555678,.27136755
1518,0,2.8819396,.70125908
1518,1,3.3729968,.70125908
1519,0,3.462374,0
1519,1,3.7703547,0
1520,0,2.0089607,.18145531
1520,1,2.023452,.18145531
1521,0,3.3433576,.95946157
1521,1,4.5805159,.95946157
1522,0,2.1647158,.71653438
1522,1,2.4285259,.71653438
1523,0,2.6996202,0
1523,1,2.1072459,0
1524,0,1.7155099,.82081956
1524,1,1.8220406,.82081956
1525,0,1.5944574,.73550379
1525,1,2.2807345,.73550379
1526,0,2.0526102,.10116579
1526,1,1.6325768,.10116579
1527,0,.53526902,.85568571
1527,1,.6434561,.85568571
1528,0,2.5873656,0
1528,1,2.2385373,0
1529,0,2.4593434,.1080455
1529,1,2.7915916,.1080455
1530,0,1.2826753,0
1530,1,1.5037549,0
1531,0,1.7460861,.24453396
1531,1,2.8420608,.24453396
1532,0,1.6072289,.2255394
1532,1,1.5038474,.2255394
1533,0,1.1908031,.89483058
1533,1,1.723453,.89483058
1534,0,3.398334,0
1534,1,3.0264959,0
1535,0,1.4672458,.33210739
1535,1,1.7695541,.33210739
1536,0,4.431201,.43077871
1536,1,4.6918244,.43077871
1537,0,1.6429861,0
1537,1,1.6741675,0
1538,0,.73388195,.40673253
1538,1,.8928296,.40673253
1539,0,1.7154005,.53323483
1539,1,2.8463869,.53323483
1540,0,2.9142582,.33191907
1540,1,3.0557332,.33191907
1541,0,1.6633806,.60124278
1541,1,1.6944549,.60124278
1542,0,2.9833179,0
1542,1,2.6193371,0
1543,0,1.8723813,.69373608
1543,1,2.2559648,.69373608
1544,0,.93184668,.01050981
1544,1,1.0211086,.01050981
1545,0,.31853843,0
1545,1,.21353725,0
1546,0,3.4437029,0
1546,1,3.7539074,0
1547,0,3.5455549,.781151
1547,1,4.1621652,.781151
1548,0,2.1393533,.21385522
1548,1,1.6978827,.21385522
1549,0,1.4567053,.037746742
1549,1,1.7775203,.037746742
1550,0,2.9533741,.62743425
1550,1,3.2208567,.62743425
1551,0,1.7230722,.52443165
1551,1,2.2495182,.52443165
1552,0,.4915452,.76966536
1552,1,.92926145,.76966536
1553,0,2.5145555,0
1553,1,3.4216676,0
1554,0,.90221703,.29120028
1554,1,1.6794608,.29120028
1555,0,1.1112589,.97323447
1555,1,1.679945,.97323447
1556,0,4.4508219,.7070871
1556,1,4.2721004,.7070871
1557,0,1.5737354,.92353505
1557,1,2.0018725,.92353505
1558,0,2.3882861,.41371799
1558,1,2.6085346,.41371799
1559,0,3.1678402,.2968207
1559,1,2.9561114,.2968207
1560,0,1.6199337,.26468015
1560,1,1.7028496,.26468015
1561,0,1.2088884,.40193874
1561,1,.70821691,.40193874
1562,0,4.090137,.23465054
1562,1,3.3018618,.23465054
1563,0,1.5099248,0
1563,1,1.7138748,0
1564,0,.13567068,.064058289
1564,1,.25542542,.064058289
1565,0,3.368592,.35941079
1565,1,3.6430392,.35941079
1566,0,.65005189,.67828906
1566,1,1.6802408,.67828906
1567,0,2.6368043,.261287
1567,1,2.5778866,.261287
1568,0,1.1890149,.25582033
1568,1,1.1629486,.25582033
1569,0,2.5153406,.33838287
1569,1,2.6206338,.33838287
1570,0,1.7424819,.29405054
1570,1,1.3962522,.29405054
1571,0,.61225057,.60261542
1571,1,.33983982,.60261542
1572,0,2.714035,.48815736
1572,1,2.742697,.48815736
1573,0,2.3402216,.0017699981
1573,1,2.8291855,.0017699981
1574,0,2.5618994,.66140556
1574,1,2.4964359,.66140556
1575,0,2.8875928,.23577861
1575,1,3.4986908,.23577861
1576,0,1.3357265,.56161565
1576,1,2.1703768,.56161565
1577,0,1.1899459,.067559429
1577,1,.84339607,.067559429
1578,0,1.9979694,.63164091
1578,1,2.2719555,.63164091
1579,0,2.4515507,.72093868
1579,1,2.9992251,.72093868
1580,0,2.3689425,0
1580,1,2.5608773,0
1581,0,2.6161168,.45449057
1581,1,2.4786408,.45449057
1582,0,-.18614587,.98022401
1582,1,1.2376709,.98022401
1583,0,1.4009595,.23827179
1583,1,1.4694487,.23827179
1584,0,3.3904722,.57381546
1584,1,3.4530985,.57381546
1585,0,.60684192,.65036589
1585,1,.69736123,.65036589
1586,0,1.1927652,.27933049
1586,1,1.6206977,.27933049
1587,0,2.5816972,.442099
1587,1,2.2518015,.442099
1588,0,-.1186804,.35235181
1588,1,-.48139641,.35235181
1589,0,1.9919817,.049069125
1589,1,1.8883759,.049069125
1590,0,5.2672734,.79582095
1590,1,6.4023919,.79582095
1591,0,1.3440013,.3914513
1591,1,2.0241976,.3914513
1592,0,.30391252,0
1592,1,.79899836,0
1593,0,1.9536057,.56061471
1593,1,2.2091813,.56061471
1594,0,.94659686,.24791254
1594,1,1.555683,.24791254
1595,0,1.2011173,0
1595,1,1.7340379,0
1596,0,2.0494373,.8704561
1596,1,2.0637894,.8704561
1597,0,.73787957,.84316057
1597,1,.88314521,.84316057
1598,0,2.0720954,.47253472
1598,1,2.0950379,.47253472
1599,0,1.7445213,.94106579
1599,1,2.3858688,.94106579
1600,0,1.4642555,.42749014
1600,1,.72822845,.42749014
1601,0,1.6058803,0
1601,1,1.3192571,0
1602,0,.70673096,.18697378
1602,1,1.2394484,.18697378
1603,0,1.3940454,0
1603,1,1.4676094,0
1604,0,3.0553761,.11513888
1604,1,3.5079195,.11513888
1605,0,1.1017128,0
1605,1,1.309598,0
1606,0,2.4082587,.78218156
1606,1,2.7740796,.78218156
1607,0,1.2286463,.22118619
1607,1,1.0102019,.22118619
1608,0,2.2699904,.11735037
1608,1,1.941633,.11735037
1609,0,1.6436486,.46305016
1609,1,2.2845964,.46305016
1610,0,.87342274,.47030985
1610,1,.93088931,.47030985
1611,0,3.0209396,0
1611,1,2.1513641,0
1612,0,3.8146634,.73581827
1612,1,4.6420074,.73581827
1613,0,.90722984,.54518139
1613,1,1.0433959,.54518139
1614,0,4.1699343,0
1614,1,3.7409904,0
1615,0,2.8621449,.8519752
1615,1,2.4947724,.8519752
1616,0,1.1192775,.47237808
1616,1,1.5347259,.47237808
1617,0,3.4308572,.053236287
1617,1,3.3234019,.053236287
1618,0,1.9639405,.17792487
1618,1,2.1332655,.17792487
1619,0,1.9868519,.36019489
1619,1,1.9788889,.36019489
1620,0,2.3123832,0
1620,1,2.4404633,0
1621,0,1.5613384,.091835618
1621,1,1.8948593,.091835618
1622,0,1.4874498,.26270419
1622,1,1.8756886,.26270419
1623,0,3.5677605,.64681447
1623,1,3.3282492,.64681447
1624,0,1.910264,.12405934
1624,1,1.9161983,.12405934
1625,0,2.3765895,.94722998
1625,1,3.0964491,.94722998
1626,0,1.5817504,.21866105
1626,1,2.9409955,.21866105
1627,0,1.8407578,.88941574
1627,1,2.3308179,.88941574
1628,0,4.2117586,0
1628,1,4.5248885,0
1629,0,4.0924964,.00699104
1629,1,3.6201763,.00699104
1630,0,-.79366744,.55454808
1630,1,-.23860721,.55454808
1631,0,1.0139507,.32672024
1631,1,1.087754,.32672024
1632,0,4.2946901,.44161415
1632,1,3.9919953,.44161415
1633,0,2.8985081,.89176095
1633,1,3.2169929,.89176095
1634,0,2.9280365,.13475838
1634,1,2.8810568,.13475838
1635,0,1.6364622,.67866379
1635,1,1.2058141,.67866379
1636,0,2.2084692,0
1636,1,1.9498724,0
1637,0,1.0551791,.76566768
1637,1,1.9754856,.76566768
1638,0,.7299664,.80622941
1638,1,.88723999,.80622941
1639,0,1.8668947,.54090041
1639,1,2.3497841,.54090041
1640,0,.93398225,.79251146
1640,1,1.3520746,.79251146
1641,0,2.7858696,.078843631
1641,1,2.5362952,.078843631
1642,0,1.3417528,.36807063
1642,1,1.9250289,.36807063
1643,0,1.9785166,0
1643,1,1.1146834,0
1644,0,1.4347551,.0075493855
1644,1,1.3308012,.0075493855
1645,0,2.2336473,.030430879
1645,1,2.1769321,.030430879
1646,0,1.0326062,.24873307
1646,1,1.4467841,.24873307
1647,0,.69602883,.36864018
1647,1,1.5091817,.36864018
1648,0,2.357892,.56098104
1648,1,2.1530383,.56098104
1649,0,1.1720049,.83912069
1649,1,1.3508341,.83912069
1650,0,-1.0681242,0
1650,1,-.77678001,0
1651,0,1.8007305,0
1651,1,1.7486192,0
1652,0,2.9433568,0
1652,1,2.5139251,0
1653,0,2.5431437,.72476953
1653,1,2.3514106,.72476953
1654,0,3.1160283,.60184783
1654,1,3.9189501,.60184783
1655,0,1.1512285,.46352154
1655,1,1.6412982,.46352154
1656,0,.80262792,.32761881
1656,1,1.471747,.32761881
1657,0,1.7819104,.26629522
1657,1,2.1073465,.26629522
1658,0,1.8713573,0
1658,1,1.587105,0
1659,0,1.7371393,.32015151
1659,1,1.8696831,.32015151
1660,0,3.1460698,0
1660,1,2.2031684,0
1661,0,3.4015217,.074715912
1661,1,2.9226284,.074715912
1662,0,2.2507834,.88722616
1662,1,2.8512411,.88722616
1663,0,3.4240446,.67243266
1663,1,3.9574175,.67243266
1664,0,.87004369,0
1664,1,1.7007207,0
1665,0,4.5752358,.030210232
1665,1,4.1872106,.030210232
1666,0,2.0416594,.40836069
1666,1,2.2163355,.40836069
1667,0,2.763329,.90559757
1667,1,3.3469212,.90559757
1668,0,1.2704096,.8222127
1668,1,1.0538492,.8222127
1669,0,1.6253771,.45568672
1669,1,1.8595111,.45568672
1670,0,2.1480997,.91558725
1670,1,2.9427257,.91558725
1671,0,2.1312749,.1996077
1671,1,2.5997524,.1996077
1672,0,1.2735645,.69703823
1672,1,2.3821745,.69703823
1673,0,1.9842035,.09913183
1673,1,1.6044607,.09913183
1674,0,2.6435313,0
1674,1,2.1908686,0
1675,0,.3438499,.93413621
1675,1,1.1587877,.93413621
1676,0,2.766952,.44500369
1676,1,2.753237,.44500369
1677,0,2.05302,.35715213
1677,1,1.8818926,.35715213
1678,0,2.2983129,.48522705
1678,1,2.2728815,.48522705
1679,0,2.4483752,.086797819
1679,1,2.8999205,.086797819
1680,0,2.0332415,.54512835
1680,1,1.8233831,.54512835
1681,0,2.1818507,.78695679
1681,1,2.5183141,.78695679
1682,0,.31402361,.70550907
1682,1,1.293395,.70550907
1683,0,1.9603584,.20783354
1683,1,2.3765783,.20783354
1684,0,.97539264,0
1684,1,.67564899,0
1685,0,3.1139541,.46005726
1685,1,3.1242003,.46005726
1686,0,.35110289,.80308247
1686,1,.51667178,.80308247
1687,0,3.2608943,0
1687,1,3.0988779,0
1688,0,.59309685,.54301453
1688,1,.43864244,.54301453
1689,0,.18841369,.35159796
1689,1,.28431052,.35159796
1690,0,1.2801988,.23173961
1690,1,1.1875685,.23173961
1691,0,2.1589031,.40422055
1691,1,1.3403124,.40422055
1692,0,3.949172,.29083681
1692,1,3.7443414,.29083681
1693,0,2.2707005,0
1693,1,2.0718489,0
1694,0,1.6394345,.34450325
1694,1,1.2798411,.34450325
1695,0,2.5890508,0
1695,1,2.5189848,0
1696,0,.93079877,0
1696,1,.98993653,0
1697,0,1.6398114,.71948212
1697,1,2.3655574,.71948212
1698,0,2.0550349,0
1698,1,2.3631392,0
1699,0,.23791538,.74743575
1699,1,.79710758,.74743575
1700,0,1.124676,.13060515
1700,1,.87021995,.13060515
1701,0,.61212933,.69361043
1701,1,1.3265587,.69361043
1702,0,1.738095,.91317725
1702,1,2.2195375,.91317725
1703,0,1.3538467,.15195283
1703,1,1.3746496,.15195283
1704,0,1.2755516,.011885759
1704,1,1.267262,.011885759
1705,0,1.7483034,0
1705,1,1.6013654,0
1706,0,2.4105673,.66789335
1706,1,2.7901821,.66789335
1707,0,3.1914799,.23039261
1707,1,3.3847198,.23039261
1708,0,2.038254,.32123926
1708,1,2.1408863,.32123926
1709,0,1.9385064,.94142544
1709,1,2.1971347,.94142544
1710,0,2.4668071,.061236586
1710,1,2.314615,.061236586
1711,0,.16612262,.51699549
1711,1,.70565689,.51699549
1712,0,.68672967,0
1712,1,1.6089268,0
1713,0,2.4726329,.6091935
1713,1,2.2658944,.6091935
1714,0,1.9051374,.99777371
1714,1,1.7717379,.99777371
1715,0,2.5762899,.41891313
1715,1,2.2512851,.41891313
1716,0,1.1449144,.90853167
1716,1,1.9597671,.90853167
1717,0,2.3689458,.54690218
1717,1,2.4000525,.54690218
1718,0,2.6577673,0
1718,1,2.2775681,0
1719,0,-.13882327,.083675511
1719,1,.39305499,.083675511
1720,0,1.2472506,.93562311
1720,1,1.5404112,.93562311
1721,0,3.1435258,.33683208
1721,1,2.1843486,.33683208
1722,0,3.0274148,.72869319
1722,1,2.9455063,.72869319
1723,0,2.9483888,.42555246
1723,1,3.0842454,.42555246
1724,0,2.5167882,.68450785
1724,1,2.6072552,.68450785
1725,0,1.5440209,.69618326
1725,1,2.1933756,.69618326
1726,0,3.3242824,0
1726,1,3.3540478,0
1727,0,2.6181912,.61389887
1727,1,2.9093947,.61389887
1728,0,1.9259472,.066025071
1728,1,1.9072719,.066025071
1729,0,2.0621874,.69731963
1729,1,2.9514148,.69731963
1730,0,1.674659,.60433739
1730,1,1.802982,.60433739
1731,0,2.2991219,.87114888
1731,1,3.1141882,.87114888
1732,0,2.2493961,.58705658
1732,1,1.8922596,.58705658
1733,0,3.3188851,.99790317
1733,1,2.7689383,.99790317
1734,0,2.0747612,0
1734,1,1.7408292,0
1735,0,1.7869203,0
1735,1,1.5755661,0
1736,0,1.6689435,.99164242
1736,1,2.3745446,.99164242
1737,0,2.0514734,.18765369
1737,1,2.542104,.18765369
1738,0,1.6807916,0
1738,1,1.3512846,0
1739,0,1.8826594,.90303773
1739,1,2.4852192,.90303773
1740,0,3.0565829,0
1740,1,2.4236379,0
1741,0,3.107338,.72970182
1741,1,3.0315912,.72970182
1742,0,1.0605681,.54324973
1742,1,1.7823476,.54324973
1743,0,4.7130518,.33070236
1743,1,4.1889024,.33070236
1744,0,1.4869577,.48595616
1744,1,1.8099608,.48595616
1745,0,1.8621956,.5532276
1745,1,1.7427721,.5532276
1746,0,1.0932052,.69781357
1746,1,1.2419728,.69781357
1747,0,2.3359735,.016261339
1747,1,2.9144013,.016261339
1748,0,3.01792,.95979708
1748,1,3.0104697,.95979708
1749,0,5.0721817,.89871943
1749,1,5.4761987,.89871943
1750,0,1.5424092,.34888089
1750,1,1.5400891,.34888089
1751,0,2.4347003,.43714863
1751,1,2.9546447,.43714863
1752,0,3.1833625,.30929989
1752,1,3.8953435,.30929989
1753,0,1.8258299,0
1753,1,1.7113581,0
1754,0,.4740333,.82516962
1754,1,.64867377,.82516962
1755,0,.92111063,.28725621
1755,1,1.0466301,.28725621
1756,0,1.5201166,.16159499
1756,1,1.5571891,.16159499
1757,0,4.1629171,.069847137
1757,1,4.6457767,.069847137
1758,0,3.1199269,0
1758,1,2.5814934,0
1759,0,2.37497,.0097010508
1759,1,3.002188,.0097010508
1760,0,3.2500212,0
1760,1,3.6122787,0
1761,0,3.5323565,.7064665
1761,1,3.5048499,.7064665
1762,0,.56646109,.3985332
1762,1,1.303074,.3985332
1763,0,1.5654911,.93292159
1763,1,1.6862811,.93292159
1764,0,3.367451,.59159464
1764,1,3.9257851,.59159464
1765,0,2.862473,.14746571
1765,1,3.1098616,.14746571
1766,0,.55327451,.8088541
1766,1,.96636784,.8088541
1767,0,2.9867313,.5645678
1767,1,3.4833903,.5645678
1768,0,1.4439352,.84958255
1768,1,2.00683,.84958255
1769,0,1.723913,0
1769,1,1.9104673,0
1770,0,2.1375241,.7003212
1770,1,1.9112605,.7003212
1771,0,3.0183084,.65833783
1771,1,3.1832843,.65833783
1772,0,2.1214762,.011206558
1772,1,2.1908355,.011206558
1773,0,1.7177888,0
1773,1,1.9255339,0
1774,0,3.3688872,.56086743
1774,1,3.840481,.56086743
1775,0,1.8590611,.68821967
1775,1,1.7702129,.68821967
1776,0,1.4286652,0
1776,1,1.551887,0
1777,0,1.03343,.031956494
1777,1,.66179603,.031956494
1778,0,2.6564047,.33715665
1778,1,2.9161603,.33715665
1779,0,1.6237469,.87759107
1779,1,1.502607,.87759107
1780,0,.91257715,.34159979
1780,1,1.1731566,.34159979
1781,0,3.05586,.029798081
1781,1,3.0756807,.029798081
1782,0,3.4496429,.27453917
1782,1,2.8989184,.27453917
1783,0,2.4601984,.81876123
1783,1,2.8616383,.81876123
1784,0,3.9111786,.088870078
1784,1,3.6615949,.088870078
1785,0,2.0554166,0
1785,1,1.7719574,0
1786,0,2.6213741,.11619596
1786,1,2.1924071,.11619596
1787,0,.76989669,.45312384
1787,1,1.2416867,.45312384
1788,0,1.4176253,.23894577
1788,1,1.6757538,.23894577
1789,0,.59629297,.57239264
1789,1,1.3683016,.57239264
1790,0,2.2292726,.26468319
1790,1,2.6935203,.26468319
1791,0,1.3955805,.5088132
1791,1,2.151803,.5088132
1792,0,1.7809359,.33209866
1792,1,1.9936323,.33209866
1793,0,1.6750218,.38793561
1793,1,2.0293772,.38793561
1794,0,.70419699,.67223465
1794,1,1.7275043,.67223465
1795,0,2.319123,.80765694
1795,1,2.7467141,.80765694
1796,0,2.560405,.76490992
1796,1,2.064244,.76490992
1797,0,.74709558,.18013234
1797,1,.16739985,.18013234
1798,0,1.6153269,0
1798,1,1.8924839,0
1799,0,.10777451,.29359564
1799,1,.2795586,.29359564
1800,0,1.9944611,0
1800,1,2.3344097,0
1801,0,3.5108485,.98722875
1801,1,3.7060747,.98722875
1802,0,1.0219605,.39092115
1802,1,1.9189177,.39092115
1803,0,1.3245406,.76399958
1803,1,1.5323484,.76399958
1804,0,1.3226418,0
1804,1,.97426796,0
1805,0,4.0248327,.1843196
1805,1,4.2348809,.1843196
1806,0,2.0939443,.74715155
1806,1,2.0462937,.74715155
1807,0,1.8672938,.59382552
1807,1,2.4215174,.59382552
1808,0,3.367671,.81073225
1808,1,3.8146191,.81073225
1809,0,4.1986732,0
1809,1,3.8636355,0
1810,0,.86282593,.49768388
1810,1,2.1487429,.49768388
1811,0,3.0587745,.69791776
1811,1,3.4721544,.69791776
1812,0,3.2179205,.70779037
1812,1,3.5345628,.70779037
1813,0,3.1605656,.43788195
1813,1,2.7428236,.43788195
1814,0,.216043,.094038107
1814,1,.095315352,.094038107
1815,0,1.0897563,.082310408
1815,1,.62333441,.082310408
1816,0,3.3960061,0
1816,1,3.3131185,0
1817,0,1.7557155,.42974842
1817,1,1.4765741,.42974842
1818,0,1.8114662,.51050073
1818,1,2.7944343,.51050073
1819,0,.47339317,.26535892
1819,1,.077321239,.26535892
1820,0,1.7285662,.60929686
1820,1,2.6137414,.60929686
1821,0,4.5268354,.45243645
1821,1,4.4965692,.45243645
1822,0,2.2488286,.34071884
1822,1,2.1257584,.34071884
1823,0,.9500401,.052293338
1823,1,1.599885,.052293338
1824,0,.60501438,.99553216
1824,1,1.2225388,.99553216
1825,0,1.3488812,.92205822
1825,1,1.0586629,.92205822
1826,0,1.8581945,.6700756
1826,1,2.109483,.6700756
1827,0,2.6413891,.59396797
1827,1,2.4256253,.59396797
1828,0,1.97752,.019543085
1828,1,1.8902977,.019543085
1829,0,1.5128832,.69570822
1829,1,2.5859425,.69570822
1830,0,.77199554,.36349124
1830,1,.74941814,.36349124
1831,0,1.0518607,.29824609
1831,1,1.0539016,.29824609
1832,0,1.8323662,.46009335
1832,1,2.7503512,.46009335
1833,0,.18601409,.11242153
1833,1,.38326016,.11242153
1834,0,2.5133483,.81628293
1834,1,3.1996527,.81628293
1835,0,1.7680147,.76736635
1835,1,1.7662456,.76736635
1836,0,2.0083005,0
1836,1,2.3522916,0
1837,0,3.477963,.2643432
1837,1,3.5678258,.2643432
1838,0,1.6804281,.035924174
1838,1,1.8687673,.035924174
1839,0,2.7032483,0
1839,1,2.9777339,0
1840,0,1.927215,0
1840,1,1.5806893,0
1841,0,1.4396257,.60337681
1841,1,1.4918711,.60337681
1842,0,1.9609349,.14216951
1842,1,2.2510023,.14216951
1843,0,2.6982131,.11678349
1843,1,2.947192,.11678349
1844,0,3.2466669,.25090674
1844,1,2.667033,.25090674
1845,0,-.088409923,0
1845,1,-.32829463,0
1846,0,2.3923404,.55294722
1846,1,2.9591763,.55294722
1847,0,-.17284173,.21686897
1847,1,-.74062055,.21686897
1848,0,1.375078,.35877368
1848,1,2.2020221,.35877368
1849,0,1.5866646,.25348943
1849,1,2.3566964,.25348943
1850,0,1.5225464,.0915085
1850,1,1.7531891,.0915085
1851,0,2.3403697,0
1851,1,2.0983713,0
1852,0,2.5598686,.24285735
1852,1,2.3838353,.24285735
1853,0,1.754292,0
1853,1,1.4820116,0
1854,0,2.142035,.42942464
1854,1,2.6275752,.42942464
1855,0,2.661561,0
1855,1,2.7206187,0
1856,0,-.054514527,.58333337
1856,1,.29977313,.58333337
1857,0,2.5977924,.41927034
1857,1,2.2602654,.41927034
1858,0,2.4671021,.38256493
1858,1,3.0764928,.38256493
1859,0,.90175247,.58126557
1859,1,1.2367966,.58126557
1860,0,2.4652288,0
1860,1,2.6923211,0
1861,0,2.6211498,.7931025
1861,1,2.8984303,.7931025
1862,0,.41825363,.47931436
1862,1,.68688279,.47931436
1863,0,.80593979,.22627403
1863,1,1.0432693,.22627403
1864,0,2.3531229,.36117411
1864,1,2.7302463,.36117411
1865,0,1.6320319,0
1865,1,2.1153774,0
1866,0,2.1980715,.9077329
1866,1,2.3598313,.9077329
1867,0,1.9985675,.56243151
1867,1,1.7868469,.56243151
1868,0,2.0821204,.63883936
1868,1,2.4872928,.63883936
1869,0,2.8407884,.37985808
1869,1,3.3220267,.37985808
1870,0,2.5356231,.026726393
1870,1,2.8773818,.026726393
1871,0,1.9611465,.018388828
1871,1,1.5462,.018388828
1872,0,.5447669,.71887028
1872,1,1.2432454,.71887028
1873,0,2.9942605,.023437303
1873,1,2.6291125,.023437303
1874,0,1.3974333,.0067424998
1874,1,1.4687535,.0067424998
1875,0,1.5647755,.034514371
1875,1,2.0759008,.034514371
1876,0,1.4640741,.77012998
1876,1,1.7239083,.77012998
1877,0,4.823813,.18024853
1877,1,5.1139398,.18024853
1878,0,1.27277,.81434786
1878,1,1.8905867,.81434786
1879,0,1.4743946,0
1879,1,1.2692419,0
1880,0,2.8066688,.29052994
1880,1,3.5358965,.29052994
1881,0,3.6208344,.27045581
1881,1,3.5015111,.27045581
1882,0,1.7365432,.45943037
1882,1,1.6680353,.45943037
1883,0,2.6624815,0
1883,1,2.7145944,0
1884,0,1.4568267,.17749995
1884,1,1.1869748,.17749995
1885,0,-.42509103,0
1885,1,-.28567663,0
1886,0,3.2458935,.93970466
1886,1,4.1863403,.93970466
1887,0,1.9642948,.38140202
1887,1,2.188899,.38140202
1888,0,.28832275,.9852578
1888,1,.52086282,.9852578
1889,0,3.7205224,.11474276
1889,1,3.4124236,.11474276
1890,0,1.6413627,.23816688
1890,1,1.8814217,.23816688
1891,0,1.9002098,.93111402
1891,1,2.1746209,.93111402
1892,0,2.9327471,.26884803
1892,1,2.4532838,.26884803
1893,0,1.4264139,0
1893,1,1.3980299,0
1894,0,1.9763592,.7607134
1894,1,1.9174638,.7607134
1895,0,2.9446497,.44439283
1895,1,2.171447,.44439283
1896,0,-.2622374,.29115316
1896,1,-.23453477,.29115316
1897,0,-.20465648,.82466269
1897,1,.87742972,.82466269
1898,0,3.5345745,.41491011
1898,1,3.8895278,.41491011
1899,0,1.4643931,.053166889
1899,1,1.1615381,.053166889
1900,0,4.0344849,.52595586
1900,1,3.2390711,.52595586
1901,0,1.050535,.8663553
1901,1,.95861131,.8663553
1902,0,2.2624466,0
1902,1,1.7175951,0
1903,0,2.5234756,.74061155
1903,1,3.1137881,.74061155
1904,0,3.1394808,.9198069
1904,1,3.2538745,.9198069
1905,0,2.3577914,0
1905,1,2.008337,0
1906,0,2.6189632,.5506469
1906,1,3.5032401,.5506469
1907,0,2.0561566,.47930142
1907,1,1.4147233,.47930142
1908,0,1.1400667,.36901155
1908,1,1.8179154,.36901155
1909,0,2.3773782,.94643086
1909,1,2.7003896,.94643086
1910,0,2.6953707,.52269459
1910,1,2.5752337,.52269459
1911,0,1.3067307,.93968844
1911,1,1.5950173,.93968844
1912,0,2.0386729,.91160047
1912,1,2.8461452,.91160047
1913,0,.89646429,.36549523
1913,1,1.1755282,.36549523
1914,0,1.5176183,0
1914,1,1.8531744,0
1915,0,2.7607937,.59643084
1915,1,2.8378022,.59643084
1916,0,3.7187195,.67226022
1916,1,3.5485153,.67226022
1917,0,2.6553369,.068885893
1917,1,2.3762429,.068885893
1918,0,1.4541507,0
1918,1,1.5739019,0
1919,0,1.8369155,.12614666
1919,1,2.2169776,.12614666
1920,0,1.2767256,.76606905
1920,1,1.6526754,.76606905
1921,0,1.4875603,.48089322
1921,1,1.7139074,.48089322
1922,0,1.0748116,.29775673
1922,1,1.2301012,.29775673
1923,0,2.8647294,0
1923,1,2.7283854,0
1924,0,2.0028198,.71417373
1924,1,1.9219619,.71417373
1925,0,1.3836493,.12461701
1925,1,1.8783439,.12461701
1926,0,3.3651884,.73779553
1926,1,3.780262,.73779553
1927,0,2.73365,0
1927,1,2.4739013,0
1928,0,1.0909848,.36168465
1928,1,1.5856616,.36168465
1929,0,2.4233289,.80092758
1929,1,3.0218816,.80092758
1930,0,2.1391859,0
1930,1,2.1702952,0
1931,0,2.2242703,.35117763
1931,1,1.6562266,.35117763
1932,0,.94381326,.88588274
1932,1,1.1313488,.88588274
1933,0,3.1112812,.50710464
1933,1,3.4917293,.50710464
1934,0,1.7690978,.51507473
1934,1,2.3299572,.51507473
1935,0,2.0188453,.8388586
1935,1,2.3063753,.8388586
1936,0,2.7383022,.99517936
1936,1,3.0602796,.99517936
1937,0,1.8830177,.34976733
1937,1,1.8599362,.34976733
1938,0,.99523407,.25185484
1938,1,.7527433,.25185484
1939,0,.31276137,0
1939,1,.53114092,0
1940,0,2.4445429,.16880074
1940,1,2.7146246,.16880074
1941,0,2.6128919,.87294734
1941,1,3.5400264,.87294734
1942,0,2.5516329,.72808105
1942,1,3.5689058,.72808105
1943,0,2.958061,.41302675
1943,1,4.0487452,.41302675
1944,0,2.3553245,.22477809
1944,1,1.3399827,.22477809
1945,0,2.9930918,.54812264
1945,1,3.4502809,.54812264
1946,0,2.3641677,.43724665
1946,1,2.1743374,.43724665
1947,0,1.5033545,.016121197
1947,1,.89532632,.016121197
1948,0,2.6954756,.57292706
1948,1,2.3861394,.57292706
1949,0,2.0014124,.68529809
1949,1,2.2270355,.68529809
1950,0,-.097317487,.70816636
1950,1,.31800383,.70816636
1951,0,1.5478952,.10599992
1951,1,1.7251592,.10599992
1952,0,2.7690148,0
1952,1,2.9138606,0
1953,0,1.5646801,.84051704
1953,1,1.7981275,.84051704
1954,0,2.2502027,.2066218
1954,1,1.8395845,.2066218
1955,0,3.1098557,0
1955,1,2.916671,0
1956,0,1.6820316,.82751608
1956,1,2.359369,.82751608
1957,0,2.1915329,.3887369
1957,1,2.1753063,.3887369
1958,0,1.2701011,.79304004
1958,1,2.3990967,.79304004
1959,0,1.4847169,.90433264
1959,1,1.8998146,.90433264
1960,0,3.2541459,0
1960,1,3.2479172,0
1961,0,4.1820345,.63101619
1961,1,4.5316539,.63101619
1962,0,1.3233577,.84304023
1962,1,1.659,.84304023
1963,0,3.6661718,0
1963,1,3.5280437,0
1964,0,-1.6962903,0
1964,1,-1.3158118,0
1965,0,3.3096397,.4128786
1965,1,2.6203969,.4128786
1966,0,3.1563518,.63566154
1966,1,3.5608981,.63566154
1967,0,2.5774133,.27806705
1967,1,2.4781895,.27806705
1968,0,.66568041,0
1968,1,.9504602,0
1969,0,3.7247589,.62504798
1969,1,3.7225287,.62504798
1970,0,1.3444363,0
1970,1,1.8758411,0
1971,0,1.3202139,.61957645
1971,1,1.8390616,.61957645
1972,0,1.5224091,0
1972,1,1.157077,0
1973,0,1.9846981,.24504884
1973,1,2.5167179,.24504884
1974,0,1.4261879,.1246084
1974,1,1.4792429,.1246084
1975,0,1.0473452,.33290869
1975,1,1.5784693,.33290869
1976,0,1.8474493,.116389
1976,1,2.136512,.116389
1977,0,2.7515335,.24107772
1977,1,2.0226717,.24107772
1978,0,3.084353,.50108302
1978,1,3.2169693,.50108302
1979,0,1.5567039,.011317219
1979,1,1.9343179,.011317219
1980,0,2.509583,.46489713
1980,1,2.4347959,.46489713
1981,0,2.5020106,.36367652
1981,1,3.3017602,.36367652
1982,0,3.1909194,.47580525
1982,1,3.7393689,.47580525
1983,0,.56760556,.22973865
1983,1,.58082092,.22973865
1984,0,2.1597736,.4701657
1984,1,2.4057801,.4701657
1985,0,.18292484,.16502568
1985,1,.54467237,.16502568
1986,0,5.1494937,0
1986,1,4.3843555,0
1987,0,3.2390294,.49846321
1987,1,3.8306129,.49846321
1988,0,2.8705115,.66877866
1988,1,3.5457075,.66877866
1989,0,1.6412995,.15221323
1989,1,1.6627483,.15221323
1990,0,1.6355855,.94482499
1990,1,2.4188614,.94482499
1991,0,1.8994185,.48639604
1991,1,2.4137928,.48639604
1992,0,1.5321828,.49302548
1992,1,1.3445859,.49302548
1993,0,3.1846304,.16168053
1993,1,3.5076795,.16168053
1994,0,2.6006382,.96088737
1994,1,3.1807115,.96088737
1995,0,2.4656882,0
1995,1,2.6958869,0
1996,0,2.3929632,.34524545
1996,1,2.4655862,.34524545
1997,0,1.3626457,.12173081
1997,1,1.5546954,.12173081
1998,0,1.8633574,0
1998,1,2.5785055,0
1999,0,-.14155942,.65998244
1999,1,.79181582,.65998244
2000,0,1.8012885,.66459441
2000,1,2.1841154,.66459441
2001,0,2.7393677,.70611995
2001,1,2.6416693,.70611995
2002,0,2.312223,0
2002,1,1.9986434,0
2003,0,1.4382956,.041022174
2003,1,1.54169,.041022174
2004,0,1.4787562,0
2004,1,1.9715734,0
2005,0,1.6211296,0
2005,1,2.1003573,0
2006,0,.44628718,.69582987
2006,1,.95175636,.69582987
2007,0,1.5282459,.85817212
2007,1,2.3180475,.85817212
2008,0,.94206947,0
2008,1,1.2971283,0
2009,0,2.8412645,.072079793
2009,1,2.6540258,.072079793
2010,0,2.8705802,.51183885
2010,1,2.7926414,.51183885
2011,0,1.5715575,.69518524
2011,1,2.1576397,.69518524
2012,0,.25909278,.23344283
2012,1,.36032981,.23344283
2013,0,.74975109,.75522804
2013,1,1.3595243,.75522804
2014,0,2.9116383,.3068296
2014,1,2.4163833,.3068296
2015,0,.0917418,.27436656
2015,1,-.37723374,.27436656
2016,0,.055122018,.24154499
2016,1,.13492346,.24154499
2017,0,.3589049,.62895495
2017,1,1.1055391,.62895495
2018,0,.95447862,.45218664
2018,1,.76952875,.45218664
2019,0,3.2083111,.57968682
2019,1,3.393028,.57968682
2020,0,1.1862162,.34844527
2020,1,2.2540424,.34844527
2021,0,2.3258207,0
2021,1,2.1415272,0
2022,0,2.0460789,.062953822
2022,1,2.1894612,.062953822
2023,0,2.4368415,0
2023,1,2.5597026,0
2024,0,1.2239496,0
2024,1,1.2774603,0
2025,0,1.5596044,.34670675
2025,1,.83103603,.34670675
2026,0,2.5640302,.33634901
2026,1,2.5911493,.33634901
2027,0,.62610722,.53913409
2027,1,1.5531659,.53913409
2028,0,1.7382095,.62624907
2028,1,2.3760819,.62624907
2029,0,1.6931783,.62296581
2029,1,2.1864233,.62296581
2030,0,2.506336,.54068822
2030,1,2.6219218,.54068822
2031,0,2.8861644,.25474879
2031,1,2.4668012,.25474879
2032,0,2.7355685,0
2032,1,2.4719923,0
2033,0,1.4491484,.54271019
2033,1,1.96006,.54271019
2034,0,.73168415,.96076864
2034,1,1.0344075,.96076864
2035,0,2.343941,.10608476
2035,1,2.3151751,.10608476
2036,0,1.1128268,.69524699
2036,1,1.3033707,.69524699
2037,0,1.5663557,.69224775
2037,1,2.0063345,.69224775
2038,0,1.9809815,.25174761
2038,1,2.0773458,.25174761
2039,0,3.1403289,.34108952
2039,1,2.6857269,.34108952
2040,0,3.254113,.45208383
2040,1,4.0203042,.45208383
2041,0,1.0449169,.077243701
2041,1,1.7451589,.077243701
2042,0,1.5338321,.75208521
2042,1,1.4850447,.75208521
2043,0,2.6375492,0
2043,1,2.4897103,0
2044,0,.70351905,.15482818
2044,1,1.0858673,.15482818
2045,0,1.8018622,.33643886
2045,1,2.2856121,.33643886
2046,0,2.4644058,.88926435
2046,1,2.2389278,.88926435
2047,0,.93364573,0
2047,1,.75826049,0
2048,0,1.3448571,.94761091
2048,1,2.5631628,.94761091
2049,0,2.893436,.81109679
2049,1,3.1970391,.81109679
2050,0,1.2268176,.48605248
2050,1,1.3712325,.48605248
2051,0,1.240962,.18343619
2051,1,1.6944137,.18343619
2052,0,1.6577719,.56724542
2052,1,1.7174637,.56724542
2053,0,2.1803882,0
2053,1,2.4455307,0
2054,0,3.5859971,.76813126
2054,1,3.3266916,.76813126
2055,0,2.7817259,.56894022
2055,1,2.7112494,.56894022
2056,0,1.5827265,.76976949
2056,1,2.0476246,.76976949
2057,0,2.5136483,.091429532
2057,1,2.0310738,.091429532
2058,0,1.3021506,.65620035
2058,1,1.2723973,.65620035
2059,0,1.84188,.47038603
2059,1,2.5802581,.47038603
2060,0,1.0516227,0
2060,1,1.4072202,0
2061,0,3.1039507,.88262755
2061,1,3.5257714,.88262755
2062,0,3.5928338,.5178594
2062,1,4.1904812,.5178594
2063,0,1.269361,.019198537
2063,1,1.3123095,.019198537
2064,0,1.1827013,.81063068
2064,1,1.7076752,.81063068
2065,0,2.8228369,0
2065,1,2.0055535,0
2066,0,1.748348,.7029919
2066,1,1.886456,.7029919
2067,0,2.6501205,.38231146
2067,1,3.5549457,.38231146
2068,0,1.4141419,0
2068,1,1.3551967,0
2069,0,1.3325088,.41855466
2069,1,1.2040845,.41855466
2070,0,1.144022,.26539174
2070,1,1.3101817,.26539174
2071,0,1.5237594,.21728167
2071,1,1.0797081,.21728167
2072,0,1.131851,.86177367
2072,1,1.747548,.86177367
2073,0,-.19552365,.1713859
2073,1,.28105485,.1713859
2074,0,1.5073178,0
2074,1,1.9777368,0
2075,0,-.70760429,.52762228
2075,1,-1.0392902,.52762228
2076,0,2.0374126,0
2076,1,2.3169348,0
2077,0,3.2557087,.81185335
2077,1,3.7939796,.81185335
2078,0,2.6445243,.41659507
2078,1,2.8745301,.41659507
2079,0,2.6173112,.77532905
2079,1,2.7270777,.77532905
2080,0,2.4960217,.11781729
2080,1,2.0535588,.11781729
2081,0,.66345501,.62151247
2081,1,.68805021,.62151247
2082,0,3.5507789,.75937742
2082,1,4.2600865,.75937742
2083,0,-.46840259,0
2083,1,-.058772635,0
2084,0,.41804537,0
2084,1,.81799084,0
2085,0,2.8867836,.54793555
2085,1,2.3542304,.54793555
2086,0,2.473855,0
2086,1,1.7869564,0
2087,0,2.3908632,.098609827
2087,1,2.1712143,.098609827
2088,0,2.0227005,.23389339
2088,1,2.0373039,.23389339
2089,0,2.7842743,0
2089,1,2.0847628,0
2090,0,3.2619846,.70420378
2090,1,4.0186214,.70420378
2091,0,2.6759748,0
2091,1,2.2026877,0
2092,0,2.2082913,.87323159
2092,1,2.8531239,.87323159
2093,0,1.6219103,.90588665
2093,1,1.7948821,.90588665
2094,0,2.6938541,0
2094,1,2.8949316,0
2095,0,2.3831327,.3830474
2095,1,2.7634397,.3830474
2096,0,1.158181,.072067454
2096,1,1.1990919,.072067454
2097,0,1.4832048,0
2097,1,.99187762,0
2098,0,.40287459,.15606058
2098,1,1.117179,.15606058
2099,0,.97024959,0
2099,1,.71725041,0
2100,0,2.9361644,.49771109
2100,1,2.7576106,.49771109
2101,0,1.1658181,.75397116
2101,1,1.3184805,.75397116
2102,0,1.9862691,.31719321
2102,1,1.740265,.31719321
2103,0,1.597784,.92387277
2103,1,3.0158908,.92387277
2104,0,.39820433,0
2104,1,.67433363,0
2105,0,3.0296144,.37916195
2105,1,2.8151228,.37916195
2106,0,2.2498996,.92578119
2106,1,2.2251637,.92578119
2107,0,2.2689214,.27930337
2107,1,2.1742487,.27930337
2108,0,2.3874514,.56726766
2108,1,2.5064368,.56726766
2109,0,1.8534936,.19092533
2109,1,1.3513544,.19092533
2110,0,3.186609,.76803637
2110,1,3.6457999,.76803637
2111,0,.54090834,0
2111,1,.77434772,0
2112,0,4.1462617,.67497742
2112,1,4.7507234,.67497742
2113,0,3.3275735,0
2113,1,3.0166368,0
2114,0,1.9822648,.42352515
2114,1,3.1494851,.42352515
2115,0,3.1786675,.9223696
2115,1,3.2548904,.9223696
2116,0,3.0279672,.47203863
2116,1,2.5402403,.47203863
2117,0,2.7360442,0
2117,1,2.4947252,0
2118,0,1.9035981,.29677415
2118,1,2.0100999,.29677415
2119,0,1.7433772,.13730271
2119,1,1.6753727,.13730271
2120,0,2.6287987,0
2120,1,2.0313156,0
2121,0,.87223709,.76914924
2121,1,1.4113158,.76914924
2122,0,4.4312096,.62018478
2122,1,4.9538918,.62018478
2123,0,2.503962,0
2123,1,1.573449,0
2124,0,3.8103347,0
2124,1,3.2887688,0
2125,0,1.7568663,.22778188
2125,1,2.3059824,.22778188
2126,0,1.3171625,.38525236
2126,1,2.1159132,.38525236
2127,0,1.4900367,.91075355
2127,1,1.2355485,.91075355
2128,0,1.9233949,.82233924
2128,1,2.6454525,.82233924
2129,0,1.5809786,.81882036
2129,1,1.9926784,.81882036
2130,0,3.3295045,.21240671
2130,1,3.3000875,.21240671
2131,0,2.3017063,0
2131,1,1.6035233,0
2132,0,2.4699683,.89975834
2132,1,3.8344579,.89975834
2133,0,1.9492023,.3252483
2133,1,1.0927759,.3252483
2134,0,2.2003002,.36891726
2134,1,1.9027097,.36891726
2135,0,2.9594374,.85904068
2135,1,3.4183235,.85904068
2136,0,1.7338725,0
2136,1,1.7249377,0
2137,0,1.5225683,.47268826
2137,1,2.0433824,.47268826
2138,0,2.4171956,.44969666
2138,1,2.81387,.44969666
2139,0,1.660437,.88093239
2139,1,2.2450151,.88093239
2140,0,3.2258246,.34026727
2140,1,3.1634307,.34026727
2141,0,.31329334,.78964251
2141,1,1.274009,.78964251
2142,0,.35392949,.70937908
2142,1,.84874547,.70937908
2143,0,2.0145149,0
2143,1,2.1358547,0
2144,0,1.0922689,.23094574
2144,1,1.9518356,.23094574
2145,0,1.5733449,.046933372
2145,1,2.0965769,.046933372
2146,0,3.0495236,.43461022
2146,1,3.4188523,.43461022
2147,0,2.3732653,.99316919
2147,1,3.1262894,.99316919
2148,0,.37551808,.47398993
2148,1,1.0133088,.47398993
2149,0,2.4245248,.11045177
2149,1,2.5113471,.11045177
2150,0,1.833235,0
2150,1,2.0350988,0
2151,0,3.7332747,.21273334
2151,1,4.5264492,.21273334
2152,0,1.3973279,.095325068
2152,1,1.3025234,.095325068
2153,0,2.4498062,.98699135
2153,1,2.310328,.98699135
2154,0,1.40194,.9798665
2154,1,1.341804,.9798665
2155,0,2.3392503,.70668381
2155,1,2.3385587,.70668381
2156,0,.79561454,.31425643
2156,1,1.1439592,.31425643
2157,0,2.0443265,.66304076
2157,1,2.6085207,.66304076
2158,0,1.2058456,.87790966
2158,1,2.0605404,.87790966
2159,0,2.0868292,.8605184
2159,1,2.3708901,.8605184
2160,0,2.3756638,.58376908
2160,1,3.1541872,.58376908
2161,0,2.7675462,.35829213
2161,1,2.6897631,.35829213
2162,0,2.0444777,.76956153
2162,1,1.9390928,.76956153
2163,0,2.220576,.35780767
2163,1,2.3245041,.35780767
2164,0,2.7030079,0
2164,1,2.7026813,0
2165,0,2.162123,.91278684
2165,1,2.3143761,.91278684
2166,0,1.7159295,.62882137
2166,1,1.7153108,.62882137
2167,0,1.4471102,.78508526
2167,1,1.7199408,.78508526
2168,0,3.9107919,.78496522
2168,1,3.2872329,.78496522
2169,0,.76477855,.28111199
2169,1,.71543819,.28111199
2170,0,2.8789907,.66937387
2170,1,2.5655048,.66937387
2171,0,2.2003067,.89583737
2171,1,2.0485704,.89583737
2172,0,.72929704,0
2172,1,.63657165,0
2173,0,2.3946557,.45150933
2173,1,2.8963845,.45150933
2174,0,2.1505377,.96696401
2174,1,2.9054265,.96696401
2175,0,1.9084545,0
2175,1,2.0631402,0
2176,0,2.4665775,.050063889
2176,1,3.1448371,.050063889
2177,0,1.4792233,.095337331
2177,1,1.3677053,.095337331
2178,0,-.15942234,.40536949
2178,1,1.4606332,.40536949
2179,0,1.82232,.77705193
2179,1,2.6071665,.77705193
2180,0,1.7439275,.73164386
2180,1,1.3311563,.73164386
2181,0,1.6041148,0
2181,1,1.0898343,0
2182,0,3.0639377,0
2182,1,3.1760089,0
2183,0,1.6194637,0
2183,1,.97458798,0
2184,0,2.3464358,.24962397
2184,1,2.3932221,.24962397
2185,0,3.6808705,0
2185,1,3.2430394,0
2186,0,2.5477095,0
2186,1,2.2093949,0
2187,0,.60100031,.83572721
2187,1,1.7255079,.83572721
2188,0,1.3916365,.14750391
2188,1,1.1103508,.14750391
2189,0,.77363974,0
2189,1,.8433972,0
2190,0,2.7501347,.11153642
2190,1,2.5351713,.11153642
2191,0,2.5947635,.49857706
2191,1,2.3760588,.49857706
2192,0,2.9158115,.3702026
2192,1,2.7065735,.3702026
2193,0,1.0322964,0
2193,1,1.6015307,0
2194,0,2.3137655,.6784097
2194,1,2.5089803,.6784097
2195,0,3.1893373,.50735503
2195,1,2.681092,.50735503
2196,0,-.38761193,0
2196,1,-.7434262,0
2197,0,1.8741904,.17468742
2197,1,1.8639727,.17468742
2198,0,1.302745,.20353499
2198,1,1.0177274,.20353499
2199,0,2.167124,.78070509
2199,1,2.1978424,.78070509
2200,0,1.3210289,0
2200,1,1.1131769,0
2201,0,1.0626535,0
2201,1,.48300818,0
2202,0,2.1871383,.86833268
2202,1,3.1715119,.86833268
2203,0,2.0858696,.36883262
2203,1,2.3310173,.36883262
2204,0,2.9083841,.59445363
2204,1,3.193027,.59445363
2205,0,1.7025387,.81831843
2205,1,1.8909682,.81831843
2206,0,1.5641589,0
2206,1,1.4202077,0
2207,0,2.1555157,.12794085
2207,1,2.4084342,.12794085
2208,0,3.3979967,.38268602
2208,1,3.247561,.38268602
2209,0,2.2168515,.33506531
2209,1,2.0337143,.33506531
2210,0,2.5143223,.096852086
2210,1,1.8998364,.096852086
2211,0,1.7107748,.73624855
2211,1,2.6325433,.73624855
2212,0,1.4277952,0
2212,1,1.4040027,0
2213,0,3.4822528,0
2213,1,3.4191635,0
2214,0,2.3064256,.8180024
2214,1,2.8709888,.8180024
2215,0,2.9085913,.14353822
2215,1,2.0835743,.14353822
2216,0,2.6240618,.61552811
2216,1,3.5172229,.61552811
2217,0,1.3052776,.21758489
2217,1,1.5125197,.21758489
2218,0,1.7322315,.99879342
2218,1,2.0500734,.99879342
2219,0,1.5156707,0
2219,1,1.099313,0
2220,0,2.5841765,.36616459
2220,1,2.6415441,.36616459
2221,0,3.2387271,.070479363
2221,1,2.9702792,.070479363
2222,0,1.936313,.88156503
2222,1,3.0373681,.88156503
2223,0,2.7275667,.18971249
2223,1,2.1666925,.18971249
2224,0,1.4230938,.60830176
2224,1,1.8338481,.60830176
2225,0,4.0301871,.98840463
2225,1,3.5230145,.98840463
2226,0,1.7712879,.030079508
2226,1,2.1023681,.030079508
2227,0,1.9763448,.43637085
2227,1,2.2776239,.43637085
2228,0,2.7854795,0
2228,1,2.7195129,0
2229,0,1.5114288,.36143267
2229,1,2.1905999,.36143267
2230,0,2.3334258,.52497363
2230,1,2.6907153,.52497363
2231,0,2.1142304,.62455916
2231,1,2.4024994,.62455916
2232,0,1.2164977,.27817956
2232,1,2.2584372,.27817956
2233,0,2.5908632,.89888436
2233,1,2.7220104,.89888436
2234,0,2.5741348,.16032116
2234,1,2.6948452,.16032116
2235,0,3.6751108,.10342697
2235,1,2.9682159,.10342697
2236,0,3.0620747,.91223532
2236,1,3.1421094,.91223532
2237,0,3.1385019,0
2237,1,2.823329,0
2238,0,2.5242119,.25301516
2238,1,2.9459467,.25301516
2239,0,3.5390606,.074318692
2239,1,3.2812176,.074318692
2240,0,2.7499466,.85967398
2240,1,3.3426487,.85967398
2241,0,.83710724,.97688001
2241,1,.91581619,.97688001
2242,0,.64909136,.21933565
2242,1,1.9956996,.21933565
2243,0,-.14988241,0
2243,1,.66121215,0
2244,0,2.7371445,0
2244,1,2.5011675,0
2245,0,1.1409227,.12145885
2245,1,1.2975423,.12145885
2246,0,3.330462,.86474484
2246,1,3.2325628,.86474484
2247,0,.72992015,.42589468
2247,1,.39278248,.42589468
2248,0,3.7273233,.18168221
2248,1,3.272408,.18168221
2249,0,1.8519416,.98354024
2249,1,1.610762,.98354024
2250,0,3.229481,0
2250,1,4.0644331,0
2251,0,3.4560537,.96475297
2251,1,3.7538109,.96475297
2252,0,2.065881,.012081322
2252,1,2.072968,.012081322
2253,0,.88670647,.40049708
2253,1,2.0626132,.40049708
2254,0,2.8814034,0
2254,1,2.7400434,0
2255,0,1.6442999,.92627865
2255,1,2.1627097,.92627865
2256,0,2.3290877,.82883167
2256,1,2.5254579,.82883167
2257,0,1.2163162,0
2257,1,.84015536,0
2258,0,1.1746128,0
2258,1,1.5023367,0
2259,0,.99909842,0
2259,1,.97264457,0
2260,0,.22763526,.47750041
2260,1,.52163798,.47750041
2261,0,1.5113064,.87889749
2261,1,2.1439612,.87889749
2262,0,3.1221807,.65848106
2262,1,3.1604466,.65848106
2263,0,.78242928,.91157651
2263,1,1.0629375,.91157651
2264,0,3.0058947,0
2264,1,3.1317377,0
2265,0,2.2668805,0
2265,1,2.5159919,0
2266,0,2.4239132,.061483037
2266,1,2.2698355,.061483037
2267,0,3.0657442,.67934
2267,1,3.5227325,.67934
2268,0,2.5208495,.45817858
2268,1,2.3004174,.45817858
2269,0,.58915347,0
2269,1,.50427753,0
2270,0,1.4825641,.27624762
2270,1,1.6292858,.27624762
2271,0,1.982743,.071369849
2271,1,2.5193381,.071369849
2272,0,1.228626,.67026454
2272,1,1.9360813,.67026454
2273,0,2.4894671,.69542778
2273,1,2.3710811,.69542778
2274,0,1.5654358,.70135671
2274,1,2.4767957,.70135671
2275,0,2.0149698,.58056229
2275,1,1.9985881,.58056229
2276,0,1.4960819,.68489629
2276,1,1.6531926,.68489629
2277,0,1.8076105,.34284967
2277,1,1.7168007,.34284967
2278,0,1.0015776,0
2278,1,1.5484227,0
2279,0,1.7975173,.79550803
2279,1,2.1002114,.79550803
2280,0,2.1727703,.55884284
2280,1,2.0455616,.55884284
2281,0,1.9542916,.0045336285
2281,1,1.4912518,.0045336285
2282,0,1.6298547,0
2282,1,1.3232657,0
2283,0,2.3154187,.058838814
2283,1,2.7409613,.058838814
2284,0,1.5015656,.17438644
2284,1,1.9323058,.17438644
2285,0,3.1320713,.054978937
2285,1,3.0815554,.054978937
2286,0,.45705631,.69610262
2286,1,.79593158,.69610262
2287,0,-.19730532,.37060592
2287,1,.80617523,.37060592
2288,0,3.0669606,.48111254
2288,1,2.6567218,.48111254
2289,0,2.9405363,.48369801
2289,1,2.4484913,.48369801
2290,0,2.3831308,.16951568
2290,1,2.272681,.16951568
2291,0,2.6668439,.31107351
2291,1,3.1805825,.31107351
2292,0,2.3747697,.74924338
2292,1,2.8274143,.74924338
2293,0,1.6080474,.041521728
2293,1,1.6060463,.041521728
2294,0,2.1672633,.26784673
2294,1,2.716753,.26784673
2295,0,1.6780612,.14533053
2295,1,1.4572175,.14533053
2296,0,1.0025141,.73146081
2296,1,2.1455112,.73146081
2297,0,-.096967727,.60240412
2297,1,.21078381,.60240412
2298,0,1.2125149,0
2298,1,1.743778,0
2299,0,1.7695656,0
2299,1,1.8369639,0
2300,0,1.4926627,.86366647
2300,1,1.8411071,.86366647
2301,0,1.8450457,.084154285
2301,1,2.6765237,.084154285
2302,0,1.4674578,.77412373
2302,1,2.2154233,.77412373
2303,0,3.0858235,.79594117
2303,1,2.9907446,.79594117
2304,0,1.5473608,.37741643
2304,1,1.4280051,.37741643
2305,0,.61798674,.41196853
2305,1,.49659556,.41196853
2306,0,.68014234,.85146767
2306,1,1.6328672,.85146767
2307,0,3.1565089,.655523
2307,1,3.1056132,.655523
2308,0,2.0993509,.13852675
2308,1,2.3371758,.13852675
2309,0,1.9151263,.21788181
2309,1,2.5863485,.21788181
2310,0,2.5929887,.99616635
2310,1,3.0030086,.99616635
2311,0,2.1240814,0
2311,1,2.0894001,0
2312,0,3.0663645,.89508349
2312,1,3.415319,.89508349
2313,0,1.7447001,.049570851
2313,1,1.9975176,.049570851
2314,0,1.934351,.56905013
2314,1,2.5375969,.56905013
2315,0,.80793262,0
2315,1,1.3154628,0
2316,0,1.2474365,.17959207
2316,1,1.9626205,.17959207
2317,0,1.1326325,0
2317,1,.65670365,0
2318,0,4.4796309,.08940997
2318,1,4.8494034,.08940997
2319,0,2.0267167,0
2319,1,1.5413997,0
2320,0,4.2040701,.056440026
2320,1,4.2459054,.056440026
2321,0,2.3027935,.17134646
2321,1,1.4311477,.17134646
2322,0,1.9369221,.54174829
2322,1,2.1134913,.54174829
2323,0,2.6605906,.26665568
2323,1,3.4792366,.26665568
2324,0,2.4117734,.9790231
2324,1,2.8161781,.9790231
2325,0,2.1886454,.83890551
2325,1,2.596158,.83890551
2326,0,.26527411,.60243231
2326,1,.37645304,.60243231
2327,0,.70380092,.35052431
2327,1,1.0248389,.35052431
2328,0,1.4545276,0
2328,1,1.5067513,0
2329,0,2.2296479,.16269545
2329,1,2.4376202,.16269545
2330,0,2.3621612,.9066177
2330,1,3.5156231,.9066177
2331,0,1.2319858,.65624225
2331,1,1.5925113,.65624225
2332,0,1.0189064,.40977615
2332,1,1.2215328,.40977615
2333,0,.92326248,0
2333,1,.82327139,0
2334,0,2.8358192,.83908355
2334,1,2.7893577,.83908355
2335,0,2.0522184,.34497181
2335,1,1.8743026,.34497181
2336,0,2.4667888,.99674845
2336,1,3.3796153,.99674845
2337,0,2.3441789,.079497144
2337,1,2.5170386,.079497144
2338,0,1.7367669,0
2338,1,1.3958012,0
2339,0,1.4163493,.3888531
2339,1,1.3094255,.3888531
2340,0,4.2719016,.90538323
2340,1,5.1957698,.90538323
2341,0,.34263825,.13924615
2341,1,1.1827712,.13924615
2342,0,1.2634854,.38549984
2342,1,2.2613983,.38549984
2343,0,2.164413,.12488522
2343,1,1.8229403,.12488522
2344,0,2.42752,.38149866
2344,1,2.0813985,.38149866
2345,0,.41742671,.72253132
2345,1,.94838113,.72253132
2346,0,-.00028476119,.98871768
2346,1,.83117145,.98871768
2347,0,3.0677903,0
2347,1,3.1381166,0
2348,0,3.2789702,0
2348,1,3.578409,0
2349,0,1.6323497,.53257173
2349,1,2.2663255,.53257173
2350,0,2.8541603,.09688738
2350,1,3.1871638,.09688738
2351,0,2.8350885,.26918846
2351,1,2.286164,.26918846
2352,0,.99213386,.60811025
2352,1,.29745975,.60811025
2353,0,2.1420841,.083879717
2353,1,3.0857902,.083879717
2354,0,1.679058,.065322593
2354,1,2.1474154,.065322593
2355,0,2.9668305,.95914501
2355,1,3.9040341,.95914501
2356,0,.94140863,.68160516
2356,1,1.4051328,.68160516
2357,0,.59591264,.46287555
2357,1,1.2297692,.46287555
2358,0,4.0216794,0
2358,1,4.1165705,0
2359,0,3.5604024,.5970276
2359,1,3.9231505,.5970276
2360,0,.43251634,.036233652
2360,1,.39993283,.036233652
2361,0,.82951123,.71436191
2361,1,1.7173216,.71436191
2362,0,2.8717916,.92510444
2362,1,4.1910315,.92510444
2363,0,2.0932388,.16644402
2363,1,2.5838087,.16644402
2364,0,.99480754,.89434975
2364,1,1.5698419,.89434975
2365,0,1.9751793,0
2365,1,2.0188439,0
2366,0,2.025517,.039024848
2366,1,2.1406586,.039024848
2367,0,1.1478485,.18319738
2367,1,1.4001526,.18319738
2368,0,3.1427782,.79222012
2368,1,3.5869763,.79222012
2369,0,3.4287026,0
2369,1,2.6517951,0
2370,0,2.8452301,.079516165
2370,1,3.0023627,.079516165
2371,0,1.6247754,0
2371,1,1.5538615,0
2372,0,2.7599125,.19471698
2372,1,3.0960097,.19471698
2373,0,1.1547863,.23126033
2373,1,1.9873985,.23126033
2374,0,.89129353,.34891856
2374,1,1.204896,.34891856
2375,0,1.9008613,.36316568
2375,1,1.725961,.36316568
2376,0,2.9749331,.68825293
2376,1,2.6517768,.68825293
2377,0,3.3287952,0
2377,1,3.7552025,0
2378,0,2.8348339,.74924845
2378,1,2.7763867,.74924845
2379,0,3.6101706,.38275623
2379,1,4.078824,.38275623
2380,0,1.6173037,.31838915
2380,1,2.1012812,.31838915
2381,0,3.0955713,.72481686
2381,1,4.3384995,.72481686
2382,0,.86147815,.69339234
2382,1,1.3762145,.69339234
2383,0,.62356424,.35441807
2383,1,1.3006384,.35441807
2384,0,2.2998352,.021748425
2384,1,1.7793169,.021748425
2385,0,1.2456756,.15066859
2385,1,1.9836311,.15066859
2386,0,3.6130028,.86221522
2386,1,4.1011052,.86221522
2387,0,2.0856452,.21770099
2387,1,1.5127506,.21770099
2388,0,2.6207955,.7079885
2388,1,2.7372239,.7079885
2389,0,1.237134,0
2389,1,1.2361226,0
2390,0,.82383448,.142492
2390,1,.96371192,.142492
2391,0,.99656117,.56153947
2391,1,1.6218325,.56153947
2392,0,3.0245316,0
2392,1,3.1620436,0
2393,0,1.9776942,0
2393,1,1.7302405,0
2394,0,.6468125,.7688244
2394,1,1.028827,.7688244
2395,0,3.3310866,.64869505
2395,1,3.7465825,.64869505
2396,0,1.2454026,.81002516
2396,1,1.1565623,.81002516
2397,0,1.5745939,.21744552
2397,1,2.362993,.21744552
2398,0,1.1345547,.048834931
2398,1,1.4387996,.048834931
2399,0,1.7636547,.87191439
2399,1,2.0801029,.87191439
2400,0,.64413613,.44490293
2400,1,.90774542,.44490293
2401,0,2.7279878,.84529084
2401,1,3.0374346,.84529084
2402,0,2.1344757,.32386467
2402,1,1.7765397,.32386467
2403,0,1.4741048,.21040718
2403,1,1.7125514,.21040718
2404,0,.45295998,0
2404,1,-.0075644553,0
2405,0,.90140259,.16370359
2405,1,1.0228378,.16370359
2406,0,3.4752557,.63437259
2406,1,3.1520007,.63437259
2407,0,1.0771117,.085443951
2407,1,1.0407882,.085443951
2408,0,2.971036,.86576426
2408,1,3.6312733,.86576426
2409,0,2.0347881,.94790047
2409,1,2.5065751,.94790047
2410,0,1.517189,.3342295
2410,1,2.017894,.3342295
2411,0,2.2868552,.98568046
2411,1,1.9602277,.98568046
2412,0,.40116608,.82993388
2412,1,.74408227,.82993388
2413,0,.91815156,0
2413,1,1.0345562,0
2414,0,1.2062887,.9101854
2414,1,1.9965094,.9101854
2415,0,-.10311774,.71231139
2415,1,-.41741812,.71231139
2416,0,2.8063819,.023129603
2416,1,3.4947321,.023129603
2417,0,1.6646467,.015384931
2417,1,1.9101702,.015384931
2418,0,4.2513804,.74513632
2418,1,5.3164277,.74513632
2419,0,1.1373836,.86825222
2419,1,1.5356014,.86825222
2420,0,3.5414846,.42305207
2420,1,3.3441215,.42305207
2421,0,1.7727139,.6338498
2421,1,2.0912731,.6338498
2422,0,2.5185919,0
2422,1,3.0824068,0
2423,0,1.7543753,.24406296
2423,1,1.4386605,.24406296
2424,0,3.2860341,0
2424,1,2.9188735,0
2425,0,2.3492751,.15634781
2425,1,1.7978392,.15634781
2426,0,2.1761701,.96738249
2426,1,2.949369,.96738249
2427,0,2.1591547,.85040551
2427,1,2.9535661,.85040551
2428,0,1.9820075,0
2428,1,2.0681274,0
2429,0,1.4616652,.76025957
2429,1,2.3083577,.76025957
2430,0,1.2098464,.40711123
2430,1,1.2141522,.40711123
2431,0,2.4003403,.010923539
2431,1,2.7906938,.010923539
2432,0,1.5831591,.63358104
2432,1,1.7682101,.63358104
2433,0,-.62140346,.19208948
2433,1,-.48301631,.19208948
2434,0,4.2992458,.30446437
2434,1,3.9703488,.30446437
2435,0,2.3757095,0
2435,1,2.35289,0
2436,0,1.5408571,.064437397
2436,1,1.9103446,.064437397
2437,0,2.0729952,.97992253
2437,1,2.410428,.97992253
2438,0,1.9048882,.69252789
2438,1,1.6277497,.69252789
2439,0,2.8555627,0
2439,1,2.0063405,0
2440,0,1.9091662,.065222211
2440,1,1.6824433,.065222211
2441,0,2.1451404,.51297462
2441,1,2.615,.51297462
2442,0,3.4056079,.91928273
2442,1,4.2688937,.91928273
2443,0,1.3387014,.39702782
2443,1,2.1625574,.39702782
2444,0,2.2824583,.43806219
2444,1,1.9038371,.43806219
2445,0,2.9394474,0
2445,1,2.5675135,0
2446,0,1.9393599,.80395454
2446,1,1.870326,.80395454
2447,0,.10254987,.88722324
2447,1,.75136238,.88722324
2448,0,1.8639324,0
2448,1,1.8931426,0
2449,0,2.2403433,.93798029
2449,1,3.3373663,.93798029
2450,0,1.1492211,.26045382
2450,1,1.2342421,.26045382
2451,0,2.7794685,.81442016
2451,1,3.0259981,.81442016
2452,0,4.5640855,0
2452,1,3.3480296,0
2453,0,3.3094692,.96624953
2453,1,3.6255732,.96624953
2454,0,2.2553508,.70151728
2454,1,2.6942523,.70151728
2455,0,.53462553,.4245342
2455,1,.14706415,.4245342
2456,0,1.7393769,.31796762
2456,1,1.7233635,.31796762
2457,0,1.4484822,0
2457,1,.49275887,0
2458,0,3.2827523,.34261861
2458,1,3.5231225,.34261861
2459,0,.99973547,.53411382
2459,1,.53449607,.53411382
2460,0,3.058512,0
2460,1,2.7076719,0
2461,0,2.5295889,0
2461,1,2.093853,0
2462,0,1.7590959,.84159285
2462,1,2.8126619,.84159285
2463,0,4.1820707,.085044175
2463,1,4.1878562,.085044175
2464,0,2.2880232,.64761931
2464,1,2.6277599,.64761931
2465,0,3.4968052,.37487188
2465,1,4.1107955,.37487188
2466,0,-.15186316,0
2466,1,-.58725178,0
2467,0,3.2633555,0
2467,1,3.6137009,0
2468,0,2.5526726,0
2468,1,2.8003585,0
2469,0,2.2315249,.82973707
2469,1,3.4577217,.82973707
2470,0,1.9433539,.84378082
2470,1,2.2119069,.84378082
2471,0,1.2637757,.70495206
2471,1,1.9954014,.70495206
2472,0,2.4262471,.15527527
2472,1,2.7456601,.15527527
2473,0,2.2401757,0
2473,1,2.6762836,0
2474,0,1.7097363,0
2474,1,1.6689131,0
2475,0,3.2859542,.045094498
2475,1,3.3015609,.045094498
2476,0,2.729764,.52107739
2476,1,3.1568735,.52107739
2477,0,1.9673556,.066307999
2477,1,1.3176976,.066307999
2478,0,2.0559406,.80203772
2478,1,2.7132981,.80203772
2479,0,2.6768546,0
2479,1,2.9320447,0
2480,0,1.6091002,.73579872
2480,1,2.3430808,.73579872
2481,0,2.541559,.42182496
2481,1,2.8181133,.42182496
2482,0,2.2447722,.17810839
2482,1,1.8319701,.17810839
2483,0,2.89222,.20563437
2483,1,2.8362803,.20563437
2484,0,2.7708492,.75656801
2484,1,3.6634488,.75656801
2485,0,3.0551314,0
2485,1,3.0601149,0
2486,0,2.4827347,.15912339
2486,1,2.2417583,.15912339
2487,0,-.18101096,.71388447
2487,1,.031649493,.71388447
2488,0,2.2274551,.41182449
2488,1,2.5703297,.41182449
2489,0,2.9795837,.069274694
2489,1,2.8084264,.069274694
2490,0,.55727977,.47642863
2490,1,.3459602,.47642863
2491,0,1.7681272,.40811193
2491,1,2.1163056,.40811193
2492,0,1.2470837,.12193485
2492,1,1.1388389,.12193485
2493,0,2.9110136,.97113115
2493,1,3.2152808,.97113115
2494,0,2.6126733,.99093574
2494,1,3.1326134,.99093574
2495,0,2.1390917,.2783719
2495,1,1.7884883,.2783719
2496,0,4.1468611,.10158464
2496,1,4.6356544,.10158464
2497,0,3.8981197,.17967373
2497,1,3.9744666,.17967373
2498,0,2.4303937,0
2498,1,1.8902093,0
2499,0,2.9876566,.95082748
2499,1,3.13854,.95082748
2500,0,1.8493303,.22718945
2500,1,2.5658283,.22718945
2501,0,.49953276,.616189
2501,1,.95698118,.616189
2502,0,2.3932199,0
2502,1,1.830218,0
2503,0,3.2343998,.21001007
2503,1,3.8264279,.21001007
2504,0,-.52520347,.52866799
2504,1,-.53423959,.52866799
2505,0,.46512359,0
2505,1,.81844819,0
2506,0,.9725908,0
2506,1,1.3843622,0
2507,0,2.8013823,.92055273
2507,1,3.6216953,.92055273
2508,0,1.670838,.88224709
2508,1,1.8767163,.88224709
2509,0,1.2369593,.92282885
2509,1,2.311626,.92282885
2510,0,2.4090846,.83474815
2510,1,3.0855868,.83474815
2511,0,2.4345763,0
2511,1,2.8133419,0
2512,0,2.4575801,0
2512,1,1.9968189,0
2513,0,2.625221,.43591294
2513,1,1.9999682,.43591294
2514,0,2.0282845,.71672434
2514,1,2.695909,.71672434
2515,0,1.7506826,0
2515,1,.93366653,0
2516,0,2.7161956,.60540688
2516,1,2.3957472,.60540688
2517,0,3.1651261,.60567635
2517,1,2.9551084,.60567635
2518,0,-.66858083,.096126817
2518,1,-.0029208846,.096126817
2519,0,3.1802077,.33380815
2519,1,3.4584227,.33380815
2520,0,2.7749665,.46365571
2520,1,2.7140794,.46365571
2521,0,.023403347,.52069527
2521,1,1.1747,.52069527
2522,0,2.5639694,.40274116
2522,1,2.550797,.40274116
2523,0,2.5171638,.2572822
2523,1,2.9344509,.2572822
2524,0,1.9412029,.25549152
2524,1,1.4463683,.25549152
2525,0,4.0783706,.2134167
2525,1,3.8389566,.2134167
2526,0,.32045615,.67702681
2526,1,1.5700123,.67702681
2527,0,2.394412,.72827834
2527,1,1.6871003,.72827834
2528,0,2.2176604,0
2528,1,2.436939,0
2529,0,1.6779146,.76750058
2529,1,.94248354,.76750058
2530,0,2.1458499,.27200136
2530,1,2.8535652,.27200136
2531,0,.66504121,.38421965
2531,1,1.3476681,.38421965
2532,0,2.4535055,.43867159
2532,1,3.1166592,.43867159
2533,0,4.0008116,.88565469
2533,1,3.8366704,.88565469
2534,0,3.4705164,.65769356
2534,1,3.8251281,.65769356
2535,0,2.9492922,.67723113
2535,1,3.0153248,.67723113
2536,0,2.1183445,0
2536,1,1.8752126,0
2537,0,2.3736393,.29038253
2537,1,1.8581151,.29038253
2538,0,-.12544012,.58975178
2538,1,-.17184962,.58975178
2539,0,.89979005,0
2539,1,1.8134348,0
2540,0,3.0842972,0
2540,1,3.1160927,0
2541,0,3.4549952,.45373508
2541,1,4.0436025,.45373508
2542,0,3.3016658,.78497553
2542,1,3.4086637,.78497553
2543,0,1.98244,.061780237
2543,1,2.1487813,.061780237
2544,0,2.4683077,0
2544,1,2.5245426,0
2545,0,2.5724628,.33301032
2545,1,3.0701988,.33301032
2546,0,2.7959058,.80194759
2546,1,3.6242979,.80194759
2547,0,2.1985073,.88466299
2547,1,2.2710185,.88466299
2548,0,1.5315839,0
2548,1,1.4964222,0
2549,0,1.4167185,.68586934
2549,1,2.1578913,.68586934
2550,0,2.0878663,.16254275
2550,1,2.2489207,.16254275
2551,0,1.0303329,.27242309
2551,1,1.4783741,.27242309
2552,0,3.7918341,.36868545
2552,1,3.9868908,.36868545
2553,0,1.031628,.4650327
2553,1,1.7247396,.4650327
2554,0,2.4150677,.68005246
2554,1,2.6224687,.68005246
2555,0,1.9280844,.7158252
2555,1,2.0928454,.7158252
2556,0,1.7532464,.65331441
2556,1,2.3526998,.65331441
2557,0,2.4208469,.41658407
2557,1,2.5410969,.41658407
2558,0,1.4974612,.23234332
2558,1,1.6773362,.23234332
2559,0,.53608501,0
2559,1,1.1233966,0
2560,0,2.792136,.36234984
2560,1,2.8034263,.36234984
2561,0,1.5004249,.62941581
2561,1,2.5498831,.62941581
2562,0,.67688608,.24346891
2562,1,.9746595,.24346891
2563,0,2.6134169,.17811242
2563,1,2.2386575,.17811242
2564,0,2.4917035,.9950707
2564,1,3.3904157,.9950707
2565,0,-1.1380301,.31696045
2565,1,-1.465768,.31696045
2566,0,.47794625,0
2566,1,.78802431,0
2567,0,.90173763,.76844913
2567,1,1.2767451,.76844913
2568,0,.91330642,.14631465
2568,1,.65388161,.14631465
2569,0,2.7606955,.3464365
2569,1,2.3637841,.3464365
2570,0,2.2764091,0
2570,1,2.0319028,0
2571,0,2.3003864,0
2571,1,2.2630434,0
2572,0,4.6929193,0
2572,1,4.2864094,0
2573,0,2.9830248,.47768921
2573,1,2.940496,.47768921
2574,0,.16407911,.37260157
2574,1,.55635399,.37260157
2575,0,2.4752991,.21363491
2575,1,2.8508401,.21363491
2576,0,1.8014579,.33438021
2576,1,2.4351983,.33438021
2577,0,2.8148084,.68046778
2577,1,3.3110967,.68046778
2578,0,1.3160849,.043779016
2578,1,1.9583014,.043779016
2579,0,2.899411,.13572796
2579,1,3.0604775,.13572796
2580,0,3.0457187,.47440991
2580,1,3.3440032,.47440991
2581,0,4.6150117,0
2581,1,4.8914933,0
2582,0,1.4850564,.057585184
2582,1,2.0541058,.057585184
2583,0,.14706609,0
2583,1,.45676267,0
2584,0,1.8104267,0
2584,1,1.9726961,0
2585,0,1.7199124,0
2585,1,1.4737506,0
2586,0,1.1275802,.43879849
2586,1,2.2388921,.43879849
2587,0,2.7096837,.35216826
2587,1,3.2574124,.35216826
2588,0,1.9318439,0
2588,1,2.3187494,0
2589,0,2.4414854,.83331186
2589,1,3.2415822,.83331186
2590,0,2.2244074,.66485709
2590,1,1.9997568,.66485709
2591,0,1.3843476,.3797262
2591,1,1.5593293,.3797262
2592,0,3.4505999,.82798326
2592,1,4.0883713,.82798326
2593,0,.49631566,.18408634
2593,1,-.19975692,.18408634
2594,0,3.7711768,.918782
2594,1,3.9058802,.918782
2595,0,1.3851664,.90822893
2595,1,2.2798905,.90822893
2596,0,3.7281122,.68771809
2596,1,3.728519,.68771809
2597,0,3.0259588,0
2597,1,3.9110043,0
2598,0,.77395761,.066127293
2598,1,2.0270576,.066127293
2599,0,1.2969195,0
2599,1,1.292588,0
2600,0,1.6117183,.70864338
2600,1,1.2583174,.70864338
2601,0,1.2377913,0
2601,1,1.9797802,0
2602,0,4.5004873,.20871165
2602,1,4.400506,.20871165
2603,0,3.5856574,.29367092
2603,1,3.1841846,.29367092
2604,0,4.9762545,.72128439
2604,1,5.5781155,.72128439
2605,0,3.1377919,.19428228
2605,1,3.2490084,.19428228
2606,0,2.0886471,.59142673
2606,1,1.9248689,.59142673
2607,0,.47564304,.63664353
2607,1,.94334179,.63664353
2608,0,2.5319221,.88275391
2608,1,2.7724926,.88275391
2609,0,2.493624,0
2609,1,1.775342,0
2610,0,1.7961932,.61376375
2610,1,1.2770797,.61376375
2611,0,1.7942104,.67700076
2611,1,2.0455208,.67700076
2612,0,2.619328,.037160072
2612,1,2.742276,.037160072
2613,0,3.8927226,.94836897
2613,1,3.9311709,.94836897
2614,0,1.9540169,.94832653
2614,1,2.258831,.94832653
2615,0,3.873899,.63927495
2615,1,4.6863632,.63927495
2616,0,2.4075136,.22088712
2616,1,2.6960671,.22088712
2617,0,3.3075545,0
2617,1,2.9565272,0
2618,0,2.8517017,.46968022
2618,1,3.1190393,.46968022
2619,0,.95288843,.35443163
2619,1,1.276965,.35443163
2620,0,3.0196967,.50629181
2620,1,3.0771425,.50629181
2621,0,2.3588676,.072082669
2621,1,2.2810628,.072082669
2622,0,1.8237629,.24547724
2622,1,2.1365232,.24547724
2623,0,2.0185585,.97322869
2623,1,2.7888916,.97322869
2624,0,2.7248652,.021334833
2624,1,3.1551499,.021334833
2625,0,.75340885,.32426006
2625,1,1.1932509,.32426006
2626,0,1.6821184,0
2626,1,1.62409,0
2627,0,2.882602,0
2627,1,3.709897,0
2628,0,1.635478,.74929255
2628,1,1.7070988,.74929255
2629,0,3.3142219,.024142658
2629,1,3.2750344,.024142658
2630,0,3.8924828,.63000607
2630,1,3.710825,.63000607
2631,0,2.53778,0
2631,1,3.0766971,0
2632,0,1.158529,.59786999
2632,1,1.5554968,.59786999
2633,0,3.4738753,.12241436
2633,1,2.958262,.12241436
2634,0,2.7355418,0
2634,1,3.8361273,0
2635,0,3.3329396,0
2635,1,3.3748291,0
2636,0,3.9292753,.55883849
2636,1,4.0027375,.55883849
2637,0,3.7964125,0
2637,1,4.416748,0
2638,0,2.7198474,0
2638,1,2.9952455,0
2639,0,1.5057617,0
2639,1,1.6661456,0
2640,0,1.5730582,0
2640,1,1.6832331,0
2641,0,1.3864295,.54882932
2641,1,1.7640842,.54882932
2642,0,1.4099473,.073767811
2642,1,2.097404,.073767811
2643,0,3.1726568,.33443263
2643,1,2.990433,.33443263
2644,0,2.0058579,.99036533
2644,1,2.6887763,.99036533
2645,0,1.6308887,.91489774
2645,1,1.8239907,.91489774
2646,0,2.1971951,.24856505
2646,1,2.2001443,.24856505
2647,0,1.9329271,.75925797
2647,1,1.6959022,.75925797
2648,0,.90878123,.18693301
2648,1,1.0423973,.18693301
2649,0,2.0226371,.14188312
2649,1,2.444277,.14188312
2650,0,1.1049923,0
2650,1,1.2261649,0
2651,0,1.9860883,0
2651,1,1.8285967,0
2652,0,3.0963964,.61387986
2652,1,3.3935924,.61387986
2653,0,4.8881617,.49285847
2653,1,4.9046011,.49285847
2654,0,2.3510251,.25586274
2654,1,2.3212192,.25586274
2655,0,1.3138427,.47454637
2655,1,1.4476433,.47454637
2656,0,2.8335354,.91706932
2656,1,3.0253904,.91706932
2657,0,2.4991241,.72127259
2657,1,2.6656945,.72127259
2658,0,1.3913662,0
2658,1,1.5554513,0
2659,0,1.0096864,.045488581
2659,1,.71826035,.045488581
2660,0,.80169392,.28430048
2660,1,1.7220663,.28430048
2661,0,1.8539398,.30936745
2661,1,2.2061346,.30936745
2662,0,2.3415163,.11245943
2662,1,2.6603701,.11245943
2663,0,2.587338,.28615984
2663,1,2.4838498,.28615984
2664,0,3.2546084,0
2664,1,3.4554138,0
2665,0,1.3782841,.91633409
2665,1,1.8617339,.91633409
2666,0,1.6932132,.28612506
2666,1,2.0011342,.28612506
2667,0,1.3064079,.21950766
2667,1,1.4641676,.21950766
2668,0,1.447788,.30760875
2668,1,2.0039918,.30760875
2669,0,1.7492807,.62702411
2669,1,2.1339424,.62702411
2670,0,1.5490329,.7098943
2670,1,2.5034018,.7098943
2671,0,.99322748,.55638164
2671,1,1.059015,.55638164
2672,0,1.838168,0
2672,1,1.9740945,0
2673,0,2.1289315,.12951083
2673,1,1.7658045,.12951083
2674,0,2.2814872,.97670346
2674,1,1.9365451,.97670346
2675,0,2.4576244,.43699116
2675,1,2.6582723,.43699116
2676,0,1.5740404,.54477149
2676,1,2.0727394,.54477149
2677,0,1.3587259,0
2677,1,.5992642,0
2678,0,1.6177115,0
2678,1,1.3175397,0
2679,0,2.3781557,.48982817
2679,1,3.0680237,.48982817
2680,0,1.8404632,.9676193
2680,1,2.2169967,.9676193
2681,0,3.4154177,.067602083
2681,1,4.2877989,.067602083
2682,0,1.6171348,.20531388
2682,1,1.2437353,.20531388
2683,0,.3749553,.64538789
2683,1,.55851543,.64538789
2684,0,1.6138761,.096308097
2684,1,1.9807422,.096308097
2685,0,3.9805226,.21810365
2685,1,4.539506,.21810365
2686,0,.36183798,.57748121
2686,1,.70178235,.57748121
2687,0,2.4124124,0
2687,1,2.4346838,0
2688,0,1.3484715,.89006299
2688,1,2.194504,.89006299
2689,0,1.4700958,.76186132
2689,1,2.1151915,.76186132
2690,0,2.0999308,.44367942
2690,1,2.1828866,.44367942
2691,0,3.6445527,.045496162
2691,1,4.1990461,.045496162
2692,0,2.7138126,.68846691
2692,1,2.8115933,.68846691
2693,0,1.9052172,.37907788
2693,1,2.4342098,.37907788
2694,0,1.6619706,.28092599
2694,1,1.8452456,.28092599
2695,0,1.0171841,0
2695,1,.78282434,0
2696,0,1.4712751,.54625845
2696,1,2.159658,.54625845
2697,0,3.465414,.49926546
2697,1,4.0001974,.49926546
2698,0,.71411777,.48729065
2698,1,1.9087162,.48729065
2699,0,1.0087602,.54852253
2699,1,1.3893133,.54852253
2700,0,3.0472932,.83923316
2700,1,2.9931273,.83923316
2701,0,2.1495202,.45070595
2701,1,2.6745422,.45070595
2702,0,.42551088,.31645945
2702,1,.67195356,.31645945
2703,0,.78922534,.94471735
2703,1,1.373603,.94471735
2704,0,3.8004627,.23539464
2704,1,4.1435709,.23539464
2705,0,1.2020012,.12707634
2705,1,1.4485053,.12707634
2706,0,3.7481692,.87012869
2706,1,4.4190416,.87012869
2707,0,3.5435505,.94007057
2707,1,3.0175881,.94007057
2708,0,.51846772,.35302421
2708,1,.78606719,.35302421
2709,0,3.9182138,.15903287
2709,1,4.6469984,.15903287
2710,0,3.8197966,.33605173
2710,1,3.6079252,.33605173
2711,0,2.5787489,.054048106
2711,1,2.6597257,.054048106
2712,0,2.0800977,.89274561
2712,1,1.6913432,.89274561
2713,0,2.14275,.70330805
2713,1,2.6589556,.70330805
2714,0,3.6465268,.66122562
2714,1,3.9594879,.66122562
2715,0,1.5934376,0
2715,1,1.8844273,0
2716,0,1.955635,.38715777
2716,1,2.1069911,.38715777
2717,0,2.5285382,.8065533
2717,1,2.9170763,.8065533
2718,0,2.6483877,.74653786
2718,1,2.8659313,.74653786
2719,0,2.4503989,.88034707
2719,1,2.6017232,.88034707
2720,0,2.6798956,.98065168
2720,1,3.8264892,.98065168
2721,0,1.8267372,.88396442
2721,1,1.9533305,.88396442
2722,0,3.8696389,.47308984
2722,1,3.9406829,.47308984
2723,0,2.290818,.3027041
2723,1,2.2060812,.3027041
2724,0,3.0469413,.75867873
2724,1,3.5599465,.75867873
2725,0,2.2173085,.89805853
2725,1,2.2450793,.89805853
2726,0,2.5454962,.031446524
2726,1,2.507386,.031446524
2727,0,2.9928422,.02909532
2727,1,2.8180463,.02909532
2728,0,3.2657087,.34092438
2728,1,3.2462068,.34092438
2729,0,1.5307028,.011348427
2729,1,1.158625,.011348427
2730,0,2.130157,.2403768
2730,1,1.9694558,.2403768
2731,0,1.1477988,.063558072
2731,1,1.033509,.063558072
2732,0,1.4486154,.58781087
2732,1,1.6213768,.58781087
2733,0,2.9449158,.12167682
2733,1,3.0494788,.12167682
2734,0,2.5699511,.19565012
2734,1,2.4169781,.19565012
2735,0,2.723074,.70748729
2735,1,2.945694,.70748729
2736,0,.7722038,0
2736,1,.71966851,0
2737,0,.3239665,0
2737,1,.29707736,0
2738,0,-.10862944,0
2738,1,1.074815,0
2739,0,1.6219784,0
2739,1,1.4374852,0
2740,0,1.5638937,.94139743
2740,1,3.1164346,.94139743
2741,0,2.2189293,0
2741,1,1.9500848,0
2742,0,3.1256108,.71142626
2742,1,3.2860482,.71142626
2743,0,1.7673405,.92742419
2743,1,2.5631361,.92742419
2744,0,3.2931087,0
2744,1,2.6856332,0
2745,0,.91700232,.92132556
2745,1,1.7051811,.92132556
2746,0,1.6092491,.096353777
2746,1,1.5442394,.096353777
2747,0,1.0352123,.52286094
2747,1,1.4237654,.52286094
2748,0,2.4545724,.21884409
2748,1,3.0896208,.21884409
2749,0,.70127678,.50545889
2749,1,1.2502284,.50545889
2750,0,1.1183033,.74123096
2750,1,.82892346,.74123096
2751,0,1.7570951,.55749249
2751,1,1.8477139,.55749249
2752,0,2.718591,.27837741
2752,1,3.0930588,.27837741
2753,0,2.9922197,.80398178
2753,1,3.0577936,.80398178
2754,0,1.3591976,0
2754,1,1.9124213,0
2755,0,2.1772525,.70060128
2755,1,2.7757626,.70060128
2756,0,1.8086903,.83108735
2756,1,2.6459284,.83108735
2757,0,1.5269097,.44548041
2757,1,2.435333,.44548041
2758,0,.32470688,.74521095
2758,1,1.0462315,.74521095
2759,0,1.0171043,.33701795
2759,1,1.5150901,.33701795
2760,0,1.9621837,.66586739
2760,1,1.7536747,.66586739
2761,0,1.4806246,.81369156
2761,1,1.3872569,.81369156
2762,0,3.0012822,.32389525
2762,1,3.1135216,.32389525
2763,0,1.3933916,.1026908
2763,1,1.8423623,.1026908
2764,0,1.9750793,0
2764,1,1.9602826,0
2765,0,2.2492275,.42073217
2765,1,2.7681689,.42073217
2766,0,1.7906948,.41036096
2766,1,1.9932139,.41036096
2767,0,.77327448,.15684804
2767,1,.90596628,.15684804
2768,0,2.7975409,.8557806
2768,1,3.6423595,.8557806
2769,0,1.9863434,.86789685
2769,1,2.4285493,.86789685
2770,0,.96745676,.39439008
2770,1,1.5390562,.39439008
2771,0,1.6149855,.57816744
2771,1,2.0357745,.57816744
2772,0,1.5447617,0
2772,1,1.3309091,0
2773,0,1.8826804,.26909399
2773,1,2.5693293,.26909399
2774,0,3.1701241,0
2774,1,2.6731334,0
2775,0,2.2817025,0
2775,1,2.0896425,0
2776,0,1.5394591,.1763664
2776,1,1.5119729,.1763664
2777,0,2.0251102,.28919032
2777,1,1.9337254,.28919032
2778,0,2.0003719,.28610265
2778,1,1.8458972,.28610265
2779,0,1.3258708,.30582529
2779,1,1.6499984,.30582529
2780,0,2.7614179,0
2780,1,2.9882903,0
2781,0,2.4927623,.30246264
2781,1,2.4052577,.30246264
2782,0,2.9963286,.51757133
2782,1,2.8597596,.51757133
2783,0,3.9408736,.24680756
2783,1,4.4942036,.24680756
2784,0,.5783965,.23475252
2784,1,.5435459,.23475252
2785,0,3.6362133,0
2785,1,3.2087007,0
2786,0,1.6853862,.18189906
2786,1,1.2706693,.18189906
2787,0,3.5051794,.23743315
2787,1,3.7984638,.23743315
2788,0,1.938572,.86975008
2788,1,2.7278645,.86975008
2789,0,2.5020993,.38317108
2789,1,2.4996443,.38317108
2790,0,.0097443759,0
2790,1,.50467515,0
2791,0,.94742334,0
2791,1,1.0387892,0
2792,0,2.0946813,.36769521
2792,1,1.9204322,.36769521
2793,0,3.3657644,0
2793,1,3.033869,0
2794,0,2.1354456,.65138865
2794,1,2.2947416,.65138865
2795,0,1.1145014,.15850748
2795,1,.88173908,.15850748
2796,0,1.406925,.48487988
2796,1,1.3057307,.48487988
2797,0,.56424809,.42272851
2797,1,.82975554,.42272851
2798,0,1.4620366,.57392979
2798,1,1.4733645,.57392979
2799,0,.01571773,.46204036
2799,1,.71783817,.46204036
2800,0,-.59677553,0
2800,1,.23443425,0
2801,0,2.6842997,.61240155
2801,1,2.1090229,.61240155
2802,0,2.5766006,.26446408
2802,1,2.1394372,.26446408
2803,0,2.2640502,.1975911
2803,1,2.7765901,.1975911
2804,0,1.1534457,.15133309
2804,1,1.074697,.15133309
2805,0,1.8065194,.96080357
2805,1,2.5255597,.96080357
2806,0,3.9300349,.70595485
2806,1,4.0883503,.70595485
2807,0,1.1429242,.68240142
2807,1,2.0398421,.68240142
2808,0,2.0613937,.29264325
2808,1,2.5303876,.29264325
2809,0,2.0195076,.16662984
2809,1,1.9474053,.16662984
2810,0,2.6023633,.68786567
2810,1,3.3656423,.68786567
2811,0,2.1010902,.87034082
2811,1,2.2813227,.87034082
2812,0,1.4563088,0
2812,1,1.2874079,0
2813,0,2.2628155,.5463385
2813,1,2.4142807,.5463385
2814,0,1.4549155,.63673264
2814,1,1.5871979,.63673264
2815,0,1.5098655,.37428209
2815,1,2.2903273,.37428209
2816,0,3.2984815,.088383593
2816,1,3.2746134,.088383593
2817,0,.83072388,.90664113
2817,1,1.205398,.90664113
2818,0,.7955488,0
2818,1,.65514094,0
2819,0,3.7432559,.99535519
2819,1,4.4940715,.99535519
2820,0,.84454441,.13692348
2820,1,1.0597448,.13692348
2821,0,1.5304341,0
2821,1,2.0912275,0
2822,0,2.0655272,.0063111223
2822,1,1.6237777,.0063111223
2823,0,1.3262169,.90996003
2823,1,1.801546,.90996003
2824,0,1.7688572,.83900154
2824,1,2.3638537,.83900154
2825,0,2.3651514,.5914467
2825,1,1.8430127,.5914467
2826,0,3.1664357,.52297688
2826,1,3.7561369,.52297688
2827,0,1.4206551,.54461873
2827,1,1.9680209,.54461873
2828,0,3.7600083,0
2828,1,4.099472,0
2829,0,1.708975,.36510417
2829,1,1.2711321,.36510417
2830,0,3.0730624,.93776274
2830,1,3.2594693,.93776274
2831,0,2.1881666,.6112476
2831,1,2.824183,.6112476
2832,0,1.9027989,.64020407
2832,1,2.4695435,.64020407
2833,0,2.2268333,.14225923
2833,1,2.3216763,.14225923
2834,0,2.8983135,.090504803
2834,1,2.7703009,.090504803
2835,0,1.8326045,.072370589
2835,1,2.1182613,.072370589
2836,0,1.9678478,.4858191
2836,1,1.8381832,.4858191
2837,0,1.5513572,0
2837,1,1.5987959,0
2838,0,1.5905221,.62859452
2838,1,1.8512067,.62859452
2839,0,1.517897,.2856746
2839,1,1.3234618,.2856746
2840,0,3.1333423,0
2840,1,2.9816904,0
2841,0,2.5546677,.39736256
2841,1,2.107203,.39736256
2842,0,.76574767,.18163057
2842,1,.29415768,.18163057
2843,0,3.4679809,0
2843,1,3.2050066,0
2844,0,1.8214715,.98672336
2844,1,2.4802005,.98672336
2845,0,2.6902633,.55441606
2845,1,3.113205,.55441606
2846,0,2.3331752,.58083826
2846,1,2.4389958,.58083826
2847,0,.46949539,.13782477
2847,1,.55600297,.13782477
2848,0,2.9409616,.75889164
2848,1,3.3922734,.75889164
2849,0,2.584549,.24608135
2849,1,2.7103105,.24608135
2850,0,.22610819,.66755652
2850,1,1.2141099,.66755652
2851,0,2.95193,.96554935
2851,1,3.822716,.96554935
2852,0,2.9162078,.11332081
2852,1,3.2937376,.11332081
2853,0,3.8546727,.19737586
2853,1,3.6171618,.19737586
2854,0,2.2469916,.83523971
2854,1,3.1678236,.83523971
2855,0,3.0758462,.52444428
2855,1,3.6423724,.52444428
2856,0,2.0545299,0
2856,1,2.576745,0
2857,0,5.3157797,0
2857,1,5.6325908,0
2858,0,1.3057452,.20520632
2858,1,1.0838469,.20520632
2859,0,1.8026211,.72005308
2859,1,1.8123157,.72005308
2860,0,1.2347796,.28125447
2860,1,2.1350315,.28125447
2861,0,1.948331,.54576838
2861,1,1.7994192,.54576838
2862,0,1.9834659,.47543737
2862,1,2.4629459,.47543737
2863,0,1.0676717,.45854306
2863,1,2.1594043,.45854306
2864,0,3.5163283,.63203716
2864,1,3.8849258,.63203716
2865,0,3.9795568,.89845628
2865,1,4.3922458,.89845628
2866,0,.31350291,.45578361
2866,1,.86241859,.45578361
2867,0,1.5994235,0
2867,1,1.9466147,0
2868,0,1.8402773,.029602682
2868,1,1.9883723,.029602682
2869,0,3.8344967,.85298103
2869,1,3.9158008,.85298103
2870,0,.94766313,.26145047
2870,1,1.5073221,.26145047
2871,0,1.7606897,.97378892
2871,1,2.0106595,.97378892
2872,0,1.463953,.58088171
2872,1,2.1978037,.58088171
2873,0,1.7571709,0
2873,1,1.4618986,0
2874,0,1.7099715,.50298309
2874,1,2.1865952,.50298309
2875,0,1.3645141,.030285481
2875,1,1.3662802,.030285481
2876,0,1.8975508,0
2876,1,1.2398095,0
2877,0,.62454188,.50821793
2877,1,1.4863452,.50821793
2878,0,4.514924,.15863885
2878,1,4.8305535,.15863885
2879,0,.95428455,.12300052
2879,1,1.5192615,.12300052
2880,0,.70017028,0
2880,1,1.2755108,0
2881,0,1.8812031,.15688924
2881,1,2.3194561,.15688924
2882,0,2.2668002,.52201045
2882,1,3.103755,.52201045
2883,0,.25166827,.094486132
2883,1,.54297018,.094486132
2884,0,3.6699827,.62639093
2884,1,4.7765698,.62639093
2885,0,4.7012067,.68432373
2885,1,4.8575635,.68432373
2886,0,2.8905592,.40086243
2886,1,2.8517721,.40086243
2887,0,1.1572411,.01499357
2887,1,.75118369,.01499357
2888,0,-.16884759,.11599071
2888,1,-.097864732,.11599071
2889,0,3.1991029,.85968888
2889,1,3.2510977,.85968888
2890,0,1.1055356,.72364622
2890,1,1.2585511,.72364622
2891,0,2.5488062,0
2891,1,2.7014904,0
2892,0,.60229725,0
2892,1,.76679122,0
2893,0,2.1345654,.49530569
2893,1,2.4974222,.49530569
2894,0,1.786576,.13546118
2894,1,1.6944737,.13546118
2895,0,1.400735,.033459555
2895,1,1.4160041,.033459555
2896,0,2.0718865,0
2896,1,1.9791645,0
2897,0,3.1065907,.75943917
2897,1,3.8513834,.75943917
2898,0,1.9409928,.81016529
2898,1,2.1853173,.81016529
2899,0,3.7181187,.79720616
2899,1,4.5304408,.79720616
2900,0,.58563542,.3618837
2900,1,.75753146,.3618837
2901,0,2.6063468,0
2901,1,2.9310045,0
2902,0,3.6321247,.1475006
2902,1,3.7206948,.1475006
2903,0,2.3647001,.2351958
2903,1,2.9270217,.2351958
2904,0,2.1546977,.58216316
2904,1,2.431828,.58216316
2905,0,1.7998854,0
2905,1,1.8488519,0
2906,0,3.2262578,.0391738
2906,1,3.1775949,.0391738
2907,0,1.2942383,.6072458
2907,1,1.9704282,.6072458
2908,0,1.4097452,.73768359
2908,1,1.3288397,.73768359
2909,0,.62312424,.60854924
2909,1,1.160095,.60854924
2910,0,3.3844059,0
2910,1,3.014663,0
2911,0,2.2454152,.4656285
2911,1,2.9868569,.4656285
2912,0,3.3969762,0
2912,1,4.0695028,0
2913,0,3.654309,.81273919
2913,1,3.6351647,.81273919
2914,0,2.8754387,.25823167
2914,1,2.4999597,.25823167
2915,0,1.5895319,.65058434
2915,1,2.1703424,.65058434
2916,0,3.1534934,.62241215
2916,1,3.5458436,.62241215
2917,0,2.5095961,0
2917,1,2.6200237,0
2918,0,2.7224011,.85640889
2918,1,2.7953229,.85640889
2919,0,1.6108009,.32810774
2919,1,1.7658014,.32810774
2920,0,1.3787264,.88396704
2920,1,2.1970553,.88396704
2921,0,-.47138914,.32235682
2921,1,-.91805518,.32235682
2922,0,2.0722585,.80364662
2922,1,2.020365,.80364662
2923,0,2.1780293,.68837792
2923,1,2.3614159,.68837792
2924,0,3.8635287,0
2924,1,3.7139363,0
2925,0,.31333801,.93411368
2925,1,1.0988147,.93411368
2926,0,1.769793,.031037653
2926,1,1.3534181,.031037653
2927,0,1.9605011,.012761769
2927,1,1.7678112,.012761769
2928,0,2.7385097,.69682461
2928,1,3.4375134,.69682461
2929,0,1.9128308,.28989214
2929,1,2.4515975,.28989214
2930,0,2.0933266,.82668406
2930,1,2.5054379,.82668406
2931,0,2.8404691,.14287612
2931,1,3.1630714,.14287612
2932,0,1.0370327,.37463927
2932,1,1.8943996,.37463927
2933,0,1.8987378,.84575379
2933,1,2.2356508,.84575379
2934,0,2.0875108,.35360655
2934,1,1.6095737,.35360655
2935,0,.95763856,.46447891
2935,1,.98556817,.46447891
2936,0,2.5818655,.80130899
2936,1,2.805634,.80130899
2937,0,1.4803987,0
2937,1,1.2726709,0
2938,0,1.1323527,0
2938,1,.60688502,0
2939,0,2.6889088,0
2939,1,2.595535,0
2940,0,.88295043,.15979806
2940,1,1.2118967,.15979806
2941,0,2.4468429,.32700458
2941,1,2.4139578,.32700458
2942,0,1.7936176,0
2942,1,1.2692804,0
2943,0,2.6712527,0
2943,1,2.2446651,0
2944,0,2.3372798,.3334856
2944,1,2.6041887,.3334856
2945,0,1.8554349,.88499874
2945,1,2.5449278,.88499874
2946,0,1.5940527,.66221929
2946,1,1.7714193,.66221929
2947,0,2.4688063,0
2947,1,2.5760922,0
2948,0,2.3829629,.43151611
2948,1,2.1736782,.43151611
2949,0,2.3524666,0
2949,1,2.4351416,0
2950,0,1.4592611,.93738008
2950,1,2.2532012,.93738008
2951,0,2.9266844,.43868369
2951,1,3.1260836,.43868369
2952,0,1.947212,0
2952,1,1.9142884,0
2953,0,3.3590932,.40232784
2953,1,3.8135638,.40232784
2954,0,1.9696143,0
2954,1,2.0459976,0
2955,0,1.0578566,.9070248
2955,1,1.7541747,.9070248
2956,0,1.8614162,.5207265
2956,1,2.7939739,.5207265
2957,0,1.5924605,0
2957,1,1.4980538,0
2958,0,2.0013003,0
2958,1,1.6185766,0
2959,0,2.5214202,.88203073
2959,1,2.548784,.88203073
2960,0,2.186183,.41487363
2960,1,2.7113247,.41487363
2961,0,1.9541286,.20799334
2961,1,1.8908376,.20799334
2962,0,1.4908072,.64127892
2962,1,1.2671161,.64127892
2963,0,-.13548884,.061850768
2963,1,.36619356,.061850768
2964,0,2.0680711,.42722422
2964,1,1.4452385,.42722422
2965,0,4.097888,.63764572
2965,1,4.4135628,.63764572
2966,0,1.5656266,0
2966,1,1.7602713,0
2967,0,-.09153378,0
2967,1,.96778405,0
2968,0,1.3378649,0
2968,1,.88117027,0
2969,0,1.694091,.34692383
2969,1,1.5951459,.34692383
2970,0,1.8624983,0
2970,1,1.4742602,0
2971,0,1.3625041,.14811765
2971,1,1.3126037,.14811765
2972,0,2.845273,0
2972,1,3.3104932,0
2973,0,2.2203789,0
2973,1,1.5404787,0
2974,0,.64763236,.5500201
2974,1,1.5464303,.5500201
2975,0,2.1060021,.70057547
2975,1,3.0801611,.70057547
2976,0,3.2812173,.388246
2976,1,3.5190573,.388246
2977,0,2.5510821,.0078024971
2977,1,1.5879732,.0078024971
2978,0,1.6301552,.81002963
2978,1,2.1548307,.81002963
2979,0,1.9511461,.58791697
2979,1,2.9927719,.58791697
2980,0,2.5956812,.83614749
2980,1,2.85972,.83614749
2981,0,2.4510825,.9053275
2981,1,3.0137694,.9053275
2982,0,3.6881504,.23950894
2982,1,3.50947,.23950894
2983,0,1.4059324,.40801355
2983,1,1.8790176,.40801355
2984,0,2.0176718,0
2984,1,1.4607866,0
2985,0,.19523251,.9711619
2985,1,.049741372,.9711619
2986,0,3.4836593,.74622625
2986,1,3.2450395,.74622625
2987,0,1.5145729,.23148948
2987,1,2.0780652,.23148948
2988,0,.32714415,.2127043
2988,1,.73032385,.2127043
2989,0,2.9806261,.33056441
2989,1,2.9099154,.33056441
2990,0,2.442512,0
2990,1,1.8696053,0
2991,0,1.291805,.16403125
2991,1,1.1183504,.16403125
2992,0,1.87014,.91546094
2992,1,3.1153631,.91546094
2993,0,2.4829624,.5605942
2993,1,2.6132364,.5605942
2994,0,3.1246035,.73761892
2994,1,3.4816148,.73761892
2995,0,1.3913256,.84685624
2995,1,1.6262436,.84685624
2996,0,2.2850761,.65008175
2996,1,2.8608837,.65008175
2997,0,2.9151645,.82793605
2997,1,3.0632427,.82793605
2998,0,3.01124,.075671926
2998,1,3.176549,.075671926
2999,0,2.2613935,.32553878
2999,1,1.6460124,.32553878
3000,0,2.1124377,.50790548
3000,1,2.4890387,.50790548
3001,0,2.0868707,.4713302
3001,1,2.3458719,.4713302
3002,0,1.433722,0
3002,1,1.4845769,0
3003,0,3.218188,.23183437
3003,1,2.6201961,.23183437
3004,0,1.6851286,.71268761
3004,1,2.505156,.71268761
3005,0,1.7478759,.94435543
3005,1,2.3186803,.94435543
3006,0,3.6404877,.69761628
3006,1,3.5258896,.69761628
3007,0,3.0301054,.96958572
3007,1,3.7241194,.96958572
3008,0,1.7388427,.42447954
3008,1,1.9278374,.42447954
3009,0,1.2379827,.055240564
3009,1,1.4204518,.055240564
3010,0,1.6452075,.06652987
3010,1,1.7458969,.06652987
3011,0,1.8550575,0
3011,1,2.0100737,0
3012,0,1.7117649,.57798195
3012,1,1.6356432,.57798195
3013,0,2.3317406,.44767585
3013,1,2.7185857,.44767585
3014,0,.60396397,.35564211
3014,1,1.1689866,.35564211
3015,0,3.3551471,.0546287
3015,1,3.4825816,.0546287
3016,0,-.029009521,.31241864
3016,1,.61730683,.31241864
3017,0,1.4111956,.45350587
3017,1,1.5395567,.45350587
3018,0,2.6589859,0
3018,1,2.489929,0
3019,0,2.3121841,.38790247
3019,1,2.3522322,.38790247
3020,0,1.7341058,.32304862
3020,1,1.8858181,.32304862
3021,0,.66049194,.2401543
3021,1,.75266844,.2401543
3022,0,.55848926,.27733245
3022,1,.20835243,.27733245
3023,0,1.7169695,.767317
3023,1,1.9795147,.767317
3024,0,2.4759521,.9116801
3024,1,2.9960065,.9116801
3025,0,.97774947,.19143654
3025,1,.64688778,.19143654
3026,0,1.6776134,.13356571
3026,1,2.2617881,.13356571
3027,0,1.0688701,.83430666
3027,1,1.502032,.83430666
3028,0,1.1165658,.70787466
3028,1,1.6237171,.70787466
3029,0,1.6178079,0
3029,1,1.5467263,0
3030,0,3.014771,.78514272
3030,1,2.9506645,.78514272
3031,0,1.0626526,.29741764
3031,1,.82410097,.29741764
3032,0,1.1665666,.22989224
3032,1,2.0464122,.22989224
3033,0,1.9347199,.89897412
3033,1,1.991361,.89897412
3034,0,.53131002,.47100779
3034,1,.33568773,.47100779
3035,0,2.6444306,.018804494
3035,1,2.8385906,.018804494
3036,0,.36379665,.36591002
3036,1,.40341002,.36591002
3037,0,2.2270544,0
3037,1,2.3380756,0
3038,0,2.4162052,0
3038,1,3.4644403,0
3039,0,2.6238077,.49039513
3039,1,2.8445392,.49039513
3040,0,-.457405,.73446572
3040,1,-.13529167,.73446572
3041,0,2.1603296,.54563671
3041,1,2.3041661,.54563671
3042,0,3.6179492,.90292037
3042,1,4.0317388,.90292037
3043,0,2.6220672,.40899521
3043,1,2.6940897,.40899521
3044,0,1.0723374,0
3044,1,1.2856729,0
3045,0,2.0383706,.97280401
3045,1,2.9039271,.97280401
3046,0,1.3914411,.40713397
3046,1,1.6149689,.40713397
3047,0,1.2753303,.093547247
3047,1,1.1257274,.093547247
3048,0,3.2592199,0
3048,1,4.2353387,0
3049,0,1.2746603,.46735522
3049,1,2.3345575,.46735522
3050,0,3.265666,.089485668
3050,1,3.2513106,.089485668
3051,0,3.4720607,0
3051,1,3.1067846,0
3052,0,3.5014095,.80254102
3052,1,3.7667401,.80254102
3053,0,.77526242,.72707057
3053,1,1.8361921,.72707057
3054,0,1.2325416,.809295
3054,1,1.9739389,.809295
3055,0,1.91322,.95301741
3055,1,2.5516541,.95301741
3056,0,.5482232,.89985675
3056,1,1.2289348,.89985675
3057,0,1.6605933,0
3057,1,1.6555117,0
3058,0,.60818177,.85162681
3058,1,1.0564889,.85162681
3059,0,.97301388,.73970938
3059,1,2.0194967,.73970938
3060,0,2.6384645,0
3060,1,2.8152719,0
3061,0,2.6857216,.19137682
3061,1,3.3472307,.19137682
3062,0,3.8658202,0
3062,1,3.780787,0
3063,0,2.5706849,.41824949
3063,1,3.2298222,.41824949
3064,0,1.374644,.87933415
3064,1,2.1636033,.87933415
3065,0,2.0762393,.12753806
3065,1,2.3129036,.12753806
3066,0,.60211849,.28304216
3066,1,.68238258,.28304216
3067,0,1.6433311,.76141441
3067,1,2.2913508,.76141441
3068,0,1.7485502,.76375741
3068,1,1.3776826,.76375741
3069,0,2.2321017,.73628598
3069,1,2.1160951,.73628598
3070,0,2.0706534,.53143096
3070,1,2.6097989,.53143096
3071,0,2.0831926,0
3071,1,1.1241417,0
3072,0,1.4055687,.048056509
3072,1,1.1341727,.048056509
3073,0,3.0871453,.46373126
3073,1,3.424504,.46373126
3074,0,2.3069687,.34637284
3074,1,2.7043014,.34637284
3075,0,3.5919635,.30107805
3075,1,4.1854916,.30107805
3076,0,2.8812854,.58364439
3076,1,3.6352696,.58364439
3077,0,3.4664364,.049315207
3077,1,2.9160633,.049315207
3078,0,1.2300261,.62370974
3078,1,1.0529729,.62370974
3079,0,3.804389,.33314842
3079,1,3.5516222,.33314842
3080,0,.63937616,.87520474
3080,1,1.6997695,.87520474
3081,0,2.0362198,.17437159
3081,1,2.023181,.17437159
3082,0,.89257151,.82563579
3082,1,2.4453032,.82563579
3083,0,2.5190635,.77069449
3083,1,2.5967112,.77069449
3084,0,2.5698638,.92905861
3084,1,3.9539053,.92905861
3085,0,3.123157,.094198488
3085,1,3.0908315,.094198488
3086,0,2.4482815,.76961249
3086,1,2.6680958,.76961249
3087,0,.31284076,.43027061
3087,1,.84247154,.43027061
3088,0,2.4631188,.27188393
3088,1,2.8594637,.27188393
3089,0,2.159241,.6797657
3089,1,2.7444339,.6797657
3090,0,2.1341927,0
3090,1,2.033344,0
3091,0,2.7305748,.92846662
3091,1,2.9779341,.92846662
3092,0,1.789688,.85280323
3092,1,2.2378066,.85280323
3093,0,1.3230995,.7308836
3093,1,2.5491426,.7308836
3094,0,1.5599239,0
3094,1,1.5188047,0
3095,0,2.4298825,0
3095,1,2.9432352,0
3096,0,3.6069758,0
3096,1,3.6404765,0
3097,0,-.24656792,.99667102
3097,1,.43191192,.99667102
3098,0,3.9349575,.47918853
3098,1,3.9699705,.47918853
3099,0,3.2559087,0
3099,1,3.4594867,0
3100,0,2.6060398,.75733346
3100,1,2.8590915,.75733346
3101,0,1.6210716,.17114712
3101,1,1.9920369,.17114712
3102,0,1.5838417,.38214794
3102,1,1.4546682,.38214794
3103,0,3.8305659,.4804911
3103,1,3.455435,.4804911
3104,0,2.8049805,.59742272
3104,1,3.1651053,.59742272
3105,0,-.017765701,.74916381
3105,1,.56803417,.74916381
3106,0,1.5690227,.75837535
3106,1,2.3580425,.75837535
3107,0,3.5905819,.99431837
3107,1,3.9424136,.99431837
3108,0,2.0423594,0
3108,1,2.1265173,0
3109,0,1.4619143,.85541254
3109,1,1.5689875,.85541254
3110,0,2.9151306,0
3110,1,2.9136121,0
3111,0,1.2993811,.57493174
3111,1,1.369205,.57493174
3112,0,.80918968,.56863213
3112,1,1.4728698,.56863213
3113,0,2.4709692,.75435841
3113,1,3.418643,.75435841
3114,0,2.4061286,.40375718
3114,1,2.6869254,.40375718
3115,0,1.3625655,.0091467686
3115,1,1.9116478,.0091467686
3116,0,.72967154,.8917557
3116,1,.75856221,.8917557
3117,0,.64946067,.56382698
3117,1,1.067705,.56382698
3118,0,.17501104,.63508767
3118,1,.52661085,.63508767
3119,0,1.9102376,.47964546
3119,1,2.8072813,.47964546
3120,0,2.1692109,.63995075
3120,1,1.8827415,.63995075
3121,0,1.8732241,.16638337
3121,1,2.362169,.16638337
3122,0,2.3434255,.94154453
3122,1,3.1144261,.94154453
3123,0,1.5913969,.86394399
3123,1,2.1858952,.86394399
3124,0,2.4267254,.97476006
3124,1,2.9555924,.97476006
3125,0,3.6091778,.60443348
3125,1,4.3488374,.60443348
3126,0,3.1616495,.0091942586
3126,1,3.1191144,.0091942586
3127,0,2.9006231,.074959144
3127,1,2.8648908,.074959144
3128,0,.93035436,.68404186
3128,1,1.4601208,.68404186
3129,0,1.8486009,.33709344
3129,1,2.5357811,.33709344
3130,0,2.43929,.56556064
3130,1,2.5923915,.56556064
3131,0,3.1094072,0
3131,1,3.5834572,0
3132,0,.1951867,.12658228
3132,1,.24021487,.12658228
3133,0,2.0245328,0
3133,1,1.98247,0
3134,0,.30221951,.17678866
3134,1,.32138273,.17678866
3135,0,1.5023829,.51797843
3135,1,1.824639,.51797843
3136,0,4.5990505,.65779227
3136,1,4.4236245,.65779227
3137,0,4.4830122,.28506684
3137,1,4.596766,.28506684
3138,0,1.621666,0
3138,1,.62360781,0
3139,0,2.2475011,.40794137
3139,1,2.9156339,.40794137
3140,0,1.4144629,.43223608
3140,1,1.6668673,.43223608
3141,0,1.461107,.77742112
3141,1,2.2141907,.77742112
3142,0,2.922133,.048578281
3142,1,2.4268925,.048578281
3143,0,2.1655903,0
3143,1,2.1998918,0
3144,0,2.9745855,.55578864
3144,1,3.3247561,.55578864
3145,0,1.7196778,.45695528
3145,1,1.0390215,.45695528
3146,0,2.7193041,.86590356
3146,1,3.5038691,.86590356
3147,0,3.1447921,.3181977
3147,1,3.1272194,.3181977
3148,0,.49808067,.53137368
3148,1,.67092985,.53137368
3149,0,2.0994732,.6682632
3149,1,2.2601843,.6682632
3150,0,2.9528208,.072867714
3150,1,2.4431512,.072867714
3151,0,2.1828983,.68223977
3151,1,2.4961953,.68223977
3152,0,2.4419537,.50150418
3152,1,2.8025196,.50150418
3153,0,2.1525934,.075367577
3153,1,2.2746449,.075367577
3154,0,1.1220469,.34629413
3154,1,1.0542917,.34629413
3155,0,1.4895141,0
3155,1,2.3473556,0
3156,0,2.157378,.71147019
3156,1,2.6049809,.71147019
3157,0,3.9059711,.27917472
3157,1,4.4000421,.27917472
3158,0,2.4402623,.94097406
3158,1,2.3698709,.94097406
3159,0,1.2705441,.15947227
3159,1,1.4173821,.15947227
3160,0,.72097182,.21066315
3160,1,1.2736897,.21066315
3161,0,-.22944754,.31504774
3161,1,.35976338,.31504774
3162,0,1.5741506,.21342744
3162,1,1.2554041,.21342744
3163,0,2.2818186,.50502557
3163,1,2.5721717,.50502557
3164,0,1.9003146,.4877736
3164,1,2.7928207,.4877736
3165,0,1.2807671,0
3165,1,.91914654,0
3166,0,-.5073235,.58242249
3166,1,-.48914474,.58242249
3167,0,2.2030184,.43364811
3167,1,2.6396255,.43364811
3168,0,1.2880424,.084659144
3168,1,1.3164829,.084659144
3169,0,3.6267695,0
3169,1,3.0147407,0
3170,0,3.026032,.83497512
3170,1,3.6527538,.83497512
3171,0,.58554798,.44560742
3171,1,1.3444701,.44560742
3172,0,1.2047579,.17830105
3172,1,2.1929374,.17830105
3173,0,1.6895763,0
3173,1,1.9123298,0
3174,0,3.4045329,.16402757
3174,1,3.5246105,.16402757
3175,0,1.1660197,.92094135
3175,1,1.2642205,.92094135
3176,0,.94967538,.07458353
3176,1,1.3672402,.07458353
3177,0,.73661482,.33978659
3177,1,.85669386,.33978659
3178,0,1.1664627,.48907852
3178,1,2.0445812,.48907852
3179,0,1.4364817,.19381794
3179,1,1.2051487,.19381794
3180,0,.10476898,.55459177
3180,1,.23627634,.55459177
3181,0,2.1230495,0
3181,1,2.0844254,0
3182,0,2.1702032,.27039319
3182,1,2.6040697,.27039319
3183,0,-.0034325421,.41442353
3183,1,-.13546565,.41442353
3184,0,1.788586,.83360034
3184,1,2.8884335,.83360034
3185,0,2.0699015,.02628414
3185,1,1.3513999,.02628414
3186,0,1.6648262,.29390445
3186,1,2.1073902,.29390445
3187,0,1.799456,.30216274
3187,1,1.7437999,.30216274
3188,0,2.4534225,.85219693
3188,1,3.373574,.85219693
3189,0,1.8848504,.17245647
3189,1,1.7494688,.17245647
3190,0,3.6031506,.73087549
3190,1,3.812737,.73087549
3191,0,3.3803575,0
3191,1,2.9271541,0
3192,0,1.9824044,.32330486
3192,1,2.4379818,.32330486
3193,0,.58621097,.40797421
3193,1,.70377755,.40797421
3194,0,2.3687067,.95540166
3194,1,2.5618103,.95540166
3195,0,1.5177766,.64242882
3195,1,2.200479,.64242882
3196,0,1.005329,.36165705
3196,1,.98360455,.36165705
3197,0,2.3899956,0
3197,1,2.606302,0
3198,0,1.9914352,.71699053
3198,1,2.3197186,.71699053
3199,0,2.048697,.90657324
3199,1,2.6974499,.90657324
3200,0,1.3949686,.72816545
3200,1,1.9140896,.72816545
3201,0,3.5993934,.03913983
3201,1,3.923111,.03913983
3202,0,2.3376417,.67869377
3202,1,2.3779023,.67869377
3203,0,1.8345945,.57145661
3203,1,2.376343,.57145661
3204,0,3.3649626,0
3204,1,3.0663321,0
3205,0,2.4743299,.34420195
3205,1,2.0037594,.34420195
3206,0,2.8371711,.85300165
3206,1,2.8257787,.85300165
3207,0,3.241559,.35101202
3207,1,3.2452247,.35101202
3208,0,-.85608113,.21204095
3208,1,-.17073944,.21204095
3209,0,.91133952,.81598639
3209,1,1.9995122,.81598639
3210,0,3.28685,.95752305
3210,1,3.5357997,.95752305
3211,0,.78448695,.80811542
3211,1,1.3190069,.80811542
3212,0,.10410233,.93034756
3212,1,.77890044,.93034756
3213,0,3.2081771,.58966011
3213,1,2.4916663,.58966011
3214,0,2.0588002,.51392376
3214,1,1.8304329,.51392376
3215,0,2.6713595,.15828514
3215,1,2.7235963,.15828514
3216,0,2.671639,0
3216,1,2.3252659,0
3217,0,1.3505045,.38937721
3217,1,1.6970946,.38937721
3218,0,2.6335158,.49508554
3218,1,3.3832893,.49508554
3219,0,2.3388829,.12712032
3219,1,1.9293895,.12712032
3220,0,3.2028682,.5400117
3220,1,3.5858734,.5400117
3221,0,2.515728,.2806899
3221,1,2.3319049,.2806899
3222,0,.9782418,.75125748
3222,1,1.2341393,.75125748
3223,0,2.2177396,.34172398
3223,1,2.427738,.34172398
3224,0,2.5984051,.94256383
3224,1,3.5216296,.94256383
3225,0,1.8238924,.097245485
3225,1,1.9099766,.097245485
3226,0,1.3369496,.63969153
3226,1,1.2232711,.63969153
3227,0,3.4379871,.93527669
3227,1,5.0202975,.93527669
3228,0,2.2346215,.28609082
3228,1,2.5530465,.28609082
3229,0,2.1134477,.73143589
3229,1,2.2854044,.73143589
3230,0,2.4389925,.39520574
3230,1,2.5069847,.39520574
3231,0,2.2198031,.41353044
3231,1,2.071574,.41353044
3232,0,2.2038441,.30067104
3232,1,1.8617076,.30067104
3233,0,.62789333,.85559714
3233,1,.66039193,.85559714
3234,0,2.8740594,.071801476
3234,1,2.9412806,.071801476
3235,0,1.7784357,0
3235,1,1.5057799,0
3236,0,3.3963301,0
3236,1,2.8626559,0
3237,0,1.8936849,.71030909
3237,1,2.0457859,.71030909
3238,0,3.5144904,.93748742
3238,1,3.4520447,.93748742
3239,0,2.1598186,.99425077
3239,1,2.0687301,.99425077
3240,0,2.6188126,.88292813
3240,1,2.6422601,.88292813
3241,0,1.1861769,.51200801
3241,1,2.0673132,.51200801
3242,0,2.0314484,.79655778
3242,1,2.9390841,.79655778
3243,0,2.8731742,.94248587
3243,1,3.6426313,.94248587
3244,0,2.8673432,0
3244,1,2.9306984,0
3245,0,1.8804232,.58356845
3245,1,2.4228392,.58356845
3246,0,1.9059503,0
3246,1,2.0800776,0
3247,0,2.6487834,.36764443
3247,1,3.3162746,.36764443
3248,0,2.5360281,.99349344
3248,1,2.4468625,.99349344
3249,0,.86979711,.71776271
3249,1,1.3516279,.71776271
3250,0,2.8857207,.20777367
3250,1,2.6567838,.20777367
3251,0,1.6353546,.36632198
3251,1,1.2841593,.36632198
3252,0,3.3000813,.74503255
3252,1,3.7567792,.74503255
3253,0,2.3254249,.44301087
3253,1,2.6229532,.44301087
3254,0,.46675858,.12075906
3254,1,.38767084,.12075906
3255,0,4.0739026,.97169882
3255,1,4.7116857,.97169882
3256,0,3.1899624,.23813345
3256,1,2.6423757,.23813345
3257,0,-.0017317552,.59101146
3257,1,.30763477,.59101146
3258,0,1.833613,.62134624
3258,1,2.1809392,.62134624
3259,0,1.8521864,0
3259,1,2.1309237,0
3260,0,1.9608188,.20068529
3260,1,2.6114488,.20068529
3261,0,2.0840833,0
3261,1,1.621295,0
3262,0,1.8241792,0
3262,1,1.470942,0
3263,0,.15304634,.025448386
3263,1,-.36313605,.025448386
3264,0,2.0027866,0
3264,1,2.1884234,0
3265,0,2.0257785,.073545784
3265,1,1.9777319,.073545784
3266,0,1.303286,.63671219
3266,1,1.6319232,.63671219
3267,0,1.3934042,0
3267,1,1.8077246,0
3268,0,1.6920183,.055693593
3268,1,1.3004103,.055693593
3269,0,1.8319093,.95138884
3269,1,2.7826664,.95138884
3270,0,4.7176471,.26853892
3270,1,4.7502007,.26853892
3271,0,2.0369332,0
3271,1,1.8026228,0
3272,0,.96584487,.088256419
3272,1,1.3435488,.088256419
3273,0,1.5894284,0
3273,1,1.1405332,0
3274,0,1.7438049,.92236966
3274,1,2.1918042,.92236966
3275,0,1.8273946,.16669843
3275,1,1.7365679,.16669843
3276,0,1.7294389,.58000022
3276,1,1.9530678,.58000022
3277,0,3.3877852,.73190182
3277,1,3.3019385,.73190182
3278,0,2.7641068,.38420883
3278,1,2.8628676,.38420883
3279,0,1.908716,.39723775
3279,1,2.2728271,.39723775
3280,0,4.2547007,.5542388
3280,1,3.7557971,.5542388
3281,0,1.1729993,.94486445
3281,1,1.5228295,.94486445
3282,0,3.7939985,.84048182
3282,1,4.5289297,.84048182
3283,0,2.221595,.71566147
3283,1,3.2201693,.71566147
3284,0,2.4415147,.070252381
3284,1,2.6690016,.070252381
3285,0,1.2435659,.87107587
3285,1,2.0577793,.87107587
3286,0,3.0167394,.0039736656
3286,1,2.8815522,.0039736656
3287,0,3.2189639,.14196527
3287,1,2.2123132,.14196527
3288,0,3.6271722,.1548173
3288,1,3.8858931,.1548173
3289,0,3.1024673,.16295418
3289,1,3.2711821,.16295418
3290,0,.77046126,.649391
3290,1,1.1494821,.649391
3291,0,2.6488726,0
3291,1,2.3016729,0
3292,0,2.3321009,.47953388
3292,1,2.6501944,.47953388
3293,0,2.6663578,.090211347
3293,1,3.2638543,.090211347
3294,0,1.6872536,.30147842
3294,1,2.2770855,.30147842
3295,0,2.1236794,.45572299
3295,1,1.8462782,.45572299
3296,0,1.9031864,0
3296,1,2.4061637,0
3297,0,2.6582363,0
3297,1,2.9777946,0
3298,0,1.5730708,.36565474
3298,1,2.3082252,.36565474
3299,0,2.3080919,0
3299,1,2.5887589,0
3300,0,2.5908995,.5021354
3300,1,3.0699539,.5021354
3301,0,2.7933531,0
3301,1,2.5602376,0
3302,0,.62862575,.36064434
3302,1,.83722448,.36064434
3303,0,.85445613,.77256131
3303,1,.86434948,.77256131
3304,0,.42737895,.89772296
3304,1,.56469333,.89772296
3305,0,.42274249,0
3305,1,1.0103035,0
3306,0,1.7666377,.76870036
3306,1,1.9368949,.76870036
3307,0,1.4107186,.71881819
3307,1,1.8669877,.71881819
3308,0,2.4580841,0
3308,1,2.8808374,0
3309,0,.2021296,.91165727
3309,1,.37351111,.91165727
3310,0,2.3998775,.61679113
3310,1,2.7570732,.61679113
3311,0,.072905421,.17158198
3311,1,.25129828,.17158198
3312,0,2.4934425,.50498086
3312,1,2.369226,.50498086
3313,0,2.0471277,.053683814
3313,1,1.8534563,.053683814
3314,0,-.044502139,.92591709
3314,1,.74581552,.92591709
3315,0,1.9169309,0
3315,1,2.3445051,0
3316,0,1.7127153,0
3316,1,1.6125586,0
3317,0,1.5667006,.72170776
3317,1,1.7058946,.72170776
3318,0,3.2086153,.063133188
3318,1,3.6730347,.063133188
3319,0,2.4522841,.84190583
3319,1,2.671283,.84190583
3320,0,1.7643554,.47901127
3320,1,2.002265,.47901127
3321,0,1.5874201,0
3321,1,1.8460202,0
3322,0,1.8008498,0
3322,1,1.8236579,0
3323,0,3.2265913,.19819871
3323,1,3.7661016,.19819871
3324,0,2.1629696,.021937001
3324,1,1.8479036,.021937001
3325,0,.060944371,.66304892
3325,1,.41717982,.66304892
3326,0,1.8407775,.10191207
3326,1,2.1101367,.10191207
3327,0,2.5409937,.9967041
3327,1,2.6142778,.9967041
3328,0,2.3414865,.41263673
3328,1,2.6072674,.41263673
3329,0,.94590235,.39082181
3329,1,2.1080928,.39082181
3330,0,3.4755902,.79647541
3330,1,4.544971,.79647541
3331,0,1.0501747,.90133518
3331,1,1.5366567,.90133518
3332,0,2.6003945,.46558258
3332,1,2.8077142,.46558258
3333,0,1.9811822,.20272619
3333,1,2.1622362,.20272619
3334,0,4.0483289,.010385713
3334,1,4.0252504,.010385713
3335,0,-1.9785423,0
3335,1,-1.2921067,0
3336,0,4.3633485,.33304036
3336,1,4.576046,.33304036
3337,0,1.746488,.28728133
3337,1,1.6969185,.28728133
3338,0,2.2767992,0
3338,1,2.1576326,0
3339,0,1.8347356,0
3339,1,2.022172,0
3340,0,1.4280422,.7494024
3340,1,1.0730321,.7494024
3341,0,2.5525737,.38465762
3341,1,3.4025173,.38465762
3342,0,2.9323876,.32174519
3342,1,3.4005404,.32174519
3343,0,1.827947,0
3343,1,2.0719235,0
3344,0,2.9171011,.29998258
3344,1,2.8592179,.29998258
3345,0,.9088788,.099476449
3345,1,1.2577795,.099476449
3346,0,.77737224,.29943478
3346,1,1.2517439,.29943478
3347,0,2.0789733,.94539768
3347,1,2.9203086,.94539768
3348,0,2.2889144,.20558031
3348,1,3.0449584,.20558031
3349,0,2.2201385,0
3349,1,2.6688342,0
3350,0,1.9930965,.89924842
3350,1,2.0049152,.89924842
3351,0,.84278619,.79416066
3351,1,1.2042952,.79416066
3352,0,2.8806138,.48944148
3352,1,4.1095309,.48944148
3353,0,3.0480196,0
3353,1,3.2368464,0
3354,0,.87318182,.16995455
3354,1,.98739231,.16995455
3355,0,1.6278981,0
3355,1,1.6759045,0
3356,0,2.3844752,.70319921
3356,1,2.462204,.70319921
3357,0,3.5054009,.86221367
3357,1,4.0624638,.86221367
3358,0,.37294102,.76125461
3358,1,1.2157948,.76125461
3359,0,2.27758,.94010985
3359,1,3.2399194,.94010985
3360,0,1.9250858,.33331993
3360,1,2.8214016,.33331993
3361,0,1.6697947,.22595826
3361,1,1.6102314,.22595826
3362,0,3.6146297,.69691223
3362,1,4.0667973,.69691223
3363,0,3.1496482,.025401961
3363,1,2.335094,.025401961
3364,0,3.6174498,.40637696
3364,1,4.222815,.40637696
3365,0,-.065792918,.46504581
3365,1,.044795334,.46504581
3366,0,3.0790896,.84506327
3366,1,2.5089869,.84506327
3367,0,.78918034,.59332949
3367,1,1.0862945,.59332949
3368,0,1.0613086,.46149397
3368,1,1.6995164,.46149397
3369,0,2.126734,.36231077
3369,1,2.5155716,.36231077
3370,0,.078713775,.89279228
3370,1,.30942073,.89279228
3371,0,1.1700145,.43272847
3371,1,1.3845159,.43272847
3372,0,1.8300042,.057636082
3372,1,1.8941457,.057636082
3373,0,1.8041124,.24464318
3373,1,1.795024,.24464318
3374,0,2.5623031,.64148545
3374,1,2.8193958,.64148545
3375,0,2.5504127,.96160638
3375,1,2.652544,.96160638
3376,0,2.1383786,.51620805
3376,1,1.9896948,.51620805
3377,0,2.5261452,.076255701
3377,1,3.1460173,.076255701
3378,0,4.4714737,.18332502
3378,1,4.7602248,.18332502
3379,0,1.5494783,.26190037
3379,1,1.4133568,.26190037
3380,0,1.0806816,.37691316
3380,1,1.3924453,.37691316
3381,0,2.1035399,.67450505
3381,1,2.2927637,.67450505
3382,0,3.8839357,0
3382,1,2.7618489,0
3383,0,3.3579338,.46457556
3383,1,2.5605326,.46457556
3384,0,1.8085551,0
3384,1,1.20278,0
3385,0,2.3644514,.49641904
3385,1,2.6200354,.49641904
3386,0,1.4401366,0
3386,1,1.7231731,0
3387,0,2.7031453,.55405027
3387,1,3.9210103,.55405027
3388,0,1.9857221,.82609367
3388,1,1.9632756,.82609367
3389,0,.5921306,.18172301
3389,1,.95882994,.18172301
3390,0,1.2207079,.24897298
3390,1,.59956139,.24897298
3391,0,.083108783,0
3391,1,.77515268,0
3392,0,2.0190551,.39648914
3392,1,2.0351901,.39648914
3393,0,1.6722764,.75437409
3393,1,2.1395061,.75437409
3394,0,2.1005545,.98659873
3394,1,2.4871118,.98659873
3395,0,3.8799117,.022559548
3395,1,3.8526318,.022559548
3396,0,1.9681265,.85977477
3396,1,2.8487983,.85977477
3397,0,.29544458,.60097569
3397,1,.74501371,.60097569
3398,0,2.1998122,.4672581
3398,1,2.3948002,.4672581
3399,0,2.3290584,.15060781
3399,1,2.2025797,.15060781
3400,0,2.826431,.62200397
3400,1,2.4321706,.62200397
3401,0,1.7935791,.81560421
3401,1,2.5890448,.81560421
3402,0,2.1974697,.12703881
3402,1,3.0383227,.12703881
3403,0,1.5571512,.52151525
3403,1,1.9239488,.52151525
3404,0,.39635402,.65377086
3404,1,.34828126,.65377086
3405,0,1.4901798,.50153774
3405,1,1.6661007,.50153774
3406,0,2.1873066,0
3406,1,1.740187,0
3407,0,.87517607,.81985205
3407,1,1.1606565,.81985205
3408,0,2.83672,.82357842
3408,1,3.2557771,.82357842
3409,0,.73310018,.98124844
3409,1,1.9782151,.98124844
3410,0,2.2330465,.47570622
3410,1,1.3693902,.47570622
3411,0,1.7224702,.65352833
3411,1,2.4597688,.65352833
3412,0,3.3192637,0
3412,1,3.1148584,0
3413,0,4.1020679,.58979058
3413,1,3.6747308,.58979058
3414,0,1.1988739,.6371215
3414,1,1.1348935,.6371215
3415,0,2.5813267,.99864054
3415,1,3.4345245,.99864054
3416,0,3.3723285,.13461368
3416,1,3.6838052,.13461368
3417,0,2.5437801,.38938016
3417,1,3.2836139,.38938016
3418,0,-.25564873,.12500863
3418,1,-.87725931,.12500863
3419,0,2.6584463,0
3419,1,2.2624624,0
3420,0,1.8998628,.48198399
3420,1,2.1583154,.48198399
3421,0,.78282207,.69997394
3421,1,1.1982124,.69997394
3422,0,4.2182808,.72698271
3422,1,4.0322514,.72698271
3423,0,2.6129618,0
3423,1,2.1199887,0
3424,0,3.4055135,.032852124
3424,1,2.8971949,.032852124
3425,0,2.127501,.63127619
3425,1,2.5074651,.63127619
3426,0,1.9314584,.57160729
3426,1,1.8812051,.57160729
3427,0,2.6776218,0
3427,1,3.2350428,0
3428,0,2.8425007,.013454577
3428,1,2.3447423,.013454577
3429,0,.2954877,.049736444
3429,1,.071240932,.049736444
3430,0,1.5284623,.10143752
3430,1,1.0275928,.10143752
3431,0,2.2875776,.57414395
3431,1,2.7295544,.57414395
3432,0,.42722234,.27662805
3432,1,.26034763,.27662805
3433,0,2.2459538,.46437407
3433,1,2.4325144,.46437407
3434,0,2.0578361,.11384769
3434,1,2.0061991,.11384769
3435,0,2.4702008,0
3435,1,2.325933,0
3436,0,3.2966127,.41718605
3436,1,3.7820261,.41718605
3437,0,2.1144378,.15858731
3437,1,1.7106813,.15858731
3438,0,.15735893,.075250551
3438,1,.14200133,.075250551
3439,0,1.8433366,.92651993
3439,1,2.5054581,.92651993
3440,0,1.2526892,.56677264
3440,1,1.6750364,.56677264
3441,0,1.1994214,0
3441,1,1.4906349,0
3442,0,2.4798417,.40583402
3442,1,3.1482193,.40583402
3443,0,2.3459892,0
3443,1,2.0129986,0
3444,0,3.0989242,.48022121
3444,1,3.4059567,.48022121
3445,0,2.8161201,.55192751
3445,1,2.4588978,.55192751
3446,0,3.0245545,.64622146
3446,1,2.9792604,.64622146
3447,0,2.2935278,.5919677
3447,1,2.192169,.5919677
3448,0,1.3395241,.20339142
3448,1,1.2563727,.20339142
3449,0,2.6729846,.45630494
3449,1,2.728919,.45630494
3450,0,1.6439308,.057792086
3450,1,1.3391311,.057792086
3451,0,3.8693039,.78348005
3451,1,4.8443427,.78348005
3452,0,2.2801239,0
3452,1,2.5954027,0
3453,0,2.0189643,.30178955
3453,1,2.5589769,.30178955
3454,0,2.2867761,.012258672
3454,1,3.022819,.012258672
3455,0,2.7049057,.97398859
3455,1,3.387125,.97398859
3456,0,3.7962859,.18458006
3456,1,3.9194937,.18458006
3457,0,2.5113158,.27390182
3457,1,2.5074325,.27390182
3458,0,3.1366503,0
3458,1,3.7777386,0
3459,0,3.0435736,.46991506
3459,1,3.9671862,.46991506
3460,0,1.790714,.53199196
3460,1,1.5120993,.53199196
3461,0,3.883925,.39213106
3461,1,3.8733346,.39213106
3462,0,1.8841746,.62704521
3462,1,3.0702696,.62704521
3463,0,2.4041798,.57628739
3463,1,3.2921169,.57628739
3464,0,1.2645496,.85426247
3464,1,1.5623556,.85426247
3465,0,2.0555665,.42984024
3465,1,3.0104423,.42984024
3466,0,1.8728217,.19064482
3466,1,2.1666842,.19064482
3467,0,1.6394438,.8852675
3467,1,1.7566094,.8852675
3468,0,1.2565486,.19951546
3468,1,1.4956484,.19951546
3469,0,2.4492695,0
3469,1,2.5317864,0
3470,0,1.7169594,0
3470,1,2.4165571,0
3471,0,1.2682198,.13267896
3471,1,1.2531422,.13267896
3472,0,.7889455,.47403359
3472,1,.92774445,.47403359
3473,0,2.2884684,.95015711
3473,1,2.7502451,.95015711
3474,0,2.3172474,.85386187
3474,1,3.2623672,.85386187
3475,0,.99157453,.0012722843
3475,1,1.6453887,.0012722843
3476,0,2.2694027,.140716
3476,1,2.0408938,.140716
3477,0,1.1371231,.58247536
3477,1,1.6570067,.58247536
3478,0,-.31502873,.54898721
3478,1,.085697219,.54898721
3479,0,3.1786923,0
3479,1,3.2307098,0
3480,0,2.6535325,0
3480,1,2.1646357,0
3481,0,1.7126426,.43034506
3481,1,2.1658287,.43034506
3482,0,1.6470451,.39590076
3482,1,1.7375154,.39590076
3483,0,-.23268314,.79907668
3483,1,-.1667355,.79907668
3484,0,1.5216687,.2058998
3484,1,2.6592276,.2058998
3485,0,2.8460255,.11444269
3485,1,2.4318659,.11444269
3486,0,1.8201463,.93685073
3486,1,1.7851601,.93685073
3487,0,1.0659853,.68768382
3487,1,2.226136,.68768382
3488,0,2.3036058,.19560505
3488,1,2.3380721,.19560505
3489,0,1.9916289,.71556509
3489,1,1.8586169,.71556509
3490,0,-.21884745,.68868035
3490,1,.47909167,.68868035
3491,0,2.7271202,0
3491,1,3.0272112,0
3492,0,2.7171838,.93312985
3492,1,2.8766758,.93312985
3493,0,2.165936,.59114206
3493,1,2.2622278,.59114206
3494,0,2.4566598,.48692009
3494,1,2.6450779,.48692009
3495,0,2.7365823,.58804923
3495,1,2.4038589,.58804923
3496,0,1.2730072,.90290129
3496,1,1.3986559,.90290129
3497,0,.20573738,.40334013
3497,1,-.12264918,.40334013
3498,0,.68368328,.1735225
3498,1,1.0644218,.1735225
3499,0,1.9922457,.44020629
3499,1,2.6328831,.44020629
3500,0,2.616081,0
3500,1,2.526228,0
3501,0,2.8252444,.68897367
3501,1,3.480612,.68897367
3502,0,1.9690624,.21291755
3502,1,2.2585294,.21291755
3503,0,3.2719982,.75525057
3503,1,3.116641,.75525057
3504,0,1.8330073,.36901858
3504,1,1.9553174,.36901858
3505,0,2.1629996,.37171644
3505,1,2.2320554,.37171644
3506,0,3.1496558,0
3506,1,3.1373382,0
3507,0,.17184761,0
3507,1,.56258166,0
3508,0,2.7539408,.26841274
3508,1,2.9854462,.26841274
3509,0,3.452667,.22656375
3509,1,4.1236801,.22656375
3510,0,.54136384,0
3510,1,1.5018976,0
3511,0,2.5075631,0
3511,1,2.4366224,0
3512,0,1.7965363,.38278496
3512,1,1.6649506,.38278496
3513,0,4.5354824,.73819917
3513,1,4.7500463,.73819917
3514,0,.6852271,.31629008
3514,1,1.6345339,.31629008
3515,0,1.9466412,.76545525
3515,1,2.3501933,.76545525
3516,0,-.72259074,.60950434
3516,1,-.25189507,.60950434
3517,0,3.1520078,.53250736
3517,1,2.6104627,.53250736
3518,0,.62726557,0
3518,1,.33136007,0
3519,0,.4200207,.48734763
3519,1,1.1647207,.48734763
3520,0,1.2093285,.24304508
3520,1,1.7624466,.24304508
3521,0,2.3941534,.073794276
3521,1,2.7319899,.073794276
3522,0,2.0039291,0
3522,1,2.1727846,0
3523,0,.76675886,.62613428
3523,1,1.4729733,.62613428
3524,0,1.6594594,.94237465
3524,1,2.3150482,.94237465
3525,0,2.4238119,.29517636
3525,1,2.9595008,.29517636
3526,0,2.2750313,.27009007
3526,1,1.4584081,.27009007
3527,0,1.4486727,.93488824
3527,1,2.2932892,.93488824
3528,0,2.7162066,0
3528,1,2.2830555,0
3529,0,2.8051739,.28037497
3529,1,2.6699288,.28037497
3530,0,.52095997,.68602729
3530,1,1.4257898,.68602729
3531,0,1.8435466,0
3531,1,2.4327307,0
3532,0,2.3167138,.19032353
3532,1,1.5747528,.19032353
3533,0,2.7869616,.245673
3533,1,3.2223072,.245673
3534,0,2.5059919,.79298401
3534,1,2.9713945,.79298401
3535,0,.35853842,0
3535,1,.57191771,0
3536,0,2.4413671,.92594707
3536,1,2.1806808,.92594707
3537,0,3.8131013,.9909727
3537,1,3.8709376,.9909727
3538,0,3.2058835,.28310439
3538,1,3.360204,.28310439
3539,0,3.1576018,.65321368
3539,1,3.6823161,.65321368
3540,0,1.1246207,0
3540,1,1.2511646,0
3541,0,2.1144304,.85241574
3541,1,2.3413484,.85241574
3542,0,.69159245,0
3542,1,1.0010709,0
3543,0,1.5209254,0
3543,1,1.3754325,0
3544,0,1.0948629,.40288353
3544,1,1.362939,.40288353
3545,0,.91322041,.99016762
3545,1,1.1594354,.99016762
3546,0,2.0843413,.77674359
3546,1,1.9634744,.77674359
3547,0,2.5371759,0
3547,1,2.1666112,0
3548,0,3.6574693,0
3548,1,3.7162604,0
3549,0,2.8900635,0
3549,1,3.1393237,0
3550,0,1.7519002,.83843225
3550,1,3.0605721,.83843225
3551,0,.78120691,0
3551,1,.82786834,0
3552,0,.87805992,0
3552,1,1.1117196,0
3553,0,-.063915521,.46596995
3553,1,.15207246,.46596995
3554,0,2.0519304,.44823143
3554,1,2.4634478,.44823143
3555,0,2.7893929,.85446614
3555,1,3.4363313,.85446614
3556,0,3.8764088,.52447706
3556,1,3.3667171,.52447706
3557,0,2.5847487,.590119
3557,1,3.727618,.590119
3558,0,2.398072,0
3558,1,2.8965402,0
3559,0,1.8899359,.68058842
3559,1,1.8590487,.68058842
3560,0,.75640184,0
3560,1,.88216805,0
3561,0,.69715655,0
3561,1,1.3320971,0
3562,0,2.2605937,.35417503
3562,1,2.3812532,.35417503
3563,0,.85932058,.93121451
3563,1,1.7849545,.93121451
3564,0,1.4244456,.26501366
3564,1,1.9894434,.26501366
3565,0,1.4515704,.80064595
3565,1,2.4384775,.80064595
3566,0,1.0617423,.43662503
3566,1,1.5173715,.43662503
3567,0,3.9319754,.19000909
3567,1,3.6345832,.19000909
3568,0,.76395226,0
3568,1,.78522217,0
3569,0,4.2970223,.10159024
3569,1,3.9270134,.10159024
3570,0,2.90503,.26318812
3570,1,2.5717337,.26318812
3571,0,1.7355994,0
3571,1,1.8710849,0
3572,0,1.8760241,0
3572,1,1.9159476,0
3573,0,2.5646822,.20678429
3573,1,2.2951412,.20678429
3574,0,3.7795093,.23915941
3574,1,3.9287708,.23915941
3575,0,.18460044,.6173833
3575,1,.42250675,.6173833
3576,0,1.8718261,0
3576,1,2.1540656,0
3577,0,1.9458541,.53305387
3577,1,2.6439676,.53305387
3578,0,2.7073908,.63455975
3578,1,3.0371161,.63455975
3579,0,.50348777,.74129385
3579,1,.56425357,.74129385
3580,0,2.3585539,.96215618
3580,1,3.6836212,.96215618
3581,0,3.8840344,0
3581,1,4.2028403,0
3582,0,2.6645172,.38044751
3582,1,2.8600848,.38044751
3583,0,1.6064816,0
3583,1,1.1294791,0
3584,0,4.0018263,.53874129
3584,1,3.9766808,.53874129
3585,0,.96485996,.36431271
3585,1,1.1858248,.36431271
3586,0,1.0210475,.53173405
3586,1,1.3986323,.53173405
3587,0,2.2544634,0
3587,1,1.9788637,0
3588,0,3.3646257,.66120994
3588,1,3.1605902,.66120994
3589,0,2.9523575,.80744046
3589,1,3.5544624,.80744046
3590,0,2.1197436,0
3590,1,1.5000893,0
3591,0,.97712147,0
3591,1,1.2051262,0
3592,0,2.2407758,.19196239
3592,1,2.3663404,.19196239
3593,0,1.7726011,.21086591
3593,1,2.1069114,.21086591
3594,0,3.5969856,.81244725
3594,1,3.8716774,.81244725
3595,0,2.3851013,.37467366
3595,1,2.3200636,.37467366
3596,0,1.4809964,.63006634
3596,1,1.1868806,.63006634
3597,0,.10614243,.2722021
3597,1,.02431266,.2722021
3598,0,1.9748013,0
3598,1,1.7671258,0
3599,0,3.0965135,.96235031
3599,1,2.8739893,.96235031
3600,0,-1.3179269,.53532279
3600,1,-.23649925,.53532279
3601,0,1.7098489,.78951091
3601,1,2.6670165,.78951091
3602,0,2.0280781,0
3602,1,2.5844073,0
3603,0,1.5451614,0
3603,1,1.5478966,0
3604,0,2.5383606,.76885241
3604,1,3.1748662,.76885241
3605,0,3.1902163,0
3605,1,3.1078546,0
3606,0,.62391084,.032401595
3606,1,.23995219,.032401595
3607,0,1.4759759,0
3607,1,1.008409,0
3608,0,1.324378,.33436745
3608,1,1.4341438,.33436745
3609,0,3.0791166,0
3609,1,3.2651289,0
3610,0,3.2692659,.44164437
3610,1,3.3919733,.44164437
3611,0,3.6204977,.17022337
3611,1,3.4305058,.17022337
3612,0,1.0882668,.80682504
3612,1,1.2705406,.80682504
3613,0,2.7916136,0
3613,1,2.5809107,0
3614,0,.93236291,.25117424
3614,1,1.5875547,.25117424
3615,0,1.3753906,0
3615,1,1.2920326,0
3616,0,.63724637,.91621977
3616,1,1.3832022,.91621977
3617,0,1.8080244,.34987488
3617,1,2.1063621,.34987488
3618,0,2.2804041,.49333745
3618,1,2.7150302,.49333745
3619,0,1.3031421,.92726254
3619,1,1.9526132,.92726254
3620,0,2.6121039,0
3620,1,3.2301688,0
3621,0,3.9494288,.36926675
3621,1,4.1479111,.36926675
3622,0,1.5931226,.92129141
3622,1,1.8998808,.92129141
3623,0,2.7878964,0
3623,1,3.092629,0
3624,0,3.5391557,.9388265
3624,1,4.1258383,.9388265
3625,0,.52194458,.43270397
3625,1,.75102502,.43270397
3626,0,3.1618581,.3617897
3626,1,3.2374146,.3617897
3627,0,2.4029477,.6396845
3627,1,2.7960458,.6396845
3628,0,2.0362458,.56554002
3628,1,2.1264803,.56554002
3629,0,1.4713584,.40867338
3629,1,1.7966388,.40867338
3630,0,2.3889275,0
3630,1,2.3857734,0
3631,0,2.2283323,.70415485
3631,1,2.3374348,.70415485
3632,0,.31390309,.20041731
3632,1,.57325113,.20041731
3633,0,1.161294,.74154717
3633,1,2.0387623,.74154717
3634,0,3.258744,.73380584
3634,1,3.6933293,.73380584
3635,0,2.6481745,.41479304
3635,1,2.3488419,.41479304
3636,0,2.6196256,.37101883
3636,1,2.6767719,.37101883
3637,0,1.0445908,.78402781
3637,1,1.5111369,.78402781
3638,0,2.0744984,.95478493
3638,1,2.836957,.95478493
3639,0,3.5671437,.63060808
3639,1,4.0285397,.63060808
3640,0,1.0261551,.65153694
3640,1,1.4637671,.65153694
3641,0,3.8219786,.79172319
3641,1,5.1147299,.79172319
3642,0,2.2845657,.99210012
3642,1,2.2568548,.99210012
3643,0,3.0851765,.13888131
3643,1,3.3018422,.13888131
3644,0,1.8817832,0
3644,1,1.2926151,0
3645,0,2.611062,0
3645,1,2.1569526,0
3646,0,1.5097238,.12313756
3646,1,1.3804796,.12313756
3647,0,1.057948,0
3647,1,1.4494615,0
3648,0,1.4331682,.41278732
3648,1,.94404769,.41278732
3649,0,1.4530839,.70457435
3649,1,1.6155632,.70457435
3650,0,4.8228626,.61198866
3650,1,5.2799993,.61198866
3651,0,3.551682,.55270958
3651,1,4.0943756,.55270958
3652,0,2.1566021,.75400233
3652,1,2.9532092,.75400233
3653,0,2.5172575,.66880083
3653,1,2.6333618,.66880083
3654,0,3.5530849,.16231126
3654,1,3.5676463,.16231126
3655,0,.59642023,.033399154
3655,1,.11578204,.033399154
3656,0,.88927162,.015818348
3656,1,1.3958704,.015818348
3657,0,.95574713,.34649393
3657,1,1.0869871,.34649393
3658,0,.99317247,.67368788
3658,1,1.2269683,.67368788
3659,0,1.9712524,.48258203
3659,1,2.2528682,.48258203
3660,0,3.7040582,.71705031
3660,1,3.9409325,.71705031
3661,0,-.48967195,.37946886
3661,1,.37105,.37946886
3662,0,.76521564,.6626395
3662,1,2.0572257,.6626395
3663,0,3.1646547,.71872318
3663,1,3.3133478,.71872318
3664,0,2.2132139,.42448127
3664,1,2.1904943,.42448127
3665,0,3.2069356,.5739308
3665,1,3.9574676,.5739308
3666,0,-.64937311,.85503179
3666,1,.29403988,.85503179
3667,0,.99993312,.11998177
3667,1,.92354017,.11998177
3668,0,1.0569196,.76533216
3668,1,1.7575916,.76533216
3669,0,2.609556,.22292934
3669,1,2.6426084,.22292934
3670,0,1.8320502,.52357221
3670,1,2.5352893,.52357221
3671,0,3.2530284,.81545621
3671,1,3.4764521,.81545621
3672,0,3.4764116,.59895146
3672,1,4.1247253,.59895146
3673,0,1.5305229,.13783064
3673,1,1.3793849,.13783064
3674,0,.98212934,0
3674,1,.54854316,0
3675,0,1.090788,.95309585
3675,1,1.6100956,.95309585
3676,0,2.8936746,.12971528
3676,1,3.1153224,.12971528
3677,0,4.0546169,.20021105
3677,1,3.9980416,.20021105
3678,0,2.7189817,.43577293
3678,1,2.7375894,.43577293
3679,0,-.11624396,.84176111
3679,1,1.4098365,.84176111
3680,0,3.5455875,.010836517
3680,1,3.5198369,.010836517
3681,0,.82119948,0
3681,1,1.3797607,0
3682,0,2.2835176,.19513924
3682,1,2.0930221,.19513924
3683,0,1.9642175,.61167186
3683,1,2.6177592,.61167186
3684,0,1.4346538,0
3684,1,1.4605255,0
3685,0,.32261121,.72579318
3685,1,1.6266129,.72579318
3686,0,1.8940383,.1481038
3686,1,2.1918166,.1481038
3687,0,1.5027738,.93147737
3687,1,1.6226594,.93147737
3688,0,2.5267527,.87954086
3688,1,2.6286566,.87954086
3689,0,2.3520985,0
3689,1,2.6667233,0
3690,0,3.9854686,.20416892
3690,1,4.1972337,.20416892
3691,0,2.930495,.68647873
3691,1,3.4500053,.68647873
3692,0,.88774413,.14977141
3692,1,.92600077,.14977141
3693,0,2.4178436,.76021916
3693,1,2.6078789,.76021916
3694,0,1.2197071,.61112642
3694,1,1.2912512,.61112642
3695,0,2.730778,.89728397
3695,1,2.7468615,.89728397
3696,0,1.5179486,.4848876
3696,1,1.6101563,.4848876
3697,0,3.0014441,.46360201
3697,1,2.9548702,.46360201
3698,0,3.411268,.12682745
3698,1,3.8963251,.12682745
3699,0,2.7225394,.31950611
3699,1,2.5135758,.31950611
3700,0,3.1857522,.70763421
3700,1,3.190835,.70763421
3701,0,1.2901698,0
3701,1,1.3258438,0
3702,0,2.7414336,.12610956
3702,1,2.7174866,.12610956
3703,0,1.8542805,.65379542
3703,1,2.4582183,.65379542
3704,0,1.910911,0
3704,1,1.0609522,0
3705,0,2.9955709,.76700711
3705,1,3.1596568,.76700711
3706,0,.31286001,.061465584
3706,1,.040042501,.061465584
3707,0,3.5894928,.78448808
3707,1,3.7686062,.78448808
3708,0,3.1022034,0
3708,1,3.839886,0
3709,0,-.30650634,0
3709,1,.050086409,0
3710,0,2.1882234,.20829973
3710,1,3.003139,.20829973
3711,0,1.5830417,.33691388
3711,1,2.2418931,.33691388
3712,0,1.4489807,.31234437
3712,1,1.9895322,.31234437
3713,0,1.3901587,0
3713,1,1.5761462,0
3714,0,3.7486653,.63375241
3714,1,3.3748169,.63375241
3715,0,2.0120449,.9762404
3715,1,2.1918337,.9762404
3716,0,2.5025041,.069971092
3716,1,2.5650921,.069971092
3717,0,3.4624438,.21523897
3717,1,3.5636506,.21523897
3718,0,1.7232095,0
3718,1,1.2402271,0
3719,0,3.3172598,.58844954
3719,1,2.8797057,.58844954
3720,0,1.861184,.82529819
3720,1,2.5820899,.82529819
3721,0,1.2573478,0
3721,1,1.8604741,0
3722,0,1.8370783,.12388223
3722,1,3.12872,.12388223
3723,0,1.472229,.8855077
3723,1,2.1657469,.8855077
3724,0,2.8754978,.32049248
3724,1,3.0763574,.32049248
3725,0,1.0405877,.43946877
3725,1,1.8418016,.43946877
3726,0,3.3264277,.031719785
3726,1,2.9620953,.031719785
3727,0,2.788835,.71603817
3727,1,3.2219815,.71603817
3728,0,1.7215126,0
3728,1,1.9187999,0
3729,0,3.0135241,.60622984
3729,1,3.5655034,.60622984
3730,0,1.2373458,.53909141
3730,1,1.7129022,.53909141
3731,0,1.5545484,.23303443
3731,1,1.8104368,.23303443
3732,0,1.2766814,.45758942
3732,1,1.9285719,.45758942
3733,0,.49851349,.57442254
3733,1,1.3079456,.57442254
3734,0,2.1507401,.015879117
3734,1,1.7191018,.015879117
3735,0,2.3123906,.68782455
3735,1,2.5858791,.68782455
3736,0,2.2871673,.41206989
3736,1,1.7595595,.41206989
3737,0,2.5552974,.23163585
3737,1,2.6558688,.23163585
3738,0,4.5279336,.17977196
3738,1,4.8361921,.17977196
3739,0,1.2093285,.89469105
3739,1,2.5072386,.89469105
3740,0,.96414411,.80994892
3740,1,1.8557928,.80994892
3741,0,1.2107475,.013764957
3741,1,1.0295662,.013764957
3742,0,2.8991151,.29179883
3742,1,3.4976265,.29179883
3743,0,2.1572449,0
3743,1,1.8408892,0
3744,0,1.5164855,.049630266
3744,1,1.460614,.049630266
3745,0,2.3139546,.97569889
3745,1,2.3538833,.97569889
3746,0,1.7633611,.73479635
3746,1,2.1622941,.73479635
3747,0,2.640671,.047097806
3747,1,2.4027004,.047097806
3748,0,2.5421743,.54020011
3748,1,2.757035,.54020011
3749,0,2.2742207,0
3749,1,1.9378223,0
3750,0,2.7062354,.60753465
3750,1,3.1276481,.60753465
3751,0,1.6750277,0
3751,1,2.110321,0
3752,0,.46370476,0
3752,1,-.01640287,0
3753,0,.77325571,0
3753,1,.51024508,0
3754,0,1.6091495,0
3754,1,2.0443697,0
3755,0,2.6594946,.0089348536
3755,1,3.1134248,.0089348536
3756,0,.78451037,.7030673
3756,1,1.4670105,.7030673
3757,0,3.0062048,0
3757,1,2.5148702,0
3758,0,2.000154,.057171214
3758,1,2.1319861,.057171214
3759,0,2.5033083,.20862582
3759,1,1.5953838,.20862582
3760,0,2.0823758,.24495088
3760,1,1.8609344,.24495088
3761,0,3.4027922,0
3761,1,2.9099126,0
3762,0,3.0013065,.58381909
3762,1,3.0546398,.58381909
3763,0,1.5095294,.8809678
3763,1,1.6069438,.8809678
3764,0,1.3663342,.17167442
3764,1,2.4003992,.17167442
3765,0,1.3854753,.40966412
3765,1,1.9269259,.40966412
3766,0,1.5081632,.67441106
3766,1,2.0276756,.67441106
3767,0,2.5599461,.81222689
3767,1,3.1627271,.81222689
3768,0,1.3463559,.36803836
3768,1,1.392822,.36803836
3769,0,.3923676,.36875498
3769,1,.25743467,.36875498
3770,0,1.504897,.63014179
3770,1,2.2768764,.63014179
3771,0,.90207577,.82773542
3771,1,1.0753971,.82773542
3772,0,5.365696,.65562522
3772,1,5.5654306,.65562522
3773,0,3.6832445,0
3773,1,4.0866032,0
3774,0,2.5281448,.9021731
3774,1,3.0936356,.9021731
3775,0,2.7680635,.63102347
3775,1,3.1060886,.63102347
3776,0,1.297972,.84081304
3776,1,1.7982738,.84081304
3777,0,3.0309472,.20825556
3777,1,3.0720809,.20825556
3778,0,2.5093203,.87547201
3778,1,3.1134236,.87547201
3779,0,.097822577,.8350662
3779,1,1.0858258,.8350662
3780,0,2.0650625,0
3780,1,1.477784,0
3781,0,2.0364714,0
3781,1,2.2106555,0
3782,0,3.5224128,.85258412
3782,1,3.6726096,.85258412
3783,0,3.0704243,.88889247
3783,1,3.2600789,.88889247
3784,0,2.2180016,.04757268
3784,1,2.1685865,.04757268
3785,0,.36099505,0
3785,1,.50722271,0
3786,0,.77186054,0
3786,1,.9404695,0
3787,0,3.5637467,.97468174
3787,1,3.9192185,.97468174
3788,0,1.8927275,.33851349
3788,1,2.5039985,.33851349
3789,0,.32252729,.22334315
3789,1,1.3050653,.22334315
3790,0,3.8224437,0
3790,1,3.2996936,0
3791,0,1.2652271,.68281156
3791,1,1.5379332,.68281156
3792,0,3.2026691,.54385567
3792,1,3.1338129,.54385567
3793,0,2.1858568,0
3793,1,2.168324,0
3794,0,1.5362948,.52502573
3794,1,1.6571029,.52502573
3795,0,2.3314419,.77702719
3795,1,1.9640903,.77702719
3796,0,2.2038772,.1633196
3796,1,2.3590534,.1633196
3797,0,3.0243225,.10701024
3797,1,2.388454,.10701024
3798,0,1.7477858,.56818479
3798,1,1.7300537,.56818479
3799,0,2.1789942,.061210234
3799,1,3.1573844,.061210234
3800,0,.21186954,.29549801
3800,1,.55951941,.29549801
3801,0,1.752714,.45744586
3801,1,2.3766561,.45744586
3802,0,.78154838,.73090649
3802,1,1.0836396,.73090649
3803,0,.91192776,0
3803,1,1.1778401,0
3804,0,1.9874399,.43165356
3804,1,2.392808,.43165356
3805,0,1.9497777,0
3805,1,1.1116685,0
3806,0,3.0891213,.23573874
3806,1,3.851789,.23573874
3807,0,2.3015206,.080858409
3807,1,1.9924294,.080858409
3808,0,1.1429484,.77969611
3808,1,2.0296104,.77969611
3809,0,1.5112689,0
3809,1,2.2784071,0
3810,0,1.5874703,.86093378
3810,1,2.1869173,.86093378
3811,0,1.5559324,0
3811,1,1.6345146,0
3812,0,2.6442823,.99394298
3812,1,3.6621847,.99394298
3813,0,1.8756322,.6098333
3813,1,1.5798935,.6098333
3814,0,3.2680106,0
3814,1,3.3043132,0
3815,0,2.7754159,.97515619
3815,1,3.0845563,.97515619
3816,0,2.4640932,.44600892
3816,1,2.6426029,.44600892
3817,0,.74319392,.83582449
3817,1,1.8878766,.83582449
3818,0,2.3900597,.26069379
3818,1,2.3903906,.26069379
3819,0,4.0962992,.041810378
3819,1,4.1018982,.041810378
3820,0,2.5167382,.67114151
3820,1,2.864841,.67114151
3821,0,2.6004236,.40876213
3821,1,3.3225288,.40876213
3822,0,2.1127746,.91038525
3822,1,3.5125644,.91038525
3823,0,1.6696664,.90818983
3823,1,2.5795815,.90818983
3824,0,3.2937214,.73199081
3824,1,4.1982675,.73199081
3825,0,.12470111,.74893266
3825,1,.57764459,.74893266
3826,0,.99678445,.41687611
3826,1,1.2378125,.41687611
3827,0,1.301586,.154076
3827,1,1.8719567,.154076
3828,0,1.599484,.90710258
3828,1,2.3141289,.90710258
3829,0,1.9280348,.76899493
3829,1,2.5025334,.76899493
3830,0,1.5903225,.92581064
3830,1,2.238312,.92581064
3831,0,-1.2144178,.48618382
3831,1,-1.1422375,.48618382
3832,0,2.4052949,.32867759
3832,1,1.8337828,.32867759
3833,0,3.4570355,0
3833,1,3.1539025,0
3834,0,2.3666034,.012737309
3834,1,2.4505002,.012737309
3835,0,-.67943537,.013839481
3835,1,-.51075602,.013839481
3836,0,1.0858686,.18998492
3836,1,1.4277277,.18998492
3837,0,1.273488,.41456869
3837,1,1.7758554,.41456869
3838,0,1.5303819,.11495325
3838,1,2.3772583,.11495325
3839,0,.50039911,.75904822
3839,1,1.716483,.75904822
3840,0,3.1549637,.42001218
3840,1,2.9699667,.42001218
3841,0,1.976392,.52447659
3841,1,1.8348293,.52447659
3842,0,1.5070939,.10855731
3842,1,1.4797584,.10855731
3843,0,2.0416858,.97212338
3843,1,2.8091702,.97212338
3844,0,2.729003,0
3844,1,2.7857478,0
3845,0,1.2735132,0
3845,1,.88334179,0
3846,0,1.9761117,.61644632
3846,1,2.884563,.61644632
3847,0,2.2530472,.07265196
3847,1,1.8393784,.07265196
3848,0,2.7757001,.20761108
3848,1,2.8454683,.20761108
3849,0,1.6772654,.12968299
3849,1,2.2397149,.12968299
3850,0,.012497514,.84150028
3850,1,1.1437761,.84150028
3851,0,1.6534903,.78387541
3851,1,2.2615519,.78387541
3852,0,1.3255606,0
3852,1,1.2297013,0
3853,0,1.3309271,0
3853,1,1.7531885,0
3854,0,1.7599151,.28601635
3854,1,2.4299722,.28601635
3855,0,1.9976836,.029914321
3855,1,1.2633798,.029914321
3856,0,2.5612006,.5633598
3856,1,2.79668,.5633598
3857,0,3.6032801,.72961569
3857,1,3.5515883,.72961569
3858,0,2.0401101,.84402907
3858,1,1.9376329,.84402907
3859,0,1.5537417,0
3859,1,1.6636248,0
3860,0,1.2602872,.81210268
3860,1,1.2136003,.81210268
3861,0,2.0630722,.21202432
3861,1,2.1466327,.21202432
3862,0,3.4170105,0
3862,1,4.2298012,0
3863,0,1.8396654,0
3863,1,.95374584,0
3864,0,1.6733422,0
3864,1,1.1614759,0
3865,0,.57490468,0
3865,1,.82733113,0
3866,0,2.6566479,.22359037
3866,1,2.8107252,.22359037
3867,0,2.3158116,.65847045
3867,1,2.1325855,.65847045
3868,0,2.1510313,.529374
3868,1,2.8514984,.529374
3869,0,.77199185,.12843777
3869,1,.98496276,.12843777
3870,0,1.8584571,0
3870,1,1.2258012,0
3871,0,3.6002901,.7602784
3871,1,4.5221252,.7602784
3872,0,2.0691087,.6102556
3872,1,2.3775461,.6102556
3873,0,1.4772061,0
3873,1,2.0250173,0
3874,0,1.9259288,.53662574
3874,1,2.9365349,.53662574
3875,0,1.4388919,.70624328
3875,1,1.756821,.70624328
3876,0,1.8003781,0
3876,1,1.6010151,0
3877,0,.38961428,.20154507
3877,1,1.0235995,.20154507
3878,0,.20294482,.3489655
3878,1,.63036722,.3489655
3879,0,.84280312,.32553083
3879,1,.69187886,.32553083
3880,0,2.0067654,.80532634
3880,1,2.6927276,.80532634
3881,0,2.0700271,.89782965
3881,1,2.2415414,.89782965
3882,0,2.3750582,.58959049
3882,1,3.2734933,.58959049
3883,0,1.8727574,.78259546
3883,1,1.9025861,.78259546
3884,0,.9453463,.64179558
3884,1,1.7773108,.64179558
3885,0,1.1455472,.35480753
3885,1,1.4588481,.35480753
3886,0,3.18344,0
3886,1,3.450032,0
3887,0,.48675573,.16310751
3887,1,.57025635,.16310751
3888,0,2.8590224,.32962063
3888,1,3.2046754,.32962063
3889,0,3.1168232,.60571373
3889,1,2.9335747,.60571373
3890,0,3.4088089,0
3890,1,2.6057136,0
3891,0,.8401987,.95725828
3891,1,1.548895,.95725828
3892,0,-.45964363,.59420043
3892,1,-.068453163,.59420043
3893,0,.023460522,.62943929
3893,1,.25000906,.62943929
3894,0,1.3316385,.39140496
3894,1,2.279006,.39140496
3895,0,2.3754213,.29191107
3895,1,2.6352959,.29191107
3896,0,2.7453985,.4600358
3896,1,3.188154,.4600358
3897,0,.80899674,.66373801
3897,1,1.7181828,.66373801
3898,0,2.4643636,.19837917
3898,1,3.1699691,.19837917
3899,0,2.3203769,.45412475
3899,1,2.3318665,.45412475
3900,0,3.7377515,0
3900,1,3.4248757,0
3901,0,1.6990888,0
3901,1,1.5705115,0
3902,0,.88514876,.41355217
3902,1,1.0937327,.41355217
3903,0,.76642764,.60628331
3903,1,.64154434,.60628331
3904,0,2.7132232,.11250725
3904,1,2.5123587,.11250725
3905,0,2.8246994,.65669131
3905,1,3.0575845,.65669131
3906,0,3.2507954,.64718121
3906,1,3.3576524,.64718121
3907,0,.62103415,0
3907,1,.83819818,0
3908,0,2.8758588,0
3908,1,2.6921206,0
3909,0,2.6574693,.32192537
3909,1,2.9917257,.32192537
3910,0,3.1512108,.67019212
3910,1,3.7872601,.67019212
3911,0,2.1911211,.58456439
3911,1,1.7890676,.58456439
3912,0,.41682622,.88889289
3912,1,.86390764,.88889289
3913,0,.59150648,.7118054
3913,1,1.232951,.7118054
3914,0,2.4156923,0
3914,1,2.9982541,0
3915,0,1.3336403,.29802847
3915,1,1.6418513,.29802847
3916,0,1.670517,.76326025
3916,1,2.3539588,.76326025
3917,0,.86990613,.70925492
3917,1,2.399754,.70925492
3918,0,.28364941,.42093375
3918,1,1.2678905,.42093375
3919,0,1.8983641,0
3919,1,2.5362961,0
3920,0,.55229843,0
3920,1,1.1576461,0
3921,0,1.7651802,.83277869
3921,1,2.7783997,.83277869
3922,0,2.3956687,.82918668
3922,1,3.0896041,.82918668
3923,0,3.395159,.8859365
3923,1,3.8204467,.8859365
3924,0,3.0604827,.90132064
3924,1,3.5281439,.90132064
3925,0,1.4467124,0
3925,1,1.376022,0
3926,0,2.6847985,.89558572
3926,1,2.8820992,.89558572
3927,0,1.5378668,.81881255
3927,1,1.9396083,.81881255
3928,0,2.0676908,0
3928,1,2.6495423,0
3929,0,3.8190112,0
3929,1,3.7991252,0
3930,0,1.356439,0
3930,1,1.3466374,0
3931,0,2.6224775,.075946502
3931,1,1.8798068,.075946502
3932,0,2.3186717,.16556913
3932,1,2.466347,.16556913
3933,0,2.0791137,.68060452
3933,1,2.7323923,.68060452
3934,0,1.175266,.21947972
3934,1,2.5909262,.21947972
3935,0,1.752562,.96769017
3935,1,3.2263179,.96769017
3936,0,1.7137644,.047072124
3936,1,1.7845651,.047072124
3937,0,4.3328786,.79687876
3937,1,3.6886723,.79687876
3938,0,1.6963062,0
3938,1,2.5272024,0
3939,0,.3128258,.26302114
3939,1,.76274669,.26302114
3940,0,2.4525001,.20622586
3940,1,3.0392458,.20622586
3941,0,1.6642134,.35692036
3941,1,2.1043341,.35692036
3942,0,4.9467454,.2783201
3942,1,4.7595282,.2783201
3943,0,1.2712009,0
3943,1,1.2719852,0
3944,0,1.1620567,0
3944,1,1.2196012,0
3945,0,2.0311344,.15937261
3945,1,.93287402,.15937261
3946,0,2.2315471,0
3946,1,1.9191172,0
3947,0,2.8682585,0
3947,1,2.4991422,0
3948,0,3.4283428,.012057662
3948,1,3.4972012,.012057662
3949,0,2.5262165,.53073651
3949,1,2.41466,.53073651
3950,0,1.7863485,.68243986
3950,1,1.6457417,.68243986
3951,0,2.9154606,0
3951,1,3.2516272,0
3952,0,2.7805879,.84627432
3952,1,2.6042874,.84627432
3953,0,4.2349176,0
3953,1,4.7536964,0
3954,0,2.3279727,0
3954,1,2.0346422,0
3955,0,2.657335,.5332098
3955,1,2.1292374,.5332098
3956,0,2.7302225,.73113698
3956,1,3.1448212,.73113698
3957,0,2.5706589,.6483866
3957,1,3.4016736,.6483866
3958,0,.62289166,.5708726
3958,1,1.0578356,.5708726
3959,0,-.16247177,.46249706
3959,1,-.57287127,.46249706
3960,0,2.3041873,.27957824
3960,1,2.6111951,.27957824
3961,0,1.9070491,.38853982
3961,1,2.034168,.38853982
3962,0,3.0424736,.025064666
3962,1,2.7046764,.025064666
3963,0,2.0149717,.54205739
3963,1,1.8700594,.54205739
3964,0,4.1605186,.75253773
3964,1,3.7666054,.75253773
3965,0,.58222723,0
3965,1,.43497717,0
3966,0,1.5335497,.24039775
3966,1,2.1210968,.24039775
3967,0,.46810186,.35073712
3967,1,1.0420159,.35073712
3968,0,2.2648993,0
3968,1,1.6350667,0
3969,0,1.465844,.098449208
3969,1,.6307438,.098449208
3970,0,-.17343964,.61045957
3970,1,.44809982,.61045957
3971,0,1.0422745,.66947764
3971,1,2.3708169,.66947764
3972,0,3.7703092,.617661
3972,1,3.5461333,.617661
3973,0,.54536343,.18665586
3973,1,.97667712,.18665586
3974,0,3.6496096,0
3974,1,2.9157472,0
3975,0,2.7527971,.37769109
3975,1,3.5068631,.37769109
3976,0,3.552062,0
3976,1,3.5573404,0
3977,0,2.0213275,.21102627
3977,1,1.8953357,.21102627
3978,0,2.6291835,.73555487
3978,1,2.7473471,.73555487
3979,0,-.18535192,.21945481
3979,1,.20660803,.21945481
3980,0,3.5386968,.32421395
3980,1,3.9438078,.32421395
3981,0,2.2846,0
3981,1,2.5387464,0
3982,0,3.2186508,0
3982,1,3.7401147,0
3983,0,.7592001,.41813549
3983,1,.81498986,.41813549
3984,0,1.6267738,.33276522
3984,1,1.6560034,.33276522
3985,0,1.9530983,.41889161
3985,1,1.6328815,.41889161
3986,0,1.1126519,0
3986,1,1.5473921,0
3987,0,4.6247764,.044920094
3987,1,4.4444003,.044920094
3988,0,1.4029741,0
3988,1,1.5850073,0
3989,0,3.4232032,.090385176
3989,1,2.9425099,.090385176
3990,0,1.165918,.022655301
3990,1,1.3094299,.022655301
3991,0,2.6850152,0
3991,1,2.5708861,0
3992,0,1.7215998,.42349026
3992,1,2.4627097,.42349026
3993,0,1.0720739,.45349509
3993,1,1.4629737,.45349509
3994,0,.32189155,0
3994,1,.41144228,0
3995,0,2.4293282,0
3995,1,2.8219962,0
3996,0,.61413789,.95647717
3996,1,.8702333,.95647717
3997,0,1.7411082,.12369641
3997,1,1.6885794,.12369641
3998,0,1.7105051,0
3998,1,1.9559988,0
3999,0,1.6684029,.29814667
3999,1,1.4218059,.29814667
4000,0,2.6050889,.97828138
4000,1,3.4108119,.97828138
